"additionalOpeningHours/Access/0/day","additionalOpeningHours/Access/0/hours","additionalOpeningHours/Access/1/day","additionalOpeningHours/Access/1/hours","additionalOpeningHours/Access/2/day","additionalOpeningHours/Access/2/hours","additionalOpeningHours/Access/3/day","additionalOpeningHours/Access/3/hours","additionalOpeningHours/Access/4/day","additionalOpeningHours/Access/4/hours","additionalOpeningHours/Access/5/day","additionalOpeningHours/Access/5/hours","additionalOpeningHours/Access/6/day","additionalOpeningHours/Access/6/hours","additionalOpeningHours/Online service hours/0/day","additionalOpeningHours/Online service hours/0/hours","additionalOpeningHours/Online service hours/1/day","additionalOpeningHours/Online service hours/1/hours","additionalOpeningHours/Online service hours/2/day","additionalOpeningHours/Online service hours/2/hours","additionalOpeningHours/Online service hours/3/day","additionalOpeningHours/Online service hours/3/hours","additionalOpeningHours/Online service hours/4/day","additionalOpeningHours/Online service hours/4/hours","additionalOpeningHours/Online service hours/5/day","additionalOpeningHours/Online service hours/5/hours","additionalOpeningHours/Online service hours/6/day","additionalOpeningHours/Online service hours/6/hours","address","businessProfileId","categories/0","categories/1","categories/2","categories/3","categories/4","categories/5","categories/6","categories/7","categories/8","categories/9","categoryName","checkInDate","checkOutDate","cid","city","countryCode","description","googleFoodUrl","imageUrl","kgmid","language","locatedIn","location/lat","location/lng","menu","neighborhood","openingHours/0/day","openingHours/0/hours","openingHours/1/day","openingHours/1/hours","openingHours/2/day","openingHours/2/hours","openingHours/3/day","openingHours/3/hours","openingHours/4/day","openingHours/4/hours","openingHours/5/day","openingHours/5/hours","openingHours/6/day","openingHours/6/hours","ownerDescription","permanentlyClosed","phone","phoneUnformatted","placeId","plusCode","popularTimesLivePercent","popularTimesLiveText","postalCode","price","rank","reserveTableUrl","reviewsCount","reviewsDistribution/fiveStar","reviewsDistribution/fourStar","reviewsDistribution/oneStar","reviewsDistribution/threeStar","reviewsDistribution/twoStar","scrapedAt","searchPageUrl","searchString","servicesLink","state","street","subTitle","temporarilyClosed","title","totalScore","url","wasOpenAtScrapeTime","website"
,,,,,,,,,,,,,,,,,,,,,,,,,,,,"2850 Tigertail Ave Ste 400, Miami, FL 33133","8083661299825988381","Criminal justice attorney","Law firm","Attorney","Legal services","Trial attorney",,,,,,"Criminal justice attorney",,,"6518525423104774643","Miami","US",,,"https://lh3.googleusercontent.com/gps-cs-s/AHRPTWmlL_F6Vwb7BBHC2Ct5u4QuEnsMdsahG8C5TQJgNNRt3xHtgvCp6gQU5Drcctbb0uifU06vMPOY9YIZjdvNwZBBZSdQTlJlkBCO_ausHO68Gfz_0wXfJp27OAr65T_BqJodcTejoMeVW2Qv=w408-h296-k-no","/g/1q5bnm9rf","en",,"25.7300968","-80.2389712",,"Coconut Grove","Monday","Open 24 hours","Tuesday","Open 24 hours","Wednesday","Open 24 hours","Thursday","Open 24 hours","Friday","Open 24 hours","Saturday","Open 24 hours","Sunday","Open 24 hours",,"false","(305) 600-3519","+13056003519","ChIJEwZ8zoC22YgR81GD71V0dlo",,,,"33133",,"8",,"53","52","0","1","0","0","2026-10-05T10:21:11.154Z","https://www.google.com/maps/search/criminal%20defense%20attorney/@25.187501437621997,-80.59507530322269,12z?hl=en","criminal defense attorney",,"Florida","2850 Tigertail Ave Ste 400",,"false","Ratzan & Faccidomo LLC - Miami Criminal Lawyer","4.9","https://www.google.com/maps/search/?api=1&query=Ratzan%20%26%20Faccidomo%20LLC%20-%20Miami%20Criminal%20Lawyer&query_place_id=ChIJEwZ8zoC22YgR81GD71V0dlo","true","https://www.rflawgroup.com/"
,,,,,,,,,,,,,,,,,,,,,,,,,,,,"6815 SW 70th Ave, Miami, FL 33143","11825507271457513126","Criminal justice attorney","Law firm","Attorney","Legal services",,,,,,,"Criminal justice attorney",,,"1097747961640911628","Miami","US",,,"https://lh3.googleusercontent.com/gps-cs-s/AHRPTWlVnuZwnT1E8LcD63Mc8JpO-EmpDMmpuaHxUXNZIlm219GrMuu6091dEfetYk8qK9LlJnGHL7VBmGDrJ4BxEqBbGXDYSiUNzTQFE8DVf4XhgbGbDoAVptn7PVv7-8zhOJ3oCqPzy15DeNYb=w408-h544-k-no","/g/11xkr68h1v","en",,"25.7066025","-80.3071615",,,"Monday","Open 24 hours","Tuesday","Open 24 hours","Wednesday","Open 24 hours","Thursday","Open 24 hours","Friday","Open 24 hours","Saturday","Open 24 hours","Sunday","Open 24 hours",,"false","(305) 764-4413","+13057644413","ChIJp3HvRrjH2YgRDAOEevT7Ow8",,,,"33143",,"9",,"167","167","0","0","0","0","2026-10-05T10:21:11.154Z","https://www.google.com/maps/search/criminal%20defense%20attorney/@25.187501437621997,-80.59507530322269,12z?hl=en","criminal defense attorney",,"Florida","6815 SW 70th Ave",,"false","Julio Cesar Torrente Defense P.A.","5","https://www.google.com/maps/search/?api=1&query=Julio%20Cesar%20Torrente%20Defense%20P.A.&query_place_id=ChIJp3HvRrjH2YgRDAOEevT7Ow8","true","https://torrentedefense.com/"
,,,,,,,,,,,,,,,,,,,,,,,,,,,,"14221 SW 120th St #231, Miami, FL 33186","4031994771856683291","Criminal justice attorney","General practice attorney","Law firm","Legal services","Trial attorney",,,,,,"Criminal justice attorney",,,"3412616309972224602","Miami","US",,,"https://lh3.googleusercontent.com/gps-cs-s/AHRPTWmcKHqQ_E5JuC6qGYUabonhDDPimwNIae2EUyibTXpVNZzgNP8dneJRpGvmmCntVCdOVcZuHfbU0qY-5WR2DH130k66L_LmdVV29voIsrtEs1mxldsTVA5KL9i7R0VryLX8zVCI4MH-kAEE=w408-h292-k-no","/g/11hy9nmz01","en",,"25.6570687","-80.4243936",,"West End","Monday","Open 24 hours","Tuesday","Open 24 hours","Wednesday","Open 24 hours","Thursday","Open 24 hours","Friday","Open 24 hours","Saturday","Open 24 hours","Sunday","Open 24 hours",,"false","(305) 576-0244","+13055760244","ChIJ10QgjzLH2YgRWkqZ_nMMXC8",,,,"33186",,"10",,"254","248","2","3","1","0","2026-10-05T10:21:11.154Z","https://www.google.com/maps/search/criminal%20defense%20attorney/@25.187501437621997,-80.59507530322269,12z?hl=en","criminal defense attorney",,"Florida","14221 SW 120th St #231",,"false","Galanter Law, P.A.","4.9","https://www.google.com/maps/search/?api=1&query=Galanter%20Law%2C%20P.A.&query_place_id=ChIJ10QgjzLH2YgRWkqZ_nMMXC8","true","https://galanterlaw.com/?utm_source=google&utm_medium=organic&utm_campaign=gbp"
,,,,,,,,,,,,,,,,,,,,,,,,,,,,"4040 NE 2nd Ave Ste 329a, Miami, FL 33137","7585547774328473423","Criminal justice attorney",,,,,,,,,,"Criminal justice attorney",,,"12075718800051060848","Miami","US",,,"https://lh3.googleusercontent.com/gps-cs-s/AHRPTWlMF-Hu3FR81yKXhrmT95aJuaO5DfMECS1N7TNOs7Y6OFjDrEESM_vZxG82p4aNA_9B3rvAs4NdeEM2MmuV0jKk-lzVtVxHwjUp8_2e7eQW_Y6y_qlKyki60cEH3sW22bF9Kkfa0gVEE7DN=w408-h306-k-no","/g/11z5vdv1wp","en",,"25.8136782","-80.1915637",,"Miami Design District","Monday","Open 24 hours","Tuesday","Open 24 hours","Wednesday","Open 24 hours","Thursday","Open 24 hours","Friday","Open 24 hours","Saturday","Open 24 hours","Sunday","Open 24 hours",,"false","(305) 977-4529","+13059774529","ChIJ-6GnXGKx2YgRcMCMzESSlac",,,,"33137",,"12",,"42","42","0","0","0","0","2026-10-05T10:21:11.155Z","https://www.google.com/maps/search/criminal%20defense%20attorney/@25.187501437621997,-80.59507530322269,12z?hl=en","criminal defense attorney",,"Florida","4040 NE 2nd Ave Ste 329a",,"false","Sex Crimes Lawyer Miami","5","https://www.google.com/maps/search/?api=1&query=Sex%20Crimes%20Lawyer%20Miami&query_place_id=ChIJ-6GnXGKx2YgRcMCMzESSlac","true","https://sexcrimeslawyermiami.com/"
,,,,,,,,,,,,,,,,,,,,,,,,,,,,"420 NW 27th Ave a, Miami, FL 33125","6026236599654058594","Criminal justice attorney","Law firm","Attorney","Legal services",,,,,,,"Criminal justice attorney",,,"16284423624372970577","Miami","US",,,"https://lh3.googleusercontent.com/gps-cs-s/AHRPTWk-CzgY_ZCsOuSqPg2fgVmvyl6TPgYaeVpvfEyViwBXnp1Q8BE-k3_8P980soTb-ElhpUP6thes0TkcjddcvOanQ42gDEkS22bdK1oR4bmv_jlKCdWdlLgMWurIWSqebOb_YxM=w408-h306-k-no","/g/11by_ysjyq","en",,"25.7766914","-80.2394903",,"West Flagler","Monday","Open 24 hours","Tuesday","Open 24 hours","Wednesday","Open 24 hours","Thursday","Open 24 hours","Friday","Open 24 hours","Saturday","Open 24 hours","Sunday","Open 24 hours",,"false","(786) 408-7840","+17864087840","ChIJz6QExBu32YgRUeS6_gHl_eE",,,,"33125",,"13",,"360","324","15","15","4","2","2026-10-05T10:21:11.155Z","https://www.google.com/maps/search/criminal%20defense%20attorney/@25.187501437621997,-80.59507530322269,12z?hl=en","criminal defense attorney",,"Florida","420 NW 27th Ave a",,"false","Florida DUI Lawyer","4.8","https://www.google.com/maps/search/?api=1&query=Florida%20DUI%20Lawyer&query_place_id=ChIJz6QExBu32YgRUeS6_gHl_eE","true",
,,,,,,,,,,,,,,,,,,,,,,,,,,,,"2298 S Dixie Hwy Suite B, Miami, FL 33133","18304453761361779479","Law firm",,,,,,,,,,"Law firm",,,"16320937296538356339","Miami","US",,,"https://lh3.googleusercontent.com/gps-cs-s/AHRPTWloKMzOztJlIjegUzvOtxty1zoO5STpsxJxMHEZKMDD1ydhKumt434ii10wuzQkCNk54pZawo60HOSlRD4qoENGXfiw6JfJ5SGFMSLg-1Olv-kcxlk0Lt9d8SoSm44jZGj_JwEDiyWLe9I=w1024-h240-k-no","/g/11txhw8gys","en",,"25.7419457","-80.2316168",,"Coconut Grove","Monday","Open 24 hours","Tuesday","Open 24 hours","Wednesday","Open 24 hours","Thursday","Open 24 hours","Friday","Open 24 hours","Saturday","Open 24 hours","Sunday","Open 24 hours",,"false","(800) 625-5232","+18006255232","ChIJqZa5Ldm32YgRc8qXyf-df-I",,,,"33133",,"14",,"202","198","2","2","0","0","2026-10-05T10:21:11.155Z","https://www.google.com/maps/search/criminal%20defense%20attorney/@25.187501437621997,-80.59507530322269,12z?hl=en","criminal defense attorney",,"Florida","2298 S Dixie Hwy Suite B",,"false","Florida DUI Lawyer","5","https://www.google.com/maps/search/?api=1&query=Florida%20DUI%20Lawyer&query_place_id=ChIJqZa5Ldm32YgRc8qXyf-df-I","true","https://www.floridaduilawyer.net/locations/miami-dui-lawyer/"
,,,,,,,,,,,,,,,,,,,,,,,,,,,,"6175 NW 153rd St Ste 209, Miami Lakes, FL 33014","10030772076067416609","Criminal justice attorney",,,,,,,,,,"Criminal justice attorney",,,"18167823180706270474","Miami Lakes","US",,,"https://lh3.googleusercontent.com/gps-cs-s/AHRPTWnLSDoj_PB-v7gsjkbtsqq_TNtE9zdLEhx8PvNWVW1E3Kn0J7s6PP_bTtOGug7DFxO_dFBOv3mWVOx5JfEhA42eTM1AODYn8IUcjB-QGU2OE3Mh3Lz7ZxGyQXK6_69oyQU7sgdxGuHgGRGo=w408-h454-k-no","/g/1tdx0bh7","en",,"25.9129028","-80.3009719",,,"Monday","Open 24 hours","Tuesday","Open 24 hours","Wednesday","Open 24 hours","Thursday","Open 24 hours","Friday","Open 24 hours","Saturday","Open 24 hours","Sunday","Open 24 hours",,"false","(305) 403-7323","+13054037323","ChIJLwvZXDal2YgRCs0a9OwSIfw",,,,"33014",,"15",,"59","53","1","5","0","0","2026-10-05T10:21:11.155Z","https://www.google.com/maps/search/criminal%20defense%20attorney/@25.187501437621997,-80.59507530322269,12z?hl=en","criminal defense attorney",,"Florida","6175 NW 153rd St Ste 209",,"false","Law Office of Nayib Hassan, P.A. - Miami Federal Criminal Defense Lawyer","4.6","https://www.google.com/maps/search/?api=1&query=Law%20Office%20of%20Nayib%20Hassan%2C%20P.A.%20-%20Miami%20Federal%20Criminal%20Defense%20Lawyer&query_place_id=ChIJLwvZXDal2YgRCs0a9OwSIfw","true","https://nhassanlaw.com/"
,,,,,,,,,,,,,,,,,,,,,,,,,,,,"9700 S Dixie Hwy Ste 600, Miami, FL 33156","2727235723676248153","Criminal justice attorney",,,,,,,,,,"Criminal justice attorney",,,"16317010123331268747","Miami","US",,,"https://lh3.googleusercontent.com/gps-cs-s/AHRPTWliTwyU6PN_e0_Q4GE9OOYZqToPQPa4NPwqLqrAOW1nLJAaYRg3v4ES0Hkbku7c9mYA25YeZOkXOpOynEPvzFkjgtBCvBgL0_Lvub6i96u1OrNxzFF9SVGlEBOnY4dpxePAl7E=w408-h306-k-no","/g/11fk0bglhq","en",,"25.6805328","-80.3168592",,,"Monday","Open 24 hours","Tuesday","Open 24 hours","Wednesday","Open 24 hours","Thursday","Open 24 hours","Friday","Open 24 hours","Saturday","10 AM to 5 PM","Sunday","10 AM to 5 PM",,"false","(786) 687-5174","+17866875174","ChIJic_AQG3H2YgRi_CchUGqceI",,,,"33156",,"17",,"108","105","1","2","0","0","2026-10-05T10:21:11.155Z","https://www.google.com/maps/search/criminal%20defense%20attorney/@25.187501437621997,-80.59507530322269,12z?hl=en","criminal defense attorney",,"Florida","9700 S Dixie Hwy Ste 600",,"false","Law Offices of Orlando Rodriguez P.A.","4.9","https://www.google.com/maps/search/?api=1&query=Law%20Offices%20of%20Orlando%20Rodriguez%20P.A.&query_place_id=ChIJic_AQG3H2YgRi_CchUGqceI","true","https://orlandorodriguezpa.com/"
,,,,,,,,,,,,,,,,,,,,,,,,,,,,"Two Datran Center, 9130 S Dadeland Blvd #1910, Miami, FL 33156","4783294097194284361","Criminal justice attorney","Law firm","Attorney","Legal services",,,,,,,"Criminal justice attorney",,,"18239010822298622715","Miami","US",,,"https://lh3.googleusercontent.com/gps-cs-s/AHRPTWlbWCY1rZJm08DP9dYj_V4Q6eGEsUEDWxbP8d1jsqWVFG7o1xcP-j3eP602PzAnqAYXppBn4DHn9aFfDP9u9gis640xTsi8KuVxFHBBQJQDUAZxu609ddGApG_piLg2CQCrMuN6=w408-h272-k-no","/g/1tmg7c1s","en",,"25.6849575","-80.3144677",,,"Monday","Open 24 hours","Tuesday","Open 24 hours","Wednesday","Open 24 hours","Thursday","Open 24 hours","Friday","Open 24 hours","Saturday","Open 24 hours","Sunday","Open 24 hours",,"false","(305) 670-9919","+13056709919","ChIJuVuNtqXH2YgR-1qdXbX7Hf0",,,,"33156",,"18",,"269","259","1","9","0","0","2026-10-05T10:21:11.155Z","https://www.google.com/maps/search/criminal%20defense%20attorney/@25.187501437621997,-80.59507530322269,12z?hl=en","criminal defense attorney",,"Florida","Two Datran Center, 9130 S Dadeland Blvd #1910",,"false","Jeffrey S. Weiner, P.A.","4.9","https://www.google.com/maps/search/?api=1&query=Jeffrey%20S.%20Weiner%2C%20P.A.&query_place_id=ChIJuVuNtqXH2YgR-1qdXbX7Hf0","true","https://www.jeffweiner.com/?utm_source=gmb&utm_medium=organic&utm_content=listing&utm_campaign=local"
,,,,,,,,,,,,,,,,,,,,,,,,,,,,"9990 Southwest 77th Avenue Penthouse #3, Miami, FL 33156","12984306115425325853","Attorney","Bail bonds service","Consultant","Legal services","Notary public",,,,,,"Attorney",,,"12636054588779898333","Miami","US",,,"https://streetviewpixels-pa.googleapis.com/v1/thumbnail?panoid=h1W0_AxxqeeQg9kJyBT5qg&cb_client=search.gws-prod.gps&w=408&h=240&yaw=283.97925&pitch=0&thumbfov=100","/g/1vfzfzk4","en",,"25.6779078","-80.3194392",,,"Monday","Open 24 hours","Tuesday","Open 24 hours","Wednesday","Open 24 hours","Thursday","Open 24 hours","Friday","Open 24 hours","Saturday","Open 24 hours","Sunday","Open 24 hours",,"false","(305) 661-7000","+13056617000","ChIJi_EjhqnH2YgR3aWrJrNIXK8",,,,"33156",,"19",,"233","231","0","2","0","0","2026-10-05T10:21:11.155Z","https://www.google.com/maps/search/criminal%20defense%20attorney/@25.187501437621997,-80.59507530322269,12z?hl=en","criminal defense attorney",,"FL","9990 Southwest 77th Avenue Penthouse #3",,"false","Law Offices of Joseph M Dobkin","5","https://www.google.com/maps/search/?api=1&query=Law%20Offices%20of%20Joseph%20M%20Dobkin&query_place_id=ChIJi_EjhqnH2YgR3aWrJrNIXK8","true","http://www.dobkinlaw.com/"
,,,,,,,,,,,,,,,,,,,,,,,,,,,,"1815 NW 7th St, Miami, FL 33125","3977392109125567295","Criminal justice attorney","Law firm","Attorney","Legal services","Trial attorney",,,,,,"Criminal justice attorney",,,"10330975633013558801","Miami","US",,,"https://lh3.googleusercontent.com/grass-cs/ACvplmOleKITsA22BQDltdGEF1xQnO0WdMRoncY3hNcQDejaQrv5Vjsw8bwnQPJ51KJJY73GqSHkpSFPEytiuCrO7cvshzZlEj7y_VYPog2flMvkOjTmAjTREBi7eAVnYF28GZd-nMHX=w408-h306-k-no","/g/1tdk1d38","en",,"25.7800571","-80.2249698",,"Little Havana","Monday","Open 24 hours","Tuesday","Open 24 hours","Wednesday","Open 24 hours","Thursday","Open 24 hours","Friday","Open 24 hours","Saturday","Open 24 hours","Sunday","Open 24 hours",,"false","(305) 644-1800","+13056441800","ChIJce23GOe22YgREU79NJr_Xo8",,,,"33125",,"8",,"1440","1411","5","21","1","2","2026-10-05T10:21:11.839Z","https://www.google.com/maps/search/criminal%20defense%20lawyer/@25.187501437621997,-80.59507530322269,12z?hl=en","criminal defense lawyer",,"Florida","1815 NW 7th St",,"false","Albert Quirantes, Esq. Criminal DUI & Ticket Lawyers","4.9","https://www.google.com/maps/search/?api=1&query=Albert%20Quirantes%2C%20Esq.%20Criminal%20DUI%20%26%20Ticket%20Lawyers&query_place_id=ChIJce23GOe22YgREU79NJr_Xo8","true","https://www.criminaldefendant.com/"
,,,,,,,,,,,,,,,,,,,,,,,,,,,,"2100 Coral Wy 2nd floor, Miami, FL 33145",,"Criminal justice attorney",,,,,,,,,,"Criminal justice attorney",,,"9824894946105859004","Miami","US",,,"https://streetviewpixels-pa.googleapis.com/v1/thumbnail?panoid=ROQ1L9smdJXphSFC0Z06lw&cb_client=search.gws-prod.grass&w=408&h=240&yaw=187.24718&pitch=0&thumbfov=100","/g/11vd3r1x4c","en",,"25.7503946","-80.2284612",,"Coral Way","Monday","8 AM to 6 PM","Tuesday","8 AM to 6 PM","Wednesday","8 AM to 6 PM","Thursday","8 AM to 6 PM","Friday","9 AM to 6 PM","Saturday","8 AM to 6 PM","Sunday","8 AM to 6 PM",,"false","(786) 882-0429","+17868820429","ChIJ2xJcDVIHskwRvJsrIuYJWYg",,,,"33145",,"9",,"49","49","0","0","0","0","2026-10-05T10:21:11.839Z","https://www.google.com/maps/search/criminal%20defense%20lawyer/@25.187501437621997,-80.59507530322269,12z?hl=en","criminal defense lawyer",,"Florida","2100 Coral Wy 2nd floor",,"false","Platinum Criminal Defense Law Firm","5","https://www.google.com/maps/search/?api=1&query=Platinum%20Criminal%20Defense%20Law%20Firm&query_place_id=ChIJ2xJcDVIHskwRvJsrIuYJWYg","false","https://criminallawyerusa.com/florida/miami"
,,,,,,,,,,,,,,,,,,,,,,,,,,,,"66 W Flagler St, Miami, FL 33130","8294857244258404947","Criminal justice attorney",,,,,,,,,,"Criminal justice attorney",,,"14806271113008571804","Miami","US",,,"https://lh3.googleusercontent.com/grass-cs/ACvplmPnVVnVv_kh-QdKIHSaQRxfivWY8OHBw-ei5f3YFwkFgpIwbA5Zr-sOjJTHWJKf-PsNgIou96Ac-M6TO5zFfof3G5ZFoGI2uxb362Imw_AWnoSZzlZamFk7p35ZEgAxnE2-H_3a=w408-h408-k-no","/g/11h3cx0xp_","en",,"25.7738471","-80.194952",,"Government Center","Monday","Open 24 hours","Tuesday","Open 24 hours","Wednesday","Open 24 hours","Thursday","Open 24 hours","Friday","Open 24 hours","Saturday","Open 24 hours","Sunday","Open 24 hours",,"false","(305) 615-1285","+13056151285","ChIJ4T7qTMm32YgRnOUAWyFxes0",,,,"33130",,"10",,"342","339","1","0","1","1","2026-10-05T10:21:11.839Z","https://www.google.com/maps/search/criminal%20defense%20lawyer/@25.187501437621997,-80.59507530322269,12z?hl=en","criminal defense lawyer",,"Florida","66 W Flagler St",,"false","Stroleny Law: Criminal Defense Attorney","5","https://www.google.com/maps/search/?api=1&query=Stroleny%20Law%3A%20Criminal%20Defense%20Attorney&query_place_id=ChIJ4T7qTMm32YgRnOUAWyFxes0","true","https://strolenylaw.com/?utm_source=google&utm_medium=organic&utm_campaign=GBP_Miami"
,,,,,,,,,,,,,,,,,,,,,,,,,,,,"100 SE 2nd St Ste 2000 #25, Miami, FL 33131","17665201833555500579","Criminal justice attorney","Civil law attorney","Family law attorney","Immigration attorney","Law firm","Attorney","Personal injury attorney","Trial attorney",,,"Criminal justice attorney",,,"11383106805736670304","Miami","US",,,"https://lh3.googleusercontent.com/grass-cs/ACvplmMSkjp9kIi94TNuZKdQNXRjk5nPZpFQ4PGOiWPGSwjNFK_BF6MUNFsRVm9Aj_FV31D-VjioxbueRToIvL52wYVzrMewXq2fzzcOOJpmuHZYd1uHnO-i7P3Mt-B7B0bdm8voFbLmxAOdOqxM=w408-h408-k-no","/g/11smdlwhm3","en",,"25.7720848","-80.1912988",,"Downtown Miami","Monday","Open 24 hours","Tuesday","Open 24 hours","Wednesday","Open 24 hours","Thursday","Open 24 hours","Friday","Open 24 hours","Saturday","Open 24 hours","Sunday","Open 24 hours",,"false","(786) 321-8557","+17863218557","ChIJZ-k00CC32YgRYAREXFTr-J0",,,,"33131",,"13",,"73","62","0","10","0","1","2026-10-05T10:21:11.840Z","https://www.google.com/maps/search/criminal%20defense%20lawyer/@25.187501437621997,-80.59507530322269,12z?hl=en","criminal defense lawyer",,"Florida","100 SE 2nd St Ste 2000 #25",,"false","Smith & Eulo Law Firm: Criminal Defense Lawyers","4.4","https://www.google.com/maps/search/?api=1&query=Smith%20%26%20Eulo%20Law%20Firm%3A%20Criminal%20Defense%20Lawyers&query_place_id=ChIJZ-k00CC32YgRYAREXFTr-J0","true","https://www.smithandeulo.com/criminal-defense-attorneys-miami-fl/?utm_source=google&utm_medium=gmb&utm_campaign=mia"
,,,,,,,,,,,,,,,,,,,,,,,,,,,,"8950 SW 74th Ct Suite 2201, Miami, FL 33156","3884662082592793323","Criminal justice attorney","Law firm","Attorney","Legal services","Trial attorney",,,,,,"Criminal justice attorney",,,"2880886720704398617","Miami","US",,,"https://lh3.googleusercontent.com/grass-cs/ACvplmNqa4qSnNSlADgY-vW55-Eeyzbdph9WfSQN_gjFdctq0wNKrqy9fTBuLwjgt7HLz1IpD7Y0LgkqtWPAierZIeFadqP0m7bQ2ySje3UcvOPBmdSyvaoVVuTpNdfdh3-XWhFunpLFGg=w408-h272-k-no","/g/11twwb2ymf","en",,"25.6870841","-80.3157056",,,"Monday","Open 24 hours","Tuesday","Open 24 hours","Wednesday","Open 24 hours","Thursday","Open 24 hours","Friday","Open 24 hours","Saturday","Open 24 hours","Sunday","Open 24 hours",,"false","(786) 807-6412","+17868076412","ChIJTwq7WVfB2YgRGcW5eTX3-ic",,,,"33156",,"15",,"78","78","0","0","0","0","2026-10-05T10:21:11.841Z","https://www.google.com/maps/search/criminal%20defense%20lawyer/@25.187501437621997,-80.59507530322269,12z?hl=en","criminal defense lawyer",,"Florida","8950 SW 74th Ct Suite 2201",,"false","Rossen Law Firm","5","https://www.google.com/maps/search/?api=1&query=Rossen%20Law%20Firm&query_place_id=ChIJTwq7WVfB2YgRGcW5eTX3-ic","true","https://www.rossenlawfirm.com/?utm_source=googlemybusiness&utm_medium=organic&utm_campaign=gbpmiami"
,,,,,,,,,,,,,,,,,,,,,,,,,,,,"26919 S Dixie Hwy, Naranja, FL 33032","10764564924743512254","Attorney",,,,,,,,,,"Attorney",,,"16288853744792062594","Naranja","US",,,"https://lh3.googleusercontent.com/grass-cs/ACvplmPvbyWQ590nJ6D9AQFqlkV5e0ODaqgElhD9rpFgp9NRF-DIq6Dl2uqUDmY56_KxiMEN_ze6txMjZbbocSDJJA9pmyG5guCHv3JHd2xoCe2d_W3_aQDdvB-mekELc3c3NTcFS6nbCg=w408-h541-k-no","/g/1ttyxjqd","en",,"25.5165008","-80.4289175",,,"Monday","9 AM to 5 PM","Tuesday","9 AM to 5 PM","Wednesday","9 AM to 5 PM","Thursday","9 AM to 5 PM","Friday","9 AM to 5 PM","Saturday","Closed","Sunday","Closed",,"false","(305) 245-0094","+13052450094","ChIJURiFeG7d2YgRgkqfyC2iDeI",,,,"33032",,"19",,"206","196","2","6","0","2","2026-10-05T10:21:11.842Z","https://www.google.com/maps/search/criminal%20defense%20lawyer/@25.187501437621997,-80.59507530322269,12z?hl=en","criminal defense lawyer",,"Florida","26919 S Dixie Hwy",,"false","Savola's Ticket Defense Law","4.8","https://www.google.com/maps/search/?api=1&query=Savola's%20Ticket%20Defense%20Law&query_place_id=ChIJURiFeG7d2YgRgkqfyC2iDeI","false","http://www.savolalaw.net/"
,,,,,,,,,,,,,,,,,,,,,,,,,,,,"12260 SW 8th St b, Miami, FL 33184","17804668823449697269","Criminal justice attorney","Law firm","Attorney","Legal services",,,,,,,"Criminal justice attorney",,,"8486156058629238718","Miami","US",,,"https://lh3.googleusercontent.com/grass-cs/ACvplmMYRfUKoMzhiXSx4XLNkBbnyGiZcb5FHFdXUr1l1hdeMF-0uSYLuaqEPDkfGDtgEnMgqs2l_dUjF0FVUljebUYujWl_t2yyqEwq4SnwZ0ANUd37hz3wQpmVkcJNBiFvuwym4ADgQxLnbwNU=w1024-h240-k-no","/g/11c44fjrvh","en",,"25.7605892","-80.3941186",,"West End","Monday","10 AM to 4 PM","Tuesday","10 AM to 4 PM","Wednesday","10 AM to 4 PM","Thursday","10 AM to 4 PM","Friday","10 AM to 4 PM","Saturday","Closed","Sunday","Closed",,"false","(305) 370-3470","+13053703470","ChIJp3NHIxq_2YgRvu8fR_nhxHU",,,,"33184",,"6",,"337","335","2","0","0","0","2026-10-05T10:21:15.024Z","https://www.google.com/maps/search/DUI%20attorney/@25.187501437621997,-80.59507530322269,12z?hl=en","DUI attorney",,"Florida","12260 SW 8th St b",,"false","Florida DUI Lawyer - The Ticket Clinic","5","https://www.google.com/maps/search/?api=1&query=Florida%20DUI%20Lawyer%20-%20The%20Ticket%20Clinic&query_place_id=ChIJp3NHIxq_2YgRvu8fR_nhxHU","false","https://www.floridaduilawyer.net/locations/tamiami-dui-lawyer"
,,,,,,,,,,,,,,,,,,,,,,,,,,,,"1165 W 49th St a, Hialeah, FL 33012","882274554538076704","Criminal justice attorney","Law firm","Attorney","Legal services",,,,,,,"Criminal justice attorney",,,"1435459043959937088","Hialeah","US",,,"https://lh3.googleusercontent.com/grass-cs/ACvplmN4gZydanPU4YCh5nZ9c2g3F6G86LxogDljYQTaZPx5flhvA6HdxnXImETP8bew700TGSWArCMIKhv5JM86wo2XF4i8hTNe1GewB7HBHdcWFGtFFv18Iv5VFbcyy-fGsefrVZyoCcH-D0o=w1024-h240-k-no","/g/11by__tk3v","en",,"25.8671419","-80.3057991",,,"Monday","8 AM to 7 PM","Tuesday","8 AM to 7 PM","Wednesday","8 AM to 7 PM","Thursday","8 AM to 7 PM","Friday","8 AM to 7 PM","Saturday","9 AM to 4 PM","Sunday","Closed",,"false","(305) 697-4235","+13056974235","ChIJ-ckrnvG62YgRQJjaJGXG6xM",,,,"33012",,"7",,"317","310","3","1","2","1","2026-10-05T10:21:15.024Z","https://www.google.com/maps/search/DUI%20attorney/@25.187501437621997,-80.59507530322269,12z?hl=en","DUI attorney",,"Florida","1165 W 49th St a",,"false","Florida DUI Lawyer - The Ticket Clinic","5","https://www.google.com/maps/search/?api=1&query=Florida%20DUI%20Lawyer%20-%20The%20Ticket%20Clinic&query_place_id=ChIJ-ckrnvG62YgRQJjaJGXG6xM","false","https://www.floridaduilawyer.net/locations/hialeah"
,,,,,,,,,,,,,,,,,,,,,,,,,,,,"1450 NW 87th Ave Ste 208, Doral, FL 33172","5637400603868984849","Criminal justice attorney","Law firm","Attorney","Legal services",,,,,,,"Criminal justice attorney",,,"12607687416354634154","Doral","US",,,"https://lh3.googleusercontent.com/grass-cs/AABkmLdepKMo1-rJutUHoenZi5x1MNIEHWu-ojvRNKxfw9lDdynocO7-PPiWQxvdqK4wiLNcgfGvRBHfEHj1I5UdcsLEdfjmxur2DtoQsfL6wC8x8tJSQzO242PGG7zSeT-NXC329Pmy_fFaPYk=w1024-h240-k-no","/g/11dfqzkqry","en",,"25.787098","-80.3376346",,,"Monday","10 AM to 4 PM","Tuesday","10 AM to 4 PM","Wednesday","10 AM to 4 PM","Thursday","10 AM to 4 PM","Friday","10 AM to 4 PM","Saturday","Closed","Sunday","Closed",,"false","(786) 360-0650","+17863600650","ChIJqaIlgxO52YgRqvn6IuiA964",,,,"33172",,"8",,"263","260","1","2","0","0","2026-10-05T10:21:15.024Z","https://www.google.com/maps/search/DUI%20attorney/@25.187501437621997,-80.59507530322269,12z?hl=en","DUI attorney",,"Florida","1450 NW 87th Ave Ste 208",,"false","Florida DUI Lawyer - The Ticket Clinic","5","https://www.google.com/maps/search/?api=1&query=Florida%20DUI%20Lawyer%20-%20The%20Ticket%20Clinic&query_place_id=ChIJqaIlgxO52YgRqvn6IuiA964","false","https://www.floridaduilawyer.net/locations/doral"
,,,,,,,,,,,,,,,,,,,,,,,,,,,,"2420 Coral Wy, Miami, FL 33145","15452428802948436980","Criminal justice attorney","Law firm","Attorney","Legal services",,,,,,,"Criminal justice attorney",,,"9266367539565753469","Miami","US",,,"https://lh3.googleusercontent.com/grass-cs/AABkmLc11r8ZRgjab0qGLbRpzeZUYw1JIb0JSCNwXxXp1kCjKq47lt3MKL1npDCd7qjB3JdRKS7zk8mZOu7V-uZvsdJo-iDblJAmZ3ZkibTv6QV3o2VakoXyTxvjs51UVbvy9MkU8xayQA=w426-h240-k-no","/g/11h1p7q00","en",,"25.7502394","-80.2349874",,"Coral Way","Monday","Open 24 hours","Tuesday","Open 24 hours","Wednesday","Open 24 hours","Thursday","Open 24 hours","Friday","Open 24 hours","Saturday","Open 24 hours","Sunday","Open 24 hours",,"false","(305) 860-4884","+13058604884","ChIJT-IHqK232YgRffQGki7AmIA",,,,"33145",,"20",,"271","265","1","5","0","0","2026-10-05T10:21:15.024Z","https://www.google.com/maps/search/DUI%20attorney/@25.187501437621997,-80.59507530322269,12z?hl=en","DUI attorney",,"Florida","2420 Coral Wy",,"false","Beckham Law Firm","4.9","https://www.google.com/maps/search/?api=1&query=Beckham%20Law%20Firm&query_place_id=ChIJT-IHqK232YgRffQGki7AmIA","true","https://www.duimiamilawyer.com/"
,,,,,,,,,,,,,,,,,,,,,,,,,,,,"555 NE 15th St PHA, Miami, FL 33132","6552830226982394817","Criminal justice attorney","Law firm","Legal services",,,,,,,,"Criminal justice attorney",,,"13180644354311636887","Miami","US",,,"https://lh3.googleusercontent.com/gps-cs-s/AHRPTWk16llB5WdS9i3jYICr82NkZ9IG-hrDC2zI1-K1O_CaoGoVS8MUkYxpEn-cREnHn7v7VEbJb9KNENUyse_6rGq60huP-xqiou7fBgho9QYHwR1YfbpvFdn5AqUFD4f6LEwkOu2qew=w408-h272-k-no","/g/1tcv_6nv","en",,"25.7898145","-80.1857366",,"Downtown Miami","Monday","Open 24 hours","Tuesday","Open 24 hours","Wednesday","Open 24 hours","Thursday","Open 24 hours","Friday","Open 24 hours","Saturday","Open 24 hours","Sunday","Open 24 hours",,"false","(305) 680-5910","+13056805910","ChIJiQfZEB202YgRl8eAyTQO67Y",,,,"33132",,"13",,"307","295","2","10","0","0","2026-10-05T10:21:19.612Z","https://www.google.com/maps/search/criminal%20lawyer/@25.187501437621997,-80.59507530322269,12z?hl=en","criminal lawyer",,"Florida","555 NE 15th St PHA",,"false","Hager & Schwartz, P.A.","4.9","https://www.google.com/maps/search/?api=1&query=Hager%20%26%20Schwartz%2C%20P.A.&query_place_id=ChIJiQfZEB202YgRl8eAyTQO67Y","true","https://www.defendyourcase.com/?utm_campaign=gmb"
,,,,,,,,,,,,,,,,,,,,,,,,,,,,"3105 NW 107th Ave Ste 400, Doral, FL 33172","4878699233858210210","Criminal justice attorney","Law firm","Attorney","Legal services","Trial attorney",,,,,,"Criminal justice attorney",,,"18368572296342784445","Doral","US",,,"https://lh3.googleusercontent.com/gps-cs-s/AHRPTWm5-L8_UO6eGjx_LD7D2PXx3slx7EmoBRIy0DpUrFChosHnQDanhyKF6WBVo3fRE63Q74ZvNbhYtP8_WFsNtBPN7UylNyn75mqg0YGnU7hEWcJdQP7prVx1nVmr9ZdyH6-wriOq30zLjZE=w408-h243-k-no","/g/11l2p1brf6","en",,"25.8029951","-80.3678353",,,"Monday","Open 24 hours","Tuesday","Open 24 hours","Wednesday","Open 24 hours","Thursday","Open 24 hours","Friday","Open 24 hours","Saturday","Open 24 hours","Sunday","Open 24 hours",,"false","(786) 981-5767","+17869815767","ChIJzaTj-wa_2YgRvcmXwi5H6v4",,,,"33172",,"16",,"57","57","0","0","0","0","2026-10-05T10:21:19.612Z","https://www.google.com/maps/search/criminal%20lawyer/@25.187501437621997,-80.59507530322269,12z?hl=en","criminal lawyer",,"Florida","3105 NW 107th Ave Ste 400",,"false","Rossen Law Firm","5","https://www.google.com/maps/search/?api=1&query=Rossen%20Law%20Firm&query_place_id=ChIJzaTj-wa_2YgRvcmXwi5H6v4","true","https://www.rossenlawfirm.com/?utm_source=googlemybusiness&utm_medium=organic&utm_campaign=gbpdoral"
,,,,,,,,,,,,,,,,,,,,,,,,,,,,"100 Almeria Ave #230, Coral Gables, FL 33134","17520861972434802745","Criminal justice attorney",,,,,,,,,,"Criminal justice attorney",,,"14329382810926089642","Coral Gables","US",,,"https://lh3.googleusercontent.com/gps-cs-s/AHRPTWntGtw9Xcg-N9-7Pc0us_w1KqoHMhCBvxMcP7dNKqV8oLHIaQpyatNwCEnq6mF_cyx4MyB6MW8uUx6wxM3mSkx80aE19YhrX2B_V47IydSfxKz5BsB4SXuJoi5ciMnjnCU4Jil2=w408-h306-k-no","/g/1tczfq0z","en",,"25.7469855","-80.2569103",,"Crafts","Monday","Open 24 hours","Tuesday","Open 24 hours","Wednesday","Open 24 hours","Thursday","Open 24 hours","Friday","Open 24 hours","Saturday","Open 24 hours","Sunday","Open 24 hours",,"false","(305) 444-0030","+13054440030","ChIJK357z8632YgRqoXWB78x3MY",,,,"33134",,"20",,"151","148","0","3","0","0","2026-10-05T10:21:19.612Z","https://www.google.com/maps/search/criminal%20lawyer/@25.187501437621997,-80.59507530322269,12z?hl=en","criminal lawyer",,"Florida","100 Almeria Ave #230",,"false","Donet, McMillan & Trontz, P.A.","4.9","https://www.google.com/maps/search/?api=1&query=Donet%2C%20McMillan%20%26%20Trontz%2C%20P.A.&query_place_id=ChIJK357z8632YgRqoXWB78x3MY","true","https://www.dmtlaw.com/"
,,,,,,,,,,,,,,,,,,,,,,,,,,,,"19790 W Dixie Hwy Ste 810, Miami, FL 33180","6782412403401335476","Criminal justice attorney","Attorney","Trial attorney",,,,,,,,"Criminal justice attorney",,,"15869490844492481431","Miami","US",,,"https://lh3.googleusercontent.com/gps-cs-s/AHRPTWmJmKaGmHkV4p9mZp8SEryVRdr5_-pIxVd2yHT8br8C_D6nWTycyJ6W91s2Pv06zJfKXaFLOICPaIeNbFulOh8ao3VfzFnkXP2aCIlIehR-upcI6jagbcjkpbIJ0gxh-KezlER-Bg=w408-h255-k-no","/g/11b64l10rx","en",,"25.95792","-80.1480482",,,"Monday","Open 24 hours","Tuesday","Open 24 hours","Wednesday","Open 24 hours","Thursday","Open 24 hours","Friday","Open 24 hours","Saturday","Open 24 hours","Sunday","Open 24 hours",,"false","(954) 695-5126","+19546955126","ChIJxehMRYG22YgRl8NJyNfBO9w",,,,"33180",,"1",,"100","97","0","3","0","0","2026-10-05T10:21:22.132Z","https://www.google.com/maps/search/criminal%20defense%20attorney/@25.92904476237801,-80.04899409033187,12z?hl=en","criminal defense attorney",,"Florida","19790 W Dixie Hwy Ste 810",,"false","The Law Office of Adam K. Goodman, PLLC","4.9","https://www.google.com/maps/search/?api=1&query=The%20Law%20Office%20of%20Adam%20K.%20Goodman%2C%20PLLC&query_place_id=ChIJxehMRYG22YgRl8NJyNfBO9w","true","http://www.adamgoodmanlaw.com/"
,,,,,,,,,,,,,,,,,,,,,,,,,,,,"11900 Biscayne Blvd Ste 510, Miami, FL 33181","2837280275862822180","Criminal justice attorney","Family law attorney",,,,,,,,,"Criminal justice attorney",,,"14676689696175212217","Miami","US",,,"https://lh3.googleusercontent.com/gps-cs-s/AHRPTWnIgH1vXLZi_TeyNEtCSS3VkzLqfG2QGOTbTBznWLC08Vc3nMRAaUwjmb457cMXd5vSDMC6tilFR4zb3n7jfroDH-JApWXYOW84P_13MjnXQpSV7UtYPqblRxLCh6hzK_NCmUiH3dPafrKA=w408-h272-k-no","/g/1th87y45","en",,"25.8862084","-80.1651418",,,"Monday","8:30 AM to 6 PM","Tuesday","8:30 AM to 6 PM","Wednesday","8:30 AM to 6 PM","Thursday","8:30 AM to 6 PM","Friday","8:30 AM to 6 PM","Saturday","Closed","Sunday","Closed",,"false","(305) 899-1212","+13058991212","ChIJYd9l0RWy2YgRucYoq4QTrss",,,,"33181",,"5",,"262","243","5","14","0","0","2026-10-05T10:21:22.133Z","https://www.google.com/maps/search/criminal%20defense%20attorney/@25.92904476237801,-80.04899409033187,12z?hl=en","criminal defense attorney",,"Florida","11900 Biscayne Blvd Ste 510",,"false","Rier Jordan P.A.","4.8","https://www.google.com/maps/search/?api=1&query=Rier%20Jordan%20P.A.&query_place_id=ChIJYd9l0RWy2YgRucYoq4QTrss","false","https://www.rierjordanlaw.com/?utm_source=google-local&utm_medium=organic&utm_campaign=3351"
,,,,,,,,,,,,,,,,,,,,,,,,,,,,"4040 NE 2nd Ave Ste 1D, Miami, FL 33137","4957729938015441701","Criminal justice attorney","Civil law attorney","Law firm","Attorney","Personal injury attorney","Trial attorney",,,,,"Criminal justice attorney",,,"1194236231483853522","Miami","US",,,"https://lh3.googleusercontent.com/gps-cs-s/AHRPTWls1Dzz9Op3g7lZfuBMKp4K6-yH4w76uEt7TBeHn6DbGLjzCrxaRmr_-CsRFVXCv3nuiNgkLDK2--h1Wneavi0-UB9nxnHbqRAb_eRZMqVwZL5XT8E1MIcyb9roi5AdSMvqtWLSAaQ7F7U4=w408-h272-k-no","/g/11xmkksf59","en",,"25.8136782","-80.1915637",,"Miami Design District","Monday","Open 24 hours","Tuesday","Open 24 hours","Wednesday","Open 24 hours","Thursday","Open 24 hours","Friday","Open 24 hours","Saturday","Open 24 hours","Sunday","Open 24 hours",,"false","(305) 882-9538","+13058829538","ChIJJzIWqK-x2YgR0gp_c4bHkhA",,,,"33137",,"7",,"77","77","0","0","0","0","2026-10-05T10:21:22.133Z","https://www.google.com/maps/search/criminal%20defense%20attorney/@25.92904476237801,-80.04899409033187,12z?hl=en","criminal defense attorney",,"Florida","4040 NE 2nd Ave Ste 1D",,"false","George Law","5","https://www.google.com/maps/search/?api=1&query=George%20Law&query_place_id=ChIJJzIWqK-x2YgR0gp_c4bHkhA","true","https://georgelaw.com/miami-florida-office/"
,,,,,,,,,,,,,,,,,,,,,,,,,,,,"4770 Biscayne Blvd Ste 1250, Miami, FL 33137","4018144174947548758","Criminal justice attorney","Law firm","Attorney","Legal services",,,,,,,"Criminal justice attorney",,,"6847446486131335969","Miami","US",,,"https://lh3.googleusercontent.com/gps-cs-s/AHRPTWl5Fy5zKXYOWuHKegspwTa6r9PiIPissPFcGQQOBaggatBiuVC1hKPiD6Z-XgJU6kNsNegBEJqM2OIXwT5LcWvCVqE9-900XGbYSPXg6sg5vNlFc28qxb-OiKnk3j8QLvX9rAzQ=w408-h326-k-no","/g/1tr18cd2","en",,"25.8188853","-80.1886398",,,"Monday","Open 24 hours","Tuesday","Open 24 hours","Wednesday","Open 24 hours","Thursday","Open 24 hours","Friday","Open 24 hours","Saturday","Open 24 hours","Sunday","Open 24 hours",,"false","(305) 538-4545","+13055384545","ChIJs3vNeIG22YgRIeNawEwEB18",,,,"33137",,"8",,"114","108","2","3","1","0","2026-10-05T10:21:22.133Z","https://www.google.com/maps/search/criminal%20defense%20attorney/@25.92904476237801,-80.04899409033187,12z?hl=en","criminal defense attorney",,"Florida","4770 Biscayne Blvd Ste 1250",,"false","David M. Edelstein, PA","4.9","https://www.google.com/maps/search/?api=1&query=David%20M.%20Edelstein%2C%20PA&query_place_id=ChIJs3vNeIG22YgRIeNawEwEB18","true","https://www.miami-criminal-lawyer.net/"
,,,,,,,,,,,,,,,,,,,,,,,,,,,,"4300 Biscayne Blvd Ste 101, Miami, FL 33137","5385408555920946759","Criminal justice attorney","Law firm","Personal injury attorney",,,,,,,,"Criminal justice attorney",,,"3490049100682406403","Miami","US",,,"https://lh3.googleusercontent.com/gps-cs-s/AHRPTWljk3xBcdK8V5ee_MWSXexcXhiN1YE9VYKZ6mXE8WvYDheuf42viySCIKP3KlqSJBF2qSidJAfm2E7Rb0DO7vVVxGfdE_vdM1lth4NaaZz9l1ClarlCXLp-UrQI-HobEpXFpo5LlA=w408-h306-k-no","/g/11clv679by","en",,"25.816039","-80.189054",,,"Monday","Open 24 hours","Tuesday","Open 24 hours","Wednesday","Open 24 hours","Thursday","Open 24 hours","Friday","Open 24 hours","Saturday","Open 24 hours","Sunday","Open 24 hours",,"false","(305) 764-5460","+13057645460","ChIJ06d3f5222YgRA6rYfiolbzA",,,,"33137",,"13",,"61","61","0","0","0","0","2026-10-05T10:21:22.133Z","https://www.google.com/maps/search/criminal%20defense%20attorney/@25.92904476237801,-80.04899409033187,12z?hl=en","criminal defense attorney",,"Florida","4300 Biscayne Blvd Ste 101",,"false","Valiente Law, P.A.","5","https://www.google.com/maps/search/?api=1&query=Valiente%20Law%2C%20P.A.&query_place_id=ChIJ06d3f5222YgRA6rYfiolbzA","true","https://valientelaw.com/"
,,,,,,,,,,,,,,"Monday","9 AM–9 PM","Tuesday","9 AM–9 PM","Wednesday","9 AM–9 PM","Thursday","9 AM–9 PM","Friday","9 AM–9 PM","Saturday","9 AM–9 PM","Sunday","9 AM–9 PM","8101 Biscayne Blvd PH 701, Miami, FL 33138","3845028899165515466","Criminal justice attorney",,,,,,,,,,"Criminal justice attorney",,,"13355269551794185680","Miami","US",,,"https://streetviewpixels-pa.googleapis.com/v1/thumbnail?panoid=JM9EmLrg8F2INhbFlEp_7Q&cb_client=search.gws-prod.gps&w=408&h=240&yaw=117.57693&pitch=0&thumbfov=100","/g/1tdxlp82","en",,"25.849702","-80.184455",,"Upper East Side","Monday","9 AM to 5:30 PM","Tuesday","9 AM to 5:30 PM","Wednesday","9 AM to 5:30 PM","Thursday","9 AM to 5:30 PM","Friday","9 AM to 5:30 PM","Saturday","Closed","Sunday","Closed",,"false","(305) 373-6773","+13053736773","ChIJf33fg5622YgR0GVI6uVyV7k",,,,"33138",,"14",,"78","78","0","0","0","0","2026-10-05T10:21:22.134Z","https://www.google.com/maps/search/criminal%20defense%20attorney/@25.92904476237801,-80.04899409033187,12z?hl=en","criminal defense attorney",,"Florida","8101 Biscayne Blvd PH 701",,"false","Law Offices of Paul D. Petruzzi P.A.","5","https://www.google.com/maps/search/?api=1&query=Law%20Offices%20of%20Paul%20D.%20Petruzzi%20P.A.&query_place_id=ChIJf33fg5622YgR0GVI6uVyV7k","false","https://www.paulpetruzzi.com/?utm_source=GMB&utm_medium=organic&utm_campaign=Miami"
,,,,,,,,,,,,,,,,,,,,,,,,,,,,"1801 NE 123rd St Suit 314, North Miami, FL 33181","975206532843636655","Criminal justice attorney","Divorce lawyer","Family law attorney","Law firm","Trial attorney",,,,,,"Criminal justice attorney",,,"7603863458450081424","North Miami","US",,,"https://lh3.googleusercontent.com/gps-cs-s/AHRPTWlhjlg7w-Aqy7KKBQsq8w4f_BfTTpZBv4Qov9nRJqEme1cjfgvONQdQWAP4ChM8dfP00rqXh0VB_RHjyjj6qtg3iOQiat3Pp-aibYkO1MRsHnio7RcW6DDqRPkh6zYNZvOnpZWm=w408-h272-k-no","/g/11bbrmhd02","en",,"25.8899047","-80.1620546",,,"Monday","Open 24 hours","Tuesday","Open 24 hours","Wednesday","Open 24 hours","Thursday","Open 24 hours","Friday","Open 24 hours","Saturday","Open 24 hours","Sunday","Open 24 hours",,"false","(305) 315-5147","+13053155147","ChIJlwEYl5i32YgRkIZ9SYdZhmk",,,,"33181",,"16",,"62","55","0","7","0","0","2026-10-05T10:21:22.134Z","https://www.google.com/maps/search/criminal%20defense%20attorney/@25.92904476237801,-80.04899409033187,12z?hl=en","criminal defense attorney",,"Florida","1801 NE 123rd St Suit 314",,"false","Reynoso Erickson Trial Law, PA","4.5","https://www.google.com/maps/search/?api=1&query=Reynoso%20Erickson%20Trial%20Law%2C%20PA&query_place_id=ChIJlwEYl5i32YgRkIZ9SYdZhmk","true","https://reynosoerickson.com/"
,,,,,,,,,,,,,,,,,,,,,,,,,,,,"16211 NE 18th Ave Ste 200, North Miami Beach, FL 33162","2560670155610502936","Criminal justice attorney","Civil law attorney","Personal injury attorney","Insurance attorney","Law firm","Attorney","Legal services","Trial attorney",,,"Criminal justice attorney",,,"791206554502878241","North Miami Beach","US",,,"https://lh3.googleusercontent.com/gps-cs-s/AHRPTWlHLcJGKCDNJyeZdal7r1_3Ik14FonZX5HZk_V-_OcteE6o_q2HBxOeSXzBi6Ni9FPRf_6HjWTMgvzYeRtc0jjTY6A4mNy9_Bl9z-bAHnntuh4bPxr1uNycB9qCHxc3yUTZimDZ=w408-h306-k-no","/g/11b6x973q0","en",,"25.9251073","-80.1636623",,,"Monday","9 AM to 6 PM","Tuesday","9 AM to 6 PM","Wednesday","9 AM to 6 PM","Thursday","9 AM to 6 PM","Friday","9 AM to 6 PM","Saturday","Closed","Sunday","Closed",,"false","(305) 903-8892","+13059038892","ChIJp95Hyrit2YgRIdQaWSvu-go",,,,"33162",,"18",,"104","101","0","2","1","0","2026-10-05T10:21:22.134Z","https://www.google.com/maps/search/criminal%20defense%20attorney/@25.92904476237801,-80.04899409033187,12z?hl=en","criminal defense attorney",,"Florida","16211 NE 18th Ave Ste 200",,"false","The Law Office of Barry M. Snyder P.A.","4.9","https://www.google.com/maps/search/?api=1&query=The%20Law%20Office%20of%20Barry%20M.%20Snyder%20P.A.&query_place_id=ChIJp95Hyrit2YgRIdQaWSvu-go","false","https://snyderlegalfirm.com/?utm_source=omg-gbp&utm_medium=webclick"
,,,,,,,,,,,,,,,,,,,,,,,,,,,,"15536 Biscayne Blvd, North Miami Beach, FL 33160","17488139971588363033","Criminal justice attorney","Law firm","Attorney","Legal services",,,,,,,"Criminal justice attorney",,,"7700838478666735996","North Miami Beach","US",,,"https://lh3.googleusercontent.com/gps-cs-s/AHRPTWneCCEOUHr-ATAl-5Nw9EJ9JerLuqGqzP4ACtx-G6gbRgFg6jqrlmY3c5xTOkH6A1uIR8iD-3Iw7I6BGxTT9bOnBk45HMeqCnY_BYPKstQSE2VkSD7hkKnXS8L5W2ACwSrLhzMPu2mx0pB6=w426-h240-k-no","/g/1th0np_1","en",,"25.9181753","-80.1565082",,,"Monday","Open 24 hours","Tuesday","Open 24 hours","Wednesday","Open 24 hours","Thursday","Open 24 hours","Friday","Open 24 hours","Saturday","Open 24 hours","Sunday","Open 24 hours",,"false","(305) 249-0090","+13052490090","ChIJQVCbbL2t2YgRfCGXqcvf3mo",,,,"33160",,"19",,"226","199","1","22","2","2","2026-10-05T10:21:22.134Z","https://www.google.com/maps/search/criminal%20defense%20attorney/@25.92904476237801,-80.04899409033187,12z?hl=en","criminal defense attorney",,"Florida","15536 Biscayne Blvd",,"false","The Hoffman Firm","4.6","https://www.google.com/maps/search/?api=1&query=The%20Hoffman%20Firm&query_place_id=ChIJQVCbbL2t2YgRfCGXqcvf3mo","true","https://www.thehoffmanfirm.net/"
,,,,,,,,,,,,,,,,,,,,,,,,,,,,"10750 NW 6th Ct Ste 103, Miami, FL 33168","769267374547758003","Law firm",,,,,,,,,,"Law firm",,,"4513074106436552304","Miami","US",,,"https://lh3.googleusercontent.com/grass-cs/ACvplmPg24enH7OVHJ6eNN2L1d5OOKVtyDWh2ZfAPPhhKI34flsH0rL8v75DqNNVEtv1Djbs5XvvkncU9BJdzKreJdhccpOJg8e3D2ZqjvRdEt2dQgfQFLmwXX6iXmvC3MgnZEhDLydrNA1n37XB=w408-h495-k-no","/g/11yp7v6sff","en",,"25.8733632","-80.2094337",,,"Monday","Open 24 hours","Tuesday","Open 24 hours","Wednesday","Open 24 hours","Thursday","Open 24 hours","Friday","Open 24 hours","Saturday","Open 24 hours","Sunday","Open 24 hours",,"false","(305) 444-1565","+13054441565","ChIJiSYnnOex2YgRcAYqD_2ooT4",,,,"33168",,"15",,"28","28","0","0","0","0","2026-10-05T10:21:23.126Z","https://www.google.com/maps/search/criminal%20defense%20lawyer/@25.92904476237801,-80.04899409033187,12z?hl=en","criminal defense lawyer",,"Florida","10750 NW 6th Ct Ste 103",,"false","OneCallLegal","5","https://www.google.com/maps/search/?api=1&query=OneCallLegal&query_place_id=ChIJiSYnnOex2YgRcAYqD_2ooT4","true","https://www.onecalllegal.com/?utm_source=google&utm_medium=gbp"
,,,,,,,,,,,,,,,,,,,,,,,,,,,,"19790 W Dixie Hwy Ste 909, Aventura, FL 33180","10860216383781891585","Law firm",,,,,,,,,,"Law firm",,,"7960405843318321907","Aventura","US",,,"https://lh3.googleusercontent.com/gps-cs-s/AHRPTWkm8b81tSejH7zLd2nf9n6zS_zg8GJQ7VsXGZosvif9uYMRM79HMe1YKsIDaDqqTzSSFbVPQHO0IHnlQhZDb3lG1igDJ2M0FKxyf7l-k4A6N3TexWaj9y7q5fFd04bdevotKU0B74IakzqK=w408-h496-k-no","/g/11qn6y83wf","en",,"25.95792","-80.1480482",,,"Monday","Open 24 hours","Tuesday","Open 24 hours","Wednesday","Open 24 hours","Thursday","Open 24 hours","Friday","Open 24 hours","Saturday","Open 24 hours","Sunday","Open 24 hours",,"false","(305) 938-8385","+13059388385","ChIJQeJ_CUCt2YgR87LuPvAKeW4",,,,"33180",,"21",,"28","28","0","0","0","0","2026-10-05T10:21:23.352Z","https://www.google.com/maps/search/criminal%20defense%20attorney/@25.92904476237801,-80.04899409033187,12z?hl=en","criminal defense attorney",,"Florida","19790 W Dixie Hwy Ste 909",,"false","Andell Brown & Associates Law Offices, PLLC.","5","https://www.google.com/maps/search/?api=1&query=Andell%20Brown%20%26%20Associates%20Law%20Offices%2C%20PLLC.&query_place_id=ChIJQeJ_CUCt2YgR87LuPvAKeW4","true","http://www.andellbrownlaw.com/"
,,,,,,,,,,,,,,,,,,,,,,,,,,,,"1981 NE 163rd St, North Miami Beach, FL 33162","7914610909530437161","Criminal justice attorney","Personal injury attorney","Divorce lawyer",,,,,,,,"Criminal justice attorney",,,"7764546419118106282","North Miami Beach","US",,,"https://lh3.googleusercontent.com/gps-cs-s/AHRPTWkrBRMe21505KIWXCWVwDn3aptgasPQWK4qKHJe-iccbIfKD4M1KRAjtggcj013WFBROZEldp8e_8ctZNcdCTmLPWo6kRcgmbL26qm78kz2nZ7YHUlv2pHXt_X2woQMvKuxJgAZEg=w426-h240-k-no","/g/1tdpmwqz","en",,"25.9262368","-80.1604108",,,"Monday","9 AM to 5 PM","Tuesday","9 AM to 5 PM","Wednesday","9 AM to 5 PM","Thursday","9 AM to 5 PM","Friday","9 AM to 4 PM","Saturday","Closed","Sunday","Closed",,"false","(305) 949-5556","+13059495556","ChIJPXEewLit2YgRquaQcdQ1wWs",,,,"33162",,"23",,"120","110","0","9","0","1","2026-10-05T10:21:23.352Z","https://www.google.com/maps/search/criminal%20defense%20attorney/@25.92904476237801,-80.04899409033187,12z?hl=en","criminal defense attorney",,"Florida","1981 NE 163rd St",,"false","The Baker Law Offices","4.7","https://www.google.com/maps/search/?api=1&query=The%20Baker%20Law%20Offices&query_place_id=ChIJPXEewLit2YgRquaQcdQ1wWs","false","http://thebakerlawoffices.com/"
,,,,,,,,,,,,,,,,,,,,,,,,,,,,"4443 NW 2nd Ave, Miami, FL 33127","16365543485785723599","Attorney",,,,,,,,,,"Attorney",,,"330195392663989060","Miami","US",,,"https://lh3.googleusercontent.com/gps-cs-s/AHRPTWlFFgjZmjKNQf872XZSfS46FRb4jFlpSJg8pwd3zDpysl4fey_Mul781dS5lms1--yhJBCov2bUUTpOqn_3NgIIdagLAvqyFgKOR7aqdxND_IStFTyQAtu7ihVHvfRWeEbalSs2=w408-h444-k-no","/g/11f8khsj37","en",,"25.8166464","-80.199493",,,"Monday","Open 24 hours","Tuesday","Open 24 hours","Wednesday","Open 24 hours","Thursday","Open 24 hours","Friday","Open 24 hours","Saturday","Open 24 hours","Sunday","Open 24 hours",,"false","(305) 257-8037","+13052578037","ChIJk7Ei7N-x2YgRRCs1zvUWlQQ",,,,"33127",,"24",,"193","189","2","2","0","0","2026-10-05T10:21:23.352Z","https://www.google.com/maps/search/criminal%20defense%20attorney/@25.92904476237801,-80.04899409033187,12z?hl=en","criminal defense attorney",,"Florida","4443 NW 2nd Ave",,"false","lowercase, a law firm","4.9","https://www.google.com/maps/search/?api=1&query=lowercase%2C%20a%20law%20firm&query_place_id=ChIJk7Ei7N-x2YgRRCs1zvUWlQQ","true","http://lowercaselaw.com/"
,,,,,,,,,,,,,,,,,,,,,,,,,,,,"1801 NE 123rd St Suit 314, Miami, FL 33181","4332294205744051125","Criminal justice attorney","Trial attorney",,,,,,,,,"Criminal justice attorney",,,"8110155686760943103","Miami","US",,,"https://streetviewpixels-pa.googleapis.com/v1/thumbnail?panoid=-PnEXOaPReOIGay_do9UAA&cb_client=search.gws-prod.gps&w=408&h=240&yaw=10.988587&pitch=0&thumbfov=100","/g/1tgd7b5k","en",,"25.8900551","-80.1621601",,,"Monday","Open 24 hours","Tuesday","Open 24 hours","Wednesday","Open 24 hours","Thursday","Open 24 hours","Friday","Open 24 hours","Saturday","Open 24 hours","Sunday","Open 24 hours",,"false","(305) 892-5297","+13058925297","ChIJYd9l0RWy2YgR_w2ArqAPjXA",,,,"33181",,"25",,"47","47","0","0","0","0","2026-10-05T10:21:23.352Z","https://www.google.com/maps/search/criminal%20defense%20attorney/@25.92904476237801,-80.04899409033187,12z?hl=en","criminal defense attorney",,"Florida","1801 NE 123rd St Suit 314",,"false","Rubio, Rubio, & Rubio","5","https://www.google.com/maps/search/?api=1&query=Rubio%2C%20Rubio%2C%20%26%20Rubio&query_place_id=ChIJYd9l0RWy2YgR_w2ArqAPjXA","true","http://www.rubioattorneys.com/"
,,,,,,,,,,,,,,,,,,,,,,,,,,,,"10750 NW 6th Ct, Miami, FL 33168","1684128016219963731","Criminal justice attorney","Bankruptcy attorney","Law firm","Family law attorney","Immigration attorney","Legal services","Personal injury attorney","Real estate attorney",,,"Criminal justice attorney",,,"12586201857405376172","Miami","US",,,"https://lh3.googleusercontent.com/gps-cs-s/AHRPTWn76x_MisWGh7o-3MFHwhP5M1O7zPn-dhHcz_T9BiJHKKyfdzIvH2E4V0e-Q6IeSJlxMGgqypFIes_myEdv00DdKh1HIrbBwGb_0ugXgsm98Dpt7nhrsfTjaNXIPfIxT-vKdNZtWtUO8z66=w408-h495-k-no","/g/11r8t6q89","en",,"25.8733268","-80.2094514",,,"Monday","Open 24 hours","Tuesday","Open 24 hours","Wednesday","Open 24 hours","Thursday","Open 24 hours","Friday","Open 24 hours","Saturday","Open 24 hours","Sunday","Open 24 hours",,"false","(305) 444-1565","+13054441565","ChIJHRfET4G22YgRrFYCnucrq64",,,,"33168",,"28",,"79","77","0","2","0","0","2026-10-05T10:21:23.352Z","https://www.google.com/maps/search/criminal%20defense%20attorney/@25.92904476237801,-80.04899409033187,12z?hl=en","criminal defense attorney",,"Florida","10750 NW 6th Ct",,"false","Seltzer Mayberg, LLC","4.9","https://www.google.com/maps/search/?api=1&query=Seltzer%20Mayberg%2C%20LLC&query_place_id=ChIJHRfET4G22YgRrFYCnucrq64","true","http://www.onecalllegal.com/"
,,,,,,,,,,,,,,,,,,,,,,,,,,,,"4300 Biscayne Blvd Ste 101, Miami, FL 33137","14877875893648499052","Law firm",,,,,,,,,,"Law firm",,,"13245020290643587425","Miami","US",,,"https://lh3.googleusercontent.com/gps-cs-s/AHRPTWkpsCoXzxOc4JUiVNZYi1WDdfp2qnAzgKJpssWfeipsRf9LFranJh9Mr1UeDLb5Mx81rz-qn0Ah89FPSOutdMRta0pSMq6vcYg6WcBmZOKFXbVjpAfQJs_b7KQtaTTcrXr3ofHdKg5CHtG6=w408-h265-k-no","/g/11lj4hcjh3","en",,"25.816039","-80.189054",,,"Monday","Open 24 hours","Tuesday","Open 24 hours","Wednesday","Open 24 hours","Thursday","Open 24 hours","Friday","Open 24 hours","Saturday","Open 24 hours","Sunday","Open 24 hours",,"false","(786) 361-6887","+17863616887","ChIJZWiwIKu32YgRYfGmesfDz7c",,,,"33137",,"29",,"16","16","0","0","0","0","2026-10-05T10:21:23.352Z","https://www.google.com/maps/search/criminal%20defense%20attorney/@25.92904476237801,-80.04899409033187,12z?hl=en","criminal defense attorney",,"Florida","4300 Biscayne Blvd Ste 101",,"false","Valiente, Carollo & McElligott, PLLC","5","https://www.google.com/maps/search/?api=1&query=Valiente%2C%20Carollo%20%26%20McElligott%2C%20PLLC&query_place_id=ChIJZWiwIKu32YgRYfGmesfDz7c","true","https://vcmlawgroup.com/"
,,,,,,,,,,,,,,,,,,,,,,,,,,,,"260 95th St Ste 206, Surfside, FL 33154","8076093128932525466","Criminal justice attorney","Trial attorney","Law firm","Attorney",,,,,,,"Criminal justice attorney",,,"12887242257366422221","Surfside","US",,,"https://lh3.googleusercontent.com/gps-cs-s/AHRPTWnqNdcfWlwXcaWWh_ZFAfFTJF2HSLB_VRV3c1VsySjvWnHA8UqvSZB2seMjzD8JM_ZXKbCnWhuD2DRALI8mYnHd5-WTJpklhoSqEWhUgn5u_QKaGCa0_IATGSLzoprYJl0SjkjAXQ=w408-h641-k-no","/g/11qh3pqwhh","en",,"25.8851865","-80.1232006",,,"Monday","Open 24 hours","Tuesday","Open 24 hours","Wednesday","Open 24 hours","Thursday","Open 24 hours","Friday","Open 24 hours","Saturday","Open 24 hours","Sunday","Open 24 hours",,"false","(786) 319-9864","+17863199864","ChIJI7lnEaGz2YgRzZK6tI2u2LI",,,,"33154",,"30",,"4","4","0","0","0","0","2026-10-05T10:21:23.352Z","https://www.google.com/maps/search/criminal%20defense%20attorney/@25.92904476237801,-80.04899409033187,12z?hl=en","criminal defense attorney",,"Florida","260 95th St Ste 206",,"false","Law Offices of Darryl A. Goldberg","5","https://www.google.com/maps/search/?api=1&query=Law%20Offices%20of%20Darryl%20A.%20Goldberg&query_place_id=ChIJI7lnEaGz2YgRzZK6tI2u2LI","true","http://www.goldbergdefense.com/"
,,,,,,,,,,,,,,,,,,,,,,,,,,,,"12500-12534 Biscayne Blvd, North Miami, FL 33181","7908662451362632178","Law firm",,,,,,,,,,"Law firm",,,"6869230997648361564","North Miami","US",,,"https://streetviewpixels-pa.googleapis.com/v1/thumbnail?panoid=l4txomTTK0JDTG8-_hSGTw&cb_client=search.gws-prod.gps&w=408&h=240&yaw=70.80216&pitch=0&thumbfov=100","/g/11fzb23s3k","en",,"25.8918692","-80.16345",,,"Monday","9 AM to 5 PM","Tuesday","9 AM to 5 PM","Wednesday","9 AM to 5 PM","Thursday","9 AM to 5 PM","Friday","9 AM to 5 PM","Saturday","Closed","Sunday","Closed",,"false","(786) 333-3073","+17863333073","ChIJz6a9-nSy2YgRXMjuljJpVF8",,,,"33181",,"33",,"55","55","0","0","0","0","2026-10-05T10:21:23.352Z","https://www.google.com/maps/search/criminal%20defense%20attorney/@25.92904476237801,-80.04899409033187,12z?hl=en","criminal defense attorney",,"Florida","12500-12534 Biscayne Blvd",,"false","Exposito Law Group P.A.","5","https://www.google.com/maps/search/?api=1&query=Exposito%20Law%20Group%20P.A.&query_place_id=ChIJz6a9-nSy2YgRXMjuljJpVF8","false","http://www.jeffreyexpositolaw.com/"
,,,,,,,,,,,,,,,,,,,,,,,,,,,,"8101 Biscayne Blvd penthouse 701, Miami, FL 33138","2972459590781748707","Attorney",,,,,,,,,,"Attorney",,,"16000469478327927702","Miami","US",,,"https://streetviewpixels-pa.googleapis.com/v1/thumbnail?panoid=JM9EmLrg8F2INhbFlEp_7Q&cb_client=search.gws-prod.gps&w=408&h=240&yaw=117.57693&pitch=0&thumbfov=100","/g/1th5_lt5","en",,"25.849702","-80.184455",,"Upper East Side",,,,,,,,,,,,,,,,"false","(305) 899-0438","+13058990438","ChIJYd9l0RWy2YgRlkM3ZzcWDd4",,,,"33138",,"36",,"32","30","1","1","0","0","2026-10-05T10:21:23.353Z","https://www.google.com/maps/search/criminal%20defense%20attorney/@25.92904476237801,-80.04899409033187,12z?hl=en","criminal defense attorney",,"Florida","8101 Biscayne Blvd penthouse 701",,"false","Gennaro Cariglio Jr Law Ofcs","4.8","https://www.google.com/maps/search/?api=1&query=Gennaro%20Cariglio%20Jr%20Law%20Ofcs&query_place_id=ChIJYd9l0RWy2YgRlkM3ZzcWDd4",,
,,,,,,,,,,,,,,,,,,,,,,,,,,,,"4300 Biscayne Blvd Ste 203, Miami, FL 33137","16942456125280319918","Criminal justice attorney",,,,,,,,,,"Criminal justice attorney",,,"10817748983618658208","Miami","US",,,"https://streetviewpixels-pa.googleapis.com/v1/thumbnail?panoid=rRkfUhPMg7hCjAqrTUkO4Q&cb_client=search.gws-prod.gps&w=408&h=240&yaw=294.1853&pitch=0&thumbfov=100","/g/11tdb018w8","en",,"25.8160454","-80.189068",,,"Monday","Open 24 hours","Tuesday","Open 24 hours","Wednesday","Open 24 hours","Thursday","Open 24 hours","Friday","Open 24 hours","Saturday","Open 24 hours","Sunday","Open 24 hours",,"false","(305) 203-0333","+13052030333","ChIJC3E3rcix2YgRoN_uvWJdIJY",,,,"33137",,"37",,,,,,,,"2026-10-05T10:21:23.353Z","https://www.google.com/maps/search/criminal%20defense%20attorney/@25.92904476237801,-80.04899409033187,12z?hl=en","criminal defense attorney",,"Florida","4300 Biscayne Blvd Ste 203",,"false","Musca Law",,"https://www.google.com/maps/search/?api=1&query=Musca%20Law&query_place_id=ChIJC3E3rcix2YgRoN_uvWJdIJY","true","https://www.muscalaw.com/locations/miami"
,,,,,,,,,,,,,,,,,,,,,,,,,,,,"3323 NE 163rd St Ste 605, North Miami Beach, FL 33160","3811586588972635071","General practice attorney",,,,,,,,,,"General practice attorney",,,"7770349353860371306","North Miami Beach","US",,,"https://streetviewpixels-pa.googleapis.com/v1/thumbnail?panoid=65f4_Ae3rkF4eTSGonQc5Q&cb_client=search.gws-prod.gps&w=408&h=240&yaw=327.55383&pitch=0&thumbfov=100","/g/1tf769t9","en",,"25.9284417","-80.1367959",,,"Monday","9 AM to 5 PM","Tuesday","9 AM to 5 PM","Wednesday","9 AM to 5 PM","Thursday","9 AM to 5 PM","Friday","9 AM to 5 PM","Saturday","Closed","Sunday","Closed",,"false","(305) 400-4747","+13054004747","ChIJ-zM7FIW22YgRapOIeZHT1Ws",,,,"33160",,"38",,"54","53","0","1","0","0","2026-10-05T10:21:23.353Z","https://www.google.com/maps/search/criminal%20defense%20attorney/@25.92904476237801,-80.04899409033187,12z?hl=en","criminal defense attorney",,"Florida","3323 NE 163rd St Ste 605",,"false","Law Offices of Daniel A. Lurvey, P.A.","4.9","https://www.google.com/maps/search/?api=1&query=Law%20Offices%20of%20Daniel%20A.%20Lurvey%2C%20P.A.&query_place_id=ChIJ-zM7FIW22YgRapOIeZHT1Ws","false","https://rymap.org/business/law-offices-of-daniel-a-lurvey-pa-rt99q4"
,,,,,,,,,,,,,,,,,,,,,,,,,,,,"1041 Ives Dairy Rd #137, Miami, FL 33179","17766730999378280405","Attorney",,,,,,,,,,"Attorney",,,"17330142284271354931","Miami","US",,,"https://lh3.googleusercontent.com/gps-cs-s/AHRPTWmRwQugqE72qMkMurqPv2BZMgZYdSP6BNlxN8rG9F2_Pwen2J6U2ti75796D4DS2d_zH5d9p4xuj8i6E9JlkwEUMLJGlBYnKmnsafQS5NKehyVyNLY7eVALc3JGLDC7FXSlfKyq=w426-h240-k-no","/g/1v2pq_t6","en",,"25.9652976","-80.1810787",,,"Monday","Open 24 hours","Tuesday","Open 24 hours","Wednesday","Open 24 hours","Thursday","Open 24 hours","Friday","Open 24 hours","Saturday","Open 24 hours","Sunday","Open 24 hours",,"false","(305) 655-2900","+13056552900","ChIJiS46OiKs2YgRM4T4qJYIgfA",,,,"33179",,"39",,"67","60","2","4","1","0","2026-10-05T10:21:23.353Z","https://www.google.com/maps/search/criminal%20defense%20attorney/@25.92904476237801,-80.04899409033187,12z?hl=en","criminal defense attorney",,"Florida","1041 Ives Dairy Rd #137",,"false","Parks & Braxton","4.7","https://www.google.com/maps/search/?api=1&query=Parks%20%26%20Braxton&query_place_id=ChIJiS46OiKs2YgRM4T4qJYIgfA","true","https://miami-duidefenders.com/"
,,,,,,,,,,,,,,,,,,,,,,,,,,,,"8101 Biscayne Blvd penthouse 701, Miami, FL 33138",,"Criminal justice attorney",,,,,,,,,,"Criminal justice attorney",,,"11787242232752173387","Miami","US",,,"https://streetviewpixels-pa.googleapis.com/v1/thumbnail?panoid=NzK3dhNEjEHrDXGdfcCQvQ&cb_client=search.gws-prod.gps&w=408&h=240&yaw=243.22745&pitch=0&thumbfov=100","/g/1q6jyrmxp","en",,"25.8503931","-80.184868",,"Upper East Side","Monday","Open 24 hours","Tuesday","Open 24 hours","Wednesday","Open 24 hours","Thursday","Open 24 hours","Friday","Open 24 hours","Saturday","Open 24 hours","Sunday","Open 24 hours",,"false","(786) 219-5467","+17862195467","ChIJf33fg5622YgRS_Gs9FuylKM",,,,"33138",,"40",,"2","2","0","0","0","0","2026-10-05T10:21:23.353Z","https://www.google.com/maps/search/criminal%20defense%20attorney/@25.92904476237801,-80.04899409033187,12z?hl=en","criminal defense attorney",,"Florida","8101 Biscayne Blvd penthouse 701",,"false","The Tony Moss Law Firm, L.L.C.","5","https://www.google.com/maps/search/?api=1&query=The%20Tony%20Moss%20Law%20Firm%2C%20L.L.C.&query_place_id=ChIJf33fg5622YgRS_Gs9FuylKM","true","https://www.tonymosslaw.com/"
,,,,,,,,,,,,,,,,,,,,,,,,,,,,"19790 W Dixie Hwy Ste 306, Miami, FL 33180","12926075206206179308","Law firm",,,,,,,,,,"Law firm",,,"11867787655109285062","Miami","US",,,"https://streetviewpixels-pa.googleapis.com/v1/thumbnail?panoid=_ELbWNKR26dugQqtp6PV6Q&cb_client=search.gws-prod.gps&w=408&h=240&yaw=180.28621&pitch=0&thumbfov=100","/g/11q4b_gp71","en",,"25.95792","-80.1480482",,,"Monday","Open 24 hours","Tuesday","Open 24 hours","Wednesday","Open 24 hours","Thursday","Open 24 hours","Friday","Open 24 hours","Saturday","Open 24 hours","Sunday","Open 24 hours",,"false","(954) 552-1916","+19545521916","ChIJ08hDrEKt2YgRxhSOfP7ZsqQ",,,,"33180",,"17",,"49","49","0","0","0","0","2026-10-05T10:21:23.635Z","https://www.google.com/maps/search/DUI%20attorney/@25.92904476237801,-80.04899409033187,12z?hl=en","DUI attorney",,"Florida","19790 W Dixie Hwy Ste 306",,"false","Chukwuma Law Group, P.A.","5","https://www.google.com/maps/search/?api=1&query=Chukwuma%20Law%20Group%2C%20P.A.&query_place_id=ChIJ08hDrEKt2YgRxhSOfP7ZsqQ","true","http://www.chukwumalaw.com/"
,,,,,,,,,,,,,,,,,,,,,,,,,,,,"12550 Biscayne Blvd Ste 800, North Miami, FL 33181","16782619246702616658","Law firm","Civil law attorney","Criminal justice attorney","Personal injury attorney","Probate attorney",,,,,,"Law firm",,,"7743650437225733907","North Miami","US",,,"https://lh3.googleusercontent.com/gps-cs-s/ANWiy9Sr74HfYnPILMo8H5bBCiN7Rv-tTmXowDBgUGk8nhF-IBGeJqhfbEp9iCsLabN_vDyesq6KB93RRWJ4RrOa2gdCXeqBPhw-1iORz2YUCsCETjM1UyRBXUVBiYSyLHPq-QtCN1THaA=w408-h407-k-no","/g/11g8npfyhf","en",,"25.8922298","-80.1635415",,,"Monday","Open 24 hours","Tuesday","Open 24 hours","Wednesday","Open 24 hours","Thursday","Open 24 hours","Friday","Open 24 hours","Saturday","Open 24 hours","Sunday","Open 24 hours",,"false","(305) 684-1169","+13056841169","ChIJE55b53Sy2YgRE1-jhwv5dms",,,,"33181",,"27",,"12","12","0","0","0","0","2026-10-05T10:21:24.428Z","https://www.google.com/maps/search/DUI%20attorney/@25.92904476237801,-80.04899409033187,12z?hl=en","DUI attorney",,"Florida","12550 Biscayne Blvd Ste 800",,"false","Gilbert & Smallman PLLC Abogados De Accidentes Miami","5","https://www.google.com/maps/search/?api=1&query=Gilbert%20%26%20Smallman%20PLLC%20Abogados%20De%20Accidentes%20Miami&query_place_id=ChIJE55b53Sy2YgRE1-jhwv5dms","true","https://gilbertandsmallman.com/es/"
,,,,,,,,,,,,,,,,,,,,,,,,,,,,"16211 NE 18th Ave Suite 100, North Miami Beach, FL 33162","17602442960128937417","Personal injury attorney",,,,,,,,,,"Personal injury attorney",,,"84949265204518787","North Miami Beach","US",,,"https://streetviewpixels-pa.googleapis.com/v1/thumbnail?panoid=u-8TG6DeoCp3ZKq4UlRmeQ&cb_client=search.gws-prod.gps&w=408&h=240&yaw=125.125725&pitch=0&thumbfov=100","/g/1w97w5d2","en",,"25.9250882","-80.1636811",,,"Monday","9 AM to 5 PM","Tuesday","9 AM to 5 PM","Wednesday","9 AM to 5 PM","Thursday","9 AM to 5 PM","Friday","9 AM to 5 PM","Saturday","Closed","Sunday","Closed",,"false","(305) 940-0007","+13059400007","ChIJ3WKfs9yt2YgRgx9yGOjMLQE",,,,"33162",,"28",,"31","30","0","1","0","0","2026-10-05T10:21:24.428Z","https://www.google.com/maps/search/DUI%20attorney/@25.92904476237801,-80.04899409033187,12z?hl=en","DUI attorney",,"Florida","16211 NE 18th Ave Suite 100",,"false","Law Offices of Ivan A. Schertzer","4.9","https://www.google.com/maps/search/?api=1&query=Law%20Offices%20of%20Ivan%20A.%20Schertzer&query_place_id=ChIJ3WKfs9yt2YgRgx9yGOjMLQE","false","https://www.ivanschertzer.com/"
,,,,,,,,,,,,,,,,,,,,,,,,,,,,"19790 W Dixie Hwy Ste 810, Miami, FL 33180","1317945082625764273","Criminal justice attorney",,,,,,,,,,"Criminal justice attorney",,,"16110877000027967104","Miami","US",,,"https://lh3.googleusercontent.com/gps-cs-s/ANWiy9SGhmbpfJ2dKy_gbaerse4fi6r-kmvP6p6lz7ZyMUyfBjmdGVXT2IFPFDyhJZpEGTHWy-TN-fHY0tDS2vZQO-H8JTE5kE82-iqddbTJzvVEv3PxmLuU3SmrH_bAJph4QWFOTD9uNIuTfcA=w408-h272-k-no","/g/11lm_j6x7y","en",,"25.95792","-80.1480482",,,"Monday","Open 24 hours","Tuesday","Open 24 hours","Wednesday","Open 24 hours","Thursday","Open 24 hours","Friday","Open 24 hours","Saturday","Open 24 hours","Sunday","Open 24 hours",,"false","(954) 534-2270","+19545342270","ChIJr36L4nGt2YgRgI6tvkVVld8",,,,"33180",,"31",,"6","5","0","1","0","0","2026-10-05T10:21:24.428Z","https://www.google.com/maps/search/DUI%20attorney/@25.92904476237801,-80.04899409033187,12z?hl=en","DUI attorney",,"Florida","19790 W Dixie Hwy Ste 810",,"false","Fallon Zirpoli P.A.","4.3","https://www.google.com/maps/search/?api=1&query=Fallon%20Zirpoli%20P.A.&query_place_id=ChIJr36L4nGt2YgRgI6tvkVVld8","true","http://www.fallonzirpoli.com/"
,,,,,,,,,,,,,,,,,,,,,,,,,,,,"4770 Biscayne Blvd Ste 1250, Miami, FL 33137","5199154450833955738","Attorney",,,,,,,,,,"Attorney",,,"3357780970479646586","Miami","US",,,"https://streetviewpixels-pa.googleapis.com/v1/thumbnail?panoid=cKKdeHt0Lp0BqF6F7icC7A&cb_client=search.gws-prod.gps&w=408&h=240&yaw=111.56353&pitch=0&thumbfov=100","/g/1v2yznsn","en",,"25.8188842","-80.1886399",,,"Monday","9 AM to 6 PM","Tuesday","9 AM to 6 PM","Wednesday","9 AM to 6 PM","Thursday","9 AM to 6 PM","Friday","9 AM to 6 PM","Saturday","Closed","Sunday","Closed",,"false","(305) 330-6696","+13053306696","ChIJRzTa3XSy2YgRencBmwA8mS4",,,,"33137",,"32",,"11","11","0","0","0","0","2026-10-05T10:21:24.429Z","https://www.google.com/maps/search/DUI%20attorney/@25.92904476237801,-80.04899409033187,12z?hl=en","DUI attorney",,"Florida","4770 Biscayne Blvd Ste 1250",,"false","The Arthur Firm, PL","5","https://www.google.com/maps/search/?api=1&query=The%20Arthur%20Firm%2C%20PL&query_place_id=ChIJRzTa3XSy2YgRencBmwA8mS4","false","http://thearthurfirm.com/"
,,,,,,,,,,,,,,,,,,,,,,,,,,,,"520 NW 165th St, Miami, FL 33169","10029180773960118447","Criminal justice attorney","Civil law attorney","Family law attorney",,,,,,,,"Criminal justice attorney",,,"7394540230607931149","Miami","US",,,,"/g/1tdx9hl3","en",,"25.923239","-80.208456",,,"Monday","9 AM to 6 PM","Tuesday","9 AM to 6 PM","Wednesday","9 AM to 6 PM","Thursday","9 AM to 6 PM","Friday","9 AM to 6 PM","Saturday","Closed","Sunday","Closed",,"false","(305) 899-5012","+13058995012","ChIJ8-9rI26u2YgRDYe4aimvnmY",,,,"33169",,"33",,"37","25","2","10","0","0","2026-10-05T10:21:24.429Z","https://www.google.com/maps/search/DUI%20attorney/@25.92904476237801,-80.04899409033187,12z?hl=en","DUI attorney",,"Florida","520 NW 165th St",,"false","Law Offices of Joshua L. Fisher P.A","3.9","https://www.google.com/maps/search/?api=1&query=Law%20Offices%20of%20Joshua%20L.%20Fisher%20P.A&query_place_id=ChIJ8-9rI26u2YgRDYe4aimvnmY","false","http://www.fishlawesq.com/"
,,,,,,,,,,,,,,,,,,,,,,,,,,,,"5101 Collins Avenue, Miami Beach, FL and, 4500 s Lejuene Rd, Miami Beach, FL 33140","4691371523116951186","Attorney",,,,,,,,,,"Attorney",,,"9106701618234617068","Miami Beach","US",,,,"/g/11j6tbtp8r","en",,"25.827912","-80.1206782",,"Mid-Beach",,,,,,,,,,,,,,,,"false","(305) 479-8483","+13054798483","ChIJH-peAE232YgR7GxZVt-AYX4",,,,"33140",,"36",,"1","1","0","0","0","0","2026-10-05T10:21:24.429Z","https://www.google.com/maps/search/DUI%20attorney/@25.92904476237801,-80.04899409033187,12z?hl=en","DUI attorney",,"FL","5101 Collins Avenue, Miami Beach, FL and, 4500 s Lejuene Rd",,"false","gregory denaro","5","https://www.google.com/maps/search/?api=1&query=gregory%20denaro&query_place_id=ChIJH-peAE232YgR7GxZVt-AYX4",,"http://www.gregdenarolaw.com/"
,,,,,,,,,,,,,,,,,,,,,,,,,,,,"720 NW 103rd St, Miami, FL 33150","973436306118421579","Law firm","Bankruptcy attorney","Civil law attorney","Criminal justice attorney","Immigration attorney","Attorney","Legal services",,,,"Law firm",,,"15248953764113687808","Miami","US",,,"https://lh3.googleusercontent.com/gps-cs-s/ANWiy9Q2_4jnbWhINMUDRwwZOPHOuKtwYBpNaVB2ksELBd-jzoS_hawI16jYHyDPRPwawPCbprUJI3REkGCUf1rq4SQu_DtkxIWHiaEKHrXAAtz9brT1zOO6tQnPyF8L7Ip7kRVTI3YU=w426-h240-k-no","/g/1td141wx","en",,"25.8689359","-80.2106233",,,"Monday","8 AM to 9 PM","Tuesday","8 AM to 9 PM","Wednesday","8 AM to 9 PM","Thursday","8 AM to 9 PM","Friday","8 AM to 9 PM","Saturday","9 AM to 5 PM","Sunday","Closed",,"false","(305) 529-3476","+13055293476","ChIJAxPB5L2x2YgRACVa8qcqn9M",,,,"33150",,"38",,"3101","2838","112","109","22","20","2026-10-05T10:21:24.429Z","https://www.google.com/maps/search/DUI%20attorney/@25.92904476237801,-80.04899409033187,12z?hl=en","DUI attorney",,"Florida","720 NW 103rd St",,"false","TRAFFIC TICKET OFFICE Anthony Mallo, Esq.","4.8","https://www.google.com/maps/search/?api=1&query=TRAFFIC%20TICKET%20OFFICE%20Anthony%20Mallo%2C%20Esq.&query_place_id=ChIJAxPB5L2x2YgRACVa8qcqn9M","false","http://www.trafficticketoffice.com/"
,,,,,,,,,,,,,,,,,,,,,,,,,,,,"102 Hialeah Dr, Hialeah, FL 33010","7162053476198455068","Law firm",,,,,,,,,,"Law firm",,,"6430655661806591904","Hialeah","US",,,"https://lh3.googleusercontent.com/gps-cs-s/ANWiy9TCSej5v_JlvRIZUD5gyeo8Sl_3wT5U-EsGbapGS08tX0KEWwxTzvS9ybmsPMYeOn3vJEzatyG9jHaOArhYzMwCwARQvenQbfkR8W7uf8dvKlSs_VMWbQ732PLUa2JpGV8I2wwvNoFDifU=w408-h608-k-no","/g/11fxwqc7kx","en",,"25.8226038","-80.2791723",,,"Monday","9 AM to 5 PM","Tuesday","9 AM to 5 PM","Wednesday","9 AM to 5 PM","Thursday","9 AM to 5 PM","Friday","9 AM to 5 PM","Saturday","9 AM to 1 PM","Sunday","Closed",,"false","(305) 778-7113","+13057787113","ChIJp7rxFIO62YgRoB_W2kBHPlk",,,,"33010",,"40",,"18","18","0","0","0","0","2026-10-05T10:21:24.429Z","https://www.google.com/maps/search/DUI%20attorney/@25.92904476237801,-80.04899409033187,12z?hl=en","DUI attorney",,"Florida","102 Hialeah Dr",,"false","Alex Gonzalez, P.L.","5","https://www.google.com/maps/search/?api=1&query=Alex%20Gonzalez%2C%20P.L.&query_place_id=ChIJp7rxFIO62YgRoB_W2kBHPlk","false","http://alexgonzalezpl.com/"
,,,,,,,,,,,,,,,,,,,,,,,,,,,,"12550 Biscayne Blvd #401, North Miami, FL 33181","15282472587750897934","Criminal justice attorney","Real estate attorney","General practice attorney","Attorney","Personal injury attorney","Trial attorney",,,,,"Criminal justice attorney",,,"17585304808477805346","North Miami","US",,,"https://streetviewpixels-pa.googleapis.com/v1/thumbnail?panoid=mD2JGRYcHCWE1HYvRsR8Hg&cb_client=search.gws-prod.gps&w=408&h=240&yaw=167.47748&pitch=0&thumbfov=100","/g/1tkr01rd","en",,"25.8922843","-80.1635435",,,"Monday","10 AM to 5 PM","Tuesday","10 AM to 5 PM","Wednesday","10 AM to 5 PM","Thursday","10 AM to 5 PM","Friday","10 AM to 5 PM","Saturday","Closed","Sunday","Closed",,"false","(305) 571-9800","+13055719800","ChIJx24eZVax2YgRIstJaI2NC_Q",,,,"33181",,"42",,"167","159","2","5","0","1","2026-10-05T10:21:24.674Z","https://www.google.com/maps/search/criminal%20defense%20attorney/@25.92904476237801,-80.04899409033187,12z?hl=en","criminal defense attorney",,"Florida","12550 Biscayne Blvd #401",,"false","Pensky & Kim, P.A.","4.9","https://www.google.com/maps/search/?api=1&query=Pensky%20%26%20Kim%2C%20P.A.&query_place_id=ChIJx24eZVax2YgRIstJaI2NC_Q","false","http://www.penskykim.com/"
,,,,,,,,,,,,,,,,,,,,,,,,,,,,"1031 Ives Dairy Rd Ste 228 #425, Miami, FL 33179","117318045768447061","Criminal justice attorney","Civil defense","Civil law attorney","Personal injury attorney","Divorce lawyer","Estate planning attorney","Family law attorney","Immigration attorney","Insurance attorney",,"Criminal justice attorney",,,"7683068106288232589","Miami","US",,,"https://lh3.googleusercontent.com/gps-cs-s/AHRPTWn9Ig0jzzoyQHjL3Vx0iXMUsjjYm3CNVERXt00MGyIfZ5U4glORSvWGp7oj5_Jhl_1qMA-X_k4G_C9hKnwgKmrh25BqU_L4IrZ030E1KwuseaDr_-d2XQGUtgDeTL2oe-4WQohGTQ=w408-h272-k-no","/g/11jt0zxhs_","en",,"25.9656609","-80.1810985",,,"Monday","Open 24 hours","Tuesday","Open 24 hours","Wednesday","Open 24 hours","Thursday","Open 24 hours","Friday","Open 24 hours","Saturday","Open 24 hours","Sunday","Open 24 hours",,"false","(305) 814-8775","+13058148775","ChIJtdZ2S4St2YgRjXhxbLy9n2o",,,,"33179",,"48",,"53","50","1","2","0","0","2026-10-05T10:21:24.674Z","https://www.google.com/maps/search/criminal%20defense%20attorney/@25.92904476237801,-80.04899409033187,12z?hl=en","criminal defense attorney",,"Florida","1031 Ives Dairy Rd Ste 228 #425",,"false","Campbell Law and Associates PLLC","4.8","https://www.google.com/maps/search/?api=1&query=Campbell%20Law%20and%20Associates%20PLLC&query_place_id=ChIJtdZ2S4St2YgRjXhxbLy9n2o","true","http://campbelllawfl.com/"
,,,,,,,,,,,,,,,,,,,,,,,,,,,,"4770 Biscayne Blvd Ste 1250, Miami, FL 33137","12071460160302440571","Attorney",,,,,,,,,,"Attorney",,,"670795170650107133","Miami","US",,,"https://lh3.googleusercontent.com/gps-cs-s/AHRPTWnRS2RNWgZXkpR45YnsiJANry8l6X7JDX46AG_luJ4pc_amjXqtmhR9cpcF5g6fTe1XrhCjlnFOOuStPGkmu_Yn1G4gt4Y0txnrxC0Zu0_9ULn8oHsFwBS54EJU6WFmLpLWD3O1-A=w408-h862-k-no","/g/11c606hvwm","en",,"25.8188787","-80.1884906",,,"Monday","9 AM to 5 PM","Tuesday","9 AM to 5 PM","Wednesday","9 AM to 5 PM","Thursday","9 AM to 5 PM","Friday","9 AM to 5 PM","Saturday","Closed","Sunday","Closed",,"false","(305) 576-1011","+13055761011","ChIJc0MTjlix2YgR_aylV6ckTwk",,,,"33137",,"50",,"22","20","1","1","0","0","2026-10-05T10:21:24.675Z","https://www.google.com/maps/search/criminal%20defense%20attorney/@25.92904476237801,-80.04899409033187,12z?hl=en","criminal defense attorney",,"Florida","4770 Biscayne Blvd Ste 1250",,"false","The Handfield Firm","4.8","https://www.google.com/maps/search/?api=1&query=The%20Handfield%20Firm&query_place_id=ChIJc0MTjlix2YgR_aylV6ckTwk","false","http://www.thehandfieldfirm.com/"
,,,,,,,,,,,,,,,,,,,,,,,,,,,,"10800 Biscayne Blvd #700, Miami, FL 33161","695791417118990204","Personal injury attorney","Insurance attorney","Law firm","Attorney","Trial attorney",,,,,,"Personal injury attorney",,,"18225906845149799478","Miami","US",,,"https://lh3.googleusercontent.com/gps-cs-s/AHRPTWnA2MAG0lCoTDGazpgqlw3q2yGXmpCul6qXC__dKADtQwpH3-8tkfg4O20yxLSe-C_h94bvi4soA3lcr8k6nRotmfZmF6EKKX7aY30GCb96RWcvIwPk8BF_BWkmQZb6U_oWt1IZB-7B4Rg=w408-h271-k-no","/g/1tc_lyrt","en",,"25.8751774","-80.1707324",,,"Monday","Open 24 hours","Tuesday","Open 24 hours","Wednesday","Open 24 hours","Thursday","Open 24 hours","Friday","Open 24 hours","Saturday","Open 24 hours","Sunday","Open 24 hours",,"false","(305) 373-3730","+13053733730","ChIJYd9l0RWy2YgRNqSD7rVt7_w",,,,"33161",,"52",,"15","15","0","0","0","0","2026-10-05T10:21:24.675Z","https://www.google.com/maps/search/criminal%20defense%20attorney/@25.92904476237801,-80.04899409033187,12z?hl=en","criminal defense attorney",,"Florida","10800 Biscayne Blvd #700",,"false","The Altman Law Firm","5","https://www.google.com/maps/search/?api=1&query=The%20Altman%20Law%20Firm&query_place_id=ChIJYd9l0RWy2YgRNqSD7rVt7_w","true","http://altmanlawfirm.com/"
,,,,,,,,,,,,,,,,,,,,,,,,,,,,"19790 W Dixie Hwy #701, Aventura, FL 33180","15392111383632370128","Law firm",,,,,,,,,,"Law firm",,,"1364699410880685491","Aventura","US",,,"https://lh3.googleusercontent.com/gps-cs-s/AHRPTWkkpIqsu05pYYuakHzqvt3s1Kt-yTpsuEN2hENPvrJKHME7t1sbjy8uzumxDel8Sqmmd6oQiNQO4QLpN_ojuvJSx_5D3ZuvTd5DfSTdeaH5mCG5E1_jhXuOpq_QeP2O5cT8P3iDGmpRPiWv=w425-h240-k-no","/g/11bc73g2xt","en",,"25.95792","-80.1480482",,,"Monday","8 AM to 9 PM","Tuesday","8 AM to 9 PM","Wednesday","8 AM to 9 PM","Thursday","8 AM to 9 PM","Friday","8 AM to 9 PM","Saturday","Closed","Sunday","Closed",,"false","(954) 404-7496","+19544047496","ChIJmYl2cOGr2YgRs2W6OuJi8BI",,,,"33180",,"53",,"168","158","4","6","0","0","2026-10-05T10:21:24.675Z","https://www.google.com/maps/search/criminal%20defense%20attorney/@25.92904476237801,-80.04899409033187,12z?hl=en","criminal defense attorney",,"Florida","19790 W Dixie Hwy #701",,"false","Law Offices of Fesner Petion","4.8","https://www.google.com/maps/search/?api=1&query=Law%20Offices%20of%20Fesner%20Petion&query_place_id=ChIJmYl2cOGr2YgRs2W6OuJi8BI","false","http://www.petionlaw.com/"
,,,,,,,,,,,,,,,,,,,,,,,,,,,,"99 NE 167th St, Miami, FL 33162",,"Attorney",,,,,,,,,,"Attorney",,,"11634008624425596627","Miami","US",,,"https://lh3.googleusercontent.com/gps-cs-s/AHRPTWnuCHU0X8_5eZRsc-EGcDV1VlQX2nPm47OKk_EJ_7bQtImYEXSdTcSdH-Wf3O4NorsCjvMB6__XZb0ZdNIGwEZBInUlJ063dSfXYikRn1kHPu8ciu7uvBP9p1re1mYMFiU1w7BN=w408-h306-k-no","/g/1wrgkz88","en",,"25.9283647","-80.1985247",,,,,,,,,,,,,,,,,,"false","(305) 999-9155","+13059999155","ChIJ_75HhW6u2YgR0_a3TDRNdKE",,,,"33162",,"58",,"18","17","0","1","0","0","2026-10-05T10:21:24.675Z","https://www.google.com/maps/search/criminal%20defense%20attorney/@25.92904476237801,-80.04899409033187,12z?hl=en","criminal defense attorney",,"Florida","99 NE 167th St",,"false","Gregg R Weiss PA","4.8","https://www.google.com/maps/search/?api=1&query=Gregg%20R%20Weiss%20PA&query_place_id=ChIJ_75HhW6u2YgR0_a3TDRNdKE",,"https://www.greggrweisslaw.com/"
,,,,,,,,,,,,,,,,,,,,,,,,,,,,"179 NE 96th St, Miami Shores, FL 33138",,"Law firm",,,,,,,,,,"Law firm",,,"2862576321398962184","Miami Shores","US",,,"https://streetviewpixels-pa.googleapis.com/v1/thumbnail?panoid=c95x7JAQodANzFL8owsKWA&cb_client=search.gws-prod.gps&w=408&h=240&yaw=15.962448&pitch=0&thumbfov=100","/g/11h23wj7f0","en",,"25.8638178","-80.1936524",,,,,,,,,,,,,,,,,,"false","(305) 754-5011","+13057545011","ChIJ_f9PSI-x2YgRCPhta__puSc",,,,"33138",,"43",,,,,,,,"2026-10-05T10:21:25.259Z","https://www.google.com/maps/search/DUI%20attorney/@25.92904476237801,-80.04899409033187,12z?hl=en","DUI attorney",,"Florida","179 NE 96th St",,"false","Duncan Law Firm",,"https://www.google.com/maps/search/?api=1&query=Duncan%20Law%20Firm&query_place_id=ChIJ_f9PSI-x2YgRCPhta__puSc",,"http://zduncanlaw.com/"
,,,,,,,,,,,,,,,,,,,,,,,,,,,,"18851 NE 29th Ave #750, Aventura, FL 33180","5352013702899635188","Criminal justice attorney","Law firm","Attorney","Trial attorney",,,,,,,"Criminal justice attorney",,,"15545993059707192832","Aventura","US",,,"https://lh3.googleusercontent.com/gps-cs-s/AHRPTWkSz5eqpa2XgnN5LDlG7D6u24zkCR0Gjbk9xqaggyZuDPCOqNEDQL1peKplhNAg-pQxuXWfkwcohD27sSxj42xQDI8Ntqhc07KAWXn2e44C0-Sz-xGkuBvYOJjvyWCjPYwpWfes7A=w408-h408-k-no","/g/11pqrdqyrs","en",,"25.950174","-80.141689",,,"Monday","9 AM to 6 PM","Tuesday","9 AM to 6 PM","Wednesday","9 AM to 6 PM","Thursday","9 AM to 6 PM","Friday","9 AM to 6 PM","Saturday","Closed","Sunday","Closed",,"false","(305) 874-0279","+13058740279","ChIJdQxKd9Wt2YgRAAaJVFJ2vtc",,,,"33180",,"44",,"3","3","0","0","0","0","2026-10-05T10:21:25.259Z","https://www.google.com/maps/search/DUI%20attorney/@25.92904476237801,-80.04899409033187,12z?hl=en","DUI attorney",,"Florida","18851 NE 29th Ave #750",,"false","Meltzer & Bell, P.A.","5","https://www.google.com/maps/search/?api=1&query=Meltzer%20%26%20Bell%2C%20P.A.&query_place_id=ChIJdQxKd9Wt2YgRAAaJVFJ2vtc","false","http://www.meltzerandbell.com/"
,,,,,,,,,,,,,,,,,,,,,,,,,,,,"160 NW 176th St Ste 300, Miami Gardens, FL 33169","17084544527254494913","Personal injury attorney","Law firm","Attorney","Legal services","Trial attorney",,,,,,"Personal injury attorney",,,"150035441417131847","Miami Gardens","US",,,"https://lh3.googleusercontent.com/gps-cs-s/AHRPTWmBxPqApsCpK8nesJPNt6BGaBItJne3nYODQ9PazeJPnbUcjmkNOIwzm3x01j_9M7HV2AxC-Rkd7m4DT5Hgnjl_3Jzz4L55gm6keAeaeIBpfHiVdDCs91A1DkAWq6IIZxMet2ku2VAvPBI1=w408-h408-k-no","/g/11h01spp7m","en",,"25.9355914","-80.2041231",,,"Monday","Open 24 hours","Tuesday","Open 24 hours","Wednesday","Open 24 hours","Thursday","Open 24 hours","Friday","Open 24 hours","Saturday","Open 24 hours","Sunday","Open 24 hours",,"false","(786) 600-2218","+17866002218","ChIJs_P_436v2YgRRxdjZXAIFQI",,,,"33169",,"45",,"548","547","0","1","0","0","2026-10-05T10:21:25.259Z","https://www.google.com/maps/search/DUI%20attorney/@25.92904476237801,-80.04899409033187,12z?hl=en","DUI attorney",,"Florida","160 NW 176th St Ste 300",,"false","Blakeley Car Accident & Personal Injury Lawyers Miami Gardens","5","https://www.google.com/maps/search/?api=1&query=Blakeley%20Car%20Accident%20%26%20Personal%20Injury%20Lawyers%20Miami%20Gardens&query_place_id=ChIJs_P_436v2YgRRxdjZXAIFQI","true","https://www.floridainjuryadvocate.com/miami-gardens/personal-injury-lawyer/?utm_source=google&utm_medium=organic&utm_campaign=gbp-listing-miami-gardens"
,,,,,,,,,,,,,,,,,,,,,,,,,,,,"12550 Biscayne Blvd Ste 608, Miami, FL 33181","16236292341322380979","Law firm","Legal services",,,,,,,,,"Law firm",,,"8966063255193007221","Miami","US",,,"https://streetviewpixels-pa.googleapis.com/v1/thumbnail?panoid=nbT_47kyu5eCCfdVdYBG3w&cb_client=search.gws-prod.gps&w=408&h=240&yaw=169.28233&pitch=0&thumbfov=100","/g/11y5myd0q_","en",,"25.8922649","-80.1641631",,,"Monday","9 AM to 5 PM","Tuesday","9 AM to 5 PM","Wednesday","9 AM to 5 PM","Thursday","9 AM to 5 PM","Friday","9 AM to 5 PM","Saturday","Closed","Sunday","Closed",,"false","(844) 777-8529","+18447778529","ChIJm4AjVz2z2YgRdTR2vwbbbXw",,,,"33181",,"47",,"3","3","0","0","0","0","2026-10-05T10:21:25.259Z","https://www.google.com/maps/search/DUI%20attorney/@25.92904476237801,-80.04899409033187,12z?hl=en","DUI attorney",,"Florida","12550 Biscayne Blvd Ste 608",,"false","Traffic Ticket ER","5","https://www.google.com/maps/search/?api=1&query=Traffic%20Ticket%20ER&query_place_id=ChIJm4AjVz2z2YgRdTR2vwbbbXw","false","https://www.trafficticketer.com/"
,,,,,,,,,,,,,,,,,,,,,,,,,,,,"19495 Biscayne Blvd #403, Aventura, FL 33180","3083435817970748427","Personal injury attorney","Law firm","Legal services",,,,,,,,"Personal injury attorney",,,"13051615190563054022","Aventura","US",,,"https://lh3.googleusercontent.com/gps-cs-s/AHRPTWkDTVEap2ZFVuu011tdOc1YDQotWg3_-lAcNWey88MSlnmHR--K0AcXaNYnoYCIjWUG_si5BRvFLyaK0JlDczFDuvXW1Oad7WM2K7PTfN-KefknyABx7tEh1ztcHsjAvg2f-l9x=w408-h272-k-no","/g/1260vft26","en",,"25.9561639","-80.1463094",,,"Monday","Open 24 hours","Tuesday","Open 24 hours","Wednesday","Open 24 hours","Thursday","Open 24 hours","Friday","Open 24 hours","Saturday","Open 24 hours","Sunday","Open 24 hours",,"false","(305) 419-1379","+13054191379","ChIJTxEJ9IS22YgRxmGait2mILU",,,,"33180",,"48",,"133","130","0","3","0","0","2026-10-05T10:21:25.259Z","https://www.google.com/maps/search/DUI%20attorney/@25.92904476237801,-80.04899409033187,12z?hl=en","DUI attorney",,"Florida","19495 Biscayne Blvd #403",,"false","Kaire & Heffernan, PLLC","4.9","https://www.google.com/maps/search/?api=1&query=Kaire%20%26%20Heffernan%2C%20PLLC&query_place_id=ChIJTxEJ9IS22YgRxmGait2mILU","true","https://www.kairelaw.com/aventura-injury/?utm_source=GBP&utm_medium=GBP&utm_campaign=GBP_Aventura&utm_id=GBP_Aventura"
,,,,,,,,,,,,,,,,,,,,,,,,,,,,"20801 Biscayne Blvd #304, Aventura, FL 33180","16921346324269939732","Attorney",,,,,,,,,,"Attorney",,,"10635744245433252882","Aventura","US",,,"https://lh3.googleusercontent.com/gps-cs-s/AHRPTWkb9e-yovDmQdjMF7KEOFkG8KE-ZmCqZmAgnMdHepVFWn28c94OYiuTzpGW3FB6GC1Pb3z9zV2JqZg5MwPWbxYFncEz4AUJWhcpvbUBA1TQHod-Yump7MUn-c5ge2evFar7XQBO=w408-h544-k-no","/g/11b8_r82d8","en",,"25.9683913","-80.1436093",,,"Monday","9 AM to 7 PM","Tuesday","9 AM to 7 PM","Wednesday","9 AM to 7 PM","Thursday","9 AM to 7 PM","Friday","9 AM to 7 PM","Saturday","Closed","Sunday","Closed",,"false","(305) 682-0401","+13056820401","ChIJ4zjHxGGs2YgREjz0ZgrBmZM",,,,"33180",,"53",,"26","25","0","0","0","1","2026-10-05T10:21:25.259Z","https://www.google.com/maps/search/DUI%20attorney/@25.92904476237801,-80.04899409033187,12z?hl=en","DUI attorney",,"Florida","20801 Biscayne Blvd #304",,"false","Law Offices Of Steven Veinger, P.A.","4.9","https://www.google.com/maps/search/?api=1&query=Law%20Offices%20Of%20Steven%20Veinger%2C%20P.A.&query_place_id=ChIJ4zjHxGGs2YgREjz0ZgrBmZM","false","https://veingerlaw.com/"
,,,,,,,,,,,,,,,,,,,,,,,,,,,,"801 NE 167th St STE# 311, North Miami Beach, FL 33162","17953277220040529838","Attorney",,,,,,,,,,"Attorney",,,"6199252684596629786","North Miami Beach","US",,,"https://lh3.googleusercontent.com/gps-cs-s/AHRPTWk7eR666XEwXSAVaBEzUADto4dmwek7qkR4aYFNFGX2WYUVRfwSrU8ovi0KciisXW4qcP5GEisaKZHEbKo2eUnP3iVvyauWCTo_BM3GmaRcJX6SFaxHC4pGakEzR6FLIUZ5G5uXotylEl5y=w408-h544-k-no","/g/1tgx2tx6","en",,"25.9291625","-80.1839031",,,"Monday","10 AM to 5 PM","Tuesday","10 AM to 5 PM","Wednesday","10 AM to 3 PM","Thursday","10 AM to 5 PM","Friday","10 AM to 3 PM","Saturday","Closed","Sunday","Closed",,"false","(305) 690-9997","+13056909997","ChIJCwxIo2uu2YgRGtFEungrCFY",,,,"33162",,"54",,"26","22","1","3","0","0","2026-10-05T10:21:25.259Z","https://www.google.com/maps/search/DUI%20attorney/@25.92904476237801,-80.04899409033187,12z?hl=en","DUI attorney",,"Florida","801 NE 167th St STE# 311",,"false","Rodney N. Laham Attorney At Law","4.5","https://www.google.com/maps/search/?api=1&query=Rodney%20N.%20Laham%20Attorney%20At%20Law&query_place_id=ChIJCwxIo2uu2YgRGtFEungrCFY","false","https://rlahamesq.com/"
,,,,,,,,,,,,,,,,,,,,,,,,,,,,"3323 NE 163rd St Ste 200, North Miami Beach, FL 33160",,"Personal injury attorney","Attorney referral service","Civil law attorney","Insurance attorney","Law firm","Attorney","Legal services","Trial attorney",,,"Personal injury attorney",,,"4214487590045664434","North Miami Beach","US",,,"https://streetviewpixels-pa.googleapis.com/v1/thumbnail?panoid=bjkBSM5nxPyIk4-K-e8KeA&cb_client=search.gws-prod.gps&w=408&h=240&yaw=349.29913&pitch=0&thumbfov=100","/g/11gwk59hrk","en",,"25.9281455","-80.1373456",,,"Monday","Open 24 hours","Tuesday","Open 24 hours","Wednesday","Open 24 hours","Thursday","Open 24 hours","Friday","Open 24 hours","Saturday","Open 24 hours","Sunday","Open 24 hours",,"false","(786) 686-0889","+17866860889","ChIJ9_ks6_Ot2YgRssT2QiLefDo",,,,"33160",,"57",,"3","3","0","0","0","0","2026-10-05T10:21:25.260Z","https://www.google.com/maps/search/DUI%20attorney/@25.92904476237801,-80.04899409033187,12z?hl=en","DUI attorney",,"Florida","3323 NE 163rd St Ste 200",,"false","Hughes Mathews Legal Group","5","https://www.google.com/maps/search/?api=1&query=Hughes%20Mathews%20Legal%20Group&query_place_id=ChIJ9_ks6_Ot2YgRssT2QiLefDo","true","https://hughesmathews.com/north-miami-beach-fl-personal-injury-car-accident-workers-comp-lawyers/"
,,,,,,,,,,,,,,,,,,,,,,,,,,,,"20900 NE 30th Ave Ste 715, Aventura, FL 33180","4436125262788377761","Personal injury attorney","Civil law attorney","Insurance attorney","Law firm","Attorney","Legal services","Medical lawyer","Trial attorney",,,"Personal injury attorney",,,"16405237180097605037","Aventura","US",,,"https://lh3.googleusercontent.com/gps-cs-s/AHRPTWnRs3WnmQeW7Pq_moo0AVVE4LUr3W5xBRoNQccKVbAKYSEEkYqI1HdCVTVtKYiYUvfwFhBi1l615VZRUHvSjjL_IbPzGtZZV9f1J4AfhfqKaLm4yfrR9KddSyj86L9W1zPJ35I=w408-h272-k-no","/g/11ffw5r7jd","en",,"25.9695704","-80.1422241",,,"Monday","Open 24 hours","Tuesday","Open 24 hours","Wednesday","Open 24 hours","Thursday","Open 24 hours","Friday","Open 24 hours","Saturday","Open 24 hours","Sunday","Open 24 hours",,"false","(786) 461-1741","+17864611741","ChIJYYRlP_Kt2YgRra2_70scq-M",,,,"33180",,"58",,"129","126","0","3","0","0","2026-10-05T10:21:25.260Z","https://www.google.com/maps/search/DUI%20attorney/@25.92904476237801,-80.04899409033187,12z?hl=en","DUI attorney",,"Florida","20900 NE 30th Ave Ste 715",,"false","Shaked Law Personal Injury Lawyers Aventura","4.9","https://www.google.com/maps/search/?api=1&query=Shaked%20Law%20Personal%20Injury%20Lawyers%20Aventura&query_place_id=ChIJYYRlP_Kt2YgRra2_70scq-M","true","https://shakedlaw.com/?utm_campaign=gmb&utm_medium=organic&utm_source=google"
,,,,,,,,,,,,,,,,,,,,,,,,,,,,"2980 NE 207th St Ste 300, Aventura, FL 33180","11698273566342286466","Personal injury attorney",,,,,,,,,,"Personal injury attorney",,,"1885464389936648908","Aventura","US",,,"https://lh3.googleusercontent.com/gps-cs-s/AHRPTWnswMXENAs9beANi8ssyWqn97ScRpp-IJ0IMdLdodUt5X2eN3dRouWjmep3QFbbqT2dc6Y__9S2rPWqrHHi9HZ3PQgO2vaVMcS5d5eX5KkdD8ReDJFePKydpmiDdZHB4WYoTuU=w408-h510-k-no","/g/11gjyvg8mk","en",,"25.9668516","-80.1422914",,,"Monday","8:30 AM to 7 PM","Tuesday","8:30 AM to 7 PM","Wednesday","8:30 AM to 7 PM","Thursday","8:30 AM to 7 PM","Friday","8:30 AM to 6 PM","Saturday","Closed","Sunday","Closed",,"false","(754) 444-8431","+17544448431","ChIJu3MYE56t2YgRzJLSft-DKho",,,,"33180",,"59",,"25","25","0","0","0","0","2026-10-05T10:21:25.260Z","https://www.google.com/maps/search/DUI%20attorney/@25.92904476237801,-80.04899409033187,12z?hl=en","DUI attorney",,"Florida","2980 NE 207th St Ste 300",,"false","The Law Offices of Daniel S. Elimelech, P.A.","5","https://www.google.com/maps/search/?api=1&query=The%20Law%20Offices%20of%20Daniel%20S.%20Elimelech%2C%20P.A.&query_place_id=ChIJu3MYE56t2YgRzJLSft-DKho","false","http://www.soflinjurylaw.com/"
,,,,,,,,,,,,,,,,,,,,,,,,,,,,"2950 NW 88th St, Miami, FL 33147","5429987860095913783","Attorney","Criminal justice attorney","Family law attorney","Lawyers association","Personal injury attorney",,,,,,"Attorney",,,"12272523188994357503","Miami","US",,,"https://streetviewpixels-pa.googleapis.com/v1/thumbnail?panoid=m-6CS1YL4a2I85EEESV7lg&cb_client=search.gws-prod.gps&w=408&h=240&yaw=180.24544&pitch=0&thumbfov=100","/g/11hd56x3dh","en",,"25.8545234","-80.2452224",,,"Monday","9 AM to 5 PM","Tuesday","9 AM to 5 PM","Wednesday","9 AM to 5 PM","Thursday","9 AM to 5 PM","Friday","9 AM to 5 PM","Saturday","Closed","Sunday","Closed",,"false","(305) 326-8880","+13053268880","ChIJ__-PkNy22YgR_7jAWdHCUKo",,,,"33147",,"60",,"1","1","0","0","0","0","2026-10-05T10:21:25.260Z","https://www.google.com/maps/search/DUI%20attorney/@25.92904476237801,-80.04899409033187,12z?hl=en","DUI attorney",,"Florida","2950 NW 88th St",,"false","Edward Mark Rogers ESQ","5","https://www.google.com/maps/search/?api=1&query=Edward%20Mark%20Rogers%20ESQ&query_place_id=ChIJ__-PkNy22YgR_7jAWdHCUKo","false",
,,,,,,,,,,,,,,,,,,,,,,,,,,,,"102 E 49th St #201, Hialeah, FL 33013","17324347008669172507","Personal injury attorney","Insurance attorney","Legal services","Notary public","Trial attorney",,,,,,"Personal injury attorney",,,"13444448028644619006","Hialeah","US",,,"https://streetviewpixels-pa.googleapis.com/v1/thumbnail?panoid=2AAV7hG6J1I1ttcJqtuX3A&cb_client=search.gws-prod.gps&w=408&h=240&yaw=172.12656&pitch=0&thumbfov=100","/g/1thy0lzg","en",,"25.8666598","-80.2807605",,,"Monday","Open 24 hours","Tuesday","Open 24 hours","Wednesday","Open 24 hours","Thursday","Open 24 hours","Friday","Open 24 hours","Saturday","Open 24 hours","Sunday","Open 24 hours",,"false","(305) 698-3421","+13056983421","ChIJM-rxFIO62YgR_jKQFEBGlLo",,,,"33013",,"62",,"16","14","0","2","0","0","2026-10-05T10:21:25.913Z","https://www.google.com/maps/search/criminal%20defense%20attorney/@25.92904476237801,-80.04899409033187,12z?hl=en","criminal defense attorney",,"Florida","102 E 49th St #201",,"false","The Law Offices of Carlos O. Gomez","4.5","https://www.google.com/maps/search/?api=1&query=The%20Law%20Offices%20of%20Carlos%20O.%20Gomez&query_place_id=ChIJM-rxFIO62YgR_jKQFEBGlLo","true","http://www.cogomezlaw.com/"
,,,,,,,,,,,,,,,,,,,,,,,,,,,,"118 E 49th St, Hialeah, FL 33013",,"Attorney",,,,,,,,,,"Attorney",,,"16314640449668442597","Hialeah","US",,,"https://streetviewpixels-pa.googleapis.com/v1/thumbnail?panoid=dMHQOx_E6zjFDXHNk5wG-g&cb_client=search.gws-prod.gps&w=408&h=240&yaw=124.18471&pitch=0&thumbfov=100","/g/1td4w1yb","en",,"25.866777","-80.280458",,,,,,,,,,,,,,,,,,"false","(305) 827-0035","+13058270035","ChIJ7drzFoO62YgR5em04Aw_aeI",,,,"33013",,"67",,"50","39","1","10","0","0","2026-10-05T10:21:25.913Z","https://www.google.com/maps/search/criminal%20defense%20attorney/@25.92904476237801,-80.04899409033187,12z?hl=en","criminal defense attorney",,"Florida","118 E 49th St",,"false","Gloria C Gonzalez Law Offices","4.2","https://www.google.com/maps/search/?api=1&query=Gloria%20C%20Gonzalez%20Law%20Offices&query_place_id=ChIJ7drzFoO62YgR5em04Aw_aeI",,"http://gloriagonzalezlaw.com/"
,,,,,,,,,,,,,,,,,,,,,,,,,,,,"8101 Biscayne Blvd penthouse 701, Miami, FL 33138","7879212320810736908","Criminal justice attorney","Family law attorney","Divorce lawyer","Attorney","Legal services",,,,,,"Criminal justice attorney",,,"16428784832779899458","Miami","US",,,"https://lh3.googleusercontent.com/gps-cs-s/AHRPTWn4GIKHQL0IvYrcANBPSgVSbAicjATgWwtWF5z0kDs8AGiiKUFKKSCgIdF914lDFvCRiSo6jiV_rJOHHxLMDzbMnbltd6-KNRtaNj1Zw2FqVMVJMlE4vzySewdrfUPA1f40SO0pdg=w408-h272-k-no","/g/11qn131ywl","en",,"25.8497078","-80.1844328",,"Upper East Side","Monday","9 AM to 6 PM","Tuesday","9 AM to 6 PM","Wednesday","9 AM to 6 PM","Thursday","9 AM to 6 PM","Friday","9 AM to 6 PM","Saturday","Closed","Sunday","Closed",,"false","(305) 768-9004","+13057689004","ChIJJwi5-7Sz2YgRQtIrEcPE_uM",,,,"33138",,"68",,"58","57","0","1","0","0","2026-10-05T10:21:25.913Z","https://www.google.com/maps/search/criminal%20defense%20attorney/@25.92904476237801,-80.04899409033187,12z?hl=en","criminal defense attorney",,"Florida","8101 Biscayne Blvd penthouse 701",,"false","Gregory Vincent Alcaro, P.A.","4.9","https://www.google.com/maps/search/?api=1&query=Gregory%20Vincent%20Alcaro%2C%20P.A.&query_place_id=ChIJJwi5-7Sz2YgRQtIrEcPE_uM","false","https://www.wefightforyoufl.com/"
,,,,,,,,,,,,,,,,,,,,,,,,,,,,"115 NW 167th St 3rd floor, Miami, FL 33169","11217031767471703878","Attorney",,,,,,,,,,"Attorney",,,"15188103956928598982","Miami","US",,,"https://lh3.googleusercontent.com/gps-cs-s/AHRPTWm1LPnsrVgSk47yzpHozkN3jwwss69ud-j9_x5VUNZSHgCXdcfrP52aw1kw3UPFSmrVYcP6IhEZCNb22TL8NNSOzx2htoymio2v-apesMXW9RxPVC_NCB9ijJAZhC3_MX9YZ-0=w408-h306-k-no","/g/1vg_82pw","en",,"25.9283116","-80.2025984",,,"Monday","9 AM to 5:30 PM","Tuesday","9 AM to 5:30 PM","Wednesday","9 AM to 5:30 PM","Thursday","9 AM to 5:30 PM","Friday","9 AM to 5:30 PM","Saturday","Closed","Sunday","Closed",,"false","(305) 944-9120","+13059449120","ChIJK3KBom6u2YgRxhNvLBT8xtI",,,,"33169",,"69",,"47","33","0","12","0","2","2026-10-05T10:21:25.913Z","https://www.google.com/maps/search/criminal%20defense%20attorney/@25.92904476237801,-80.04899409033187,12z?hl=en","criminal defense attorney",,"Florida","115 NW 167th St 3rd floor",,"false","Rhonda F. Gelfman, Esq","3.9","https://www.google.com/maps/search/?api=1&query=Rhonda%20F.%20Gelfman%2C%20Esq&query_place_id=ChIJK3KBom6u2YgRxhNvLBT8xtI","false","http://www.gelfmanassociates.com/;%20www.GelfmanLegal.com"
,,,,,,,,,,,,,,"Monday","9 AM–7 PM","Tuesday","9 AM–7 PM","Wednesday","9 AM–7 PM","Thursday","9 AM–7 PM","Friday","9 AM–7 PM","Saturday","9 AM–7 PM","Sunday","9 AM–7 PM","5750 Collins Ave, Miami Beach, FL 33140","6239399516099917840","Criminal justice attorney","Administrative attorney","Condominium complex","Civil law attorney","Employment attorney","General practice attorney","Immigration attorney","Trial attorney",,,"Criminal justice attorney",,,"13724503644315356607","Miami Beach","US",,,"https://lh3.googleusercontent.com/gps-cs-s/AHRPTWkJVor4BR322Y6c6-ooW7pvl8cBwq4-x3IO-7N7o5ujH-nALabgLu65xi7dB6zHYpMQ1BdYqWd6eteLWiLsc8-6nT00VrS2vlt39mB2IrM43WCPSg3Wq5trJ70F4onfpmepaFIoAw=w408-h408-k-no","/g/1hhxmpj7_","en",,"25.8391658","-80.1213209",,"Mid-Beach","Monday","9 AM to 8 PM","Tuesday","Open 24 hours","Wednesday","9 AM to 8 PM","Thursday","9 AM to 8 PM","Friday","9 AM to 8 PM","Saturday","12 to 7 PM","Sunday","12 to 7 PM",,"false","(786) 306-1293","+17863061293","ChIJzStluRiz2YgRv434VVk7d74",,,,"33140",,"70",,"3","3","0","0","0","0","2026-10-05T10:21:25.913Z","https://www.google.com/maps/search/criminal%20defense%20attorney/@25.92904476237801,-80.04899409033187,12z?hl=en","criminal defense attorney",,"Florida","5750 Collins Ave",,"false","The Law Offices of Daniel E. Tropp, Esq.","5","https://www.google.com/maps/search/?api=1&query=The%20Law%20Offices%20of%20Daniel%20E.%20Tropp%2C%20Esq.&query_place_id=ChIJzStluRiz2YgRv434VVk7d74","false","https://www.miamilawyercivilcriminal.com/"
,,,,,,,,,,,,,,,,,,,,,,,,,,,,"1909 NE 168th St, North Miami Beach, FL 33162","8955009766940852878","Personal injury attorney","Family law attorney",,,,,,,,,"Personal injury attorney",,,"10084192304556792933","North Miami Beach","US",,,"https://lh3.googleusercontent.com/gps-cs-s/AHRPTWlEJP5XUcsf20VxNHjL8SUmIsp5GSf02-01Y4_nk9JudtrE62TbA1-xpvxgl2J7aX5RpsE_HbYeRXsij8XDQtLBSYR0e9pzhmqDlRXpvoaMFYoAcZ1mgYfsUFIANQw6Nkx1Z4OC=w408-h544-k-no","/g/1tdf24qq","en",,"25.930846","-80.161757",,,"Monday","8:30 AM to 5 PM","Tuesday","8:30 AM to 5 PM","Wednesday","8:30 AM to 5 PM","Thursday","8:30 AM to 5 PM","Friday","8:30 AM to 5 PM","Saturday","Closed","Sunday","Closed",,"false","(305) 614-0702","+13056140702","ChIJcWp7KHau2YgRZdzV_3g_8os",,,,"33162",,"73",,"35","34","0","0","0","1","2026-10-05T10:21:25.913Z","https://www.google.com/maps/search/criminal%20defense%20attorney/@25.92904476237801,-80.04899409033187,12z?hl=en","criminal defense attorney",,"Florida","1909 NE 168th St",,"false","The Law Offices of Cazeau & Associates","4.9","https://www.google.com/maps/search/?api=1&query=The%20Law%20Offices%20of%20Cazeau%20%26%20Associates&query_place_id=ChIJcWp7KHau2YgRZdzV_3g_8os","false","http://cazeaulawfirm.com/"
,,,,,,,,,,,,,,,,,,,,,,,,,,,,"1133 Normandy Dr, Miami Beach, FL 33141","436483247027772898","Attorney",,,,,,,,,,"Attorney",,,"11770884497745057482","Miami Beach","US",,,"https://lh3.googleusercontent.com/gps-cs-s/AHRPTWmkrccrZB__YmvhaCdJGnyXGPsNVUMXJA2k2lQtatnyY_68u8hkSPvtWyEaxjX1zV2FXbLos9IzzXmEILPYWm85WlzXIZTnxhh22ps3S62E76w8kbgeWBmu_bmpsN-BN7hpDb0=w408-h467-k-no","/g/11j5fw4j9_","en",,"25.8559449","-80.1303294",,"Normandy Isles","Monday","Open 24 hours","Tuesday","Open 24 hours","Wednesday","Open 24 hours","Thursday","Open 24 hours","Friday","Open 24 hours","Saturday","Open 24 hours","Sunday","Open 24 hours",,"false","(786) 431-1333","+17864311333","ChIJI4RtxEOx2YgRyhY__BWVWqM",,,,"33141",,"74",,"17","17","0","0","0","0","2026-10-05T10:21:25.913Z","https://www.google.com/maps/search/criminal%20defense%20attorney/@25.92904476237801,-80.04899409033187,12z?hl=en","criminal defense attorney",,"Florida","1133 Normandy Dr",,"false","Max Soren, Attorney","5","https://www.google.com/maps/search/?api=1&query=Max%20Soren%2C%20Attorney&query_place_id=ChIJI4RtxEOx2YgRyhY__BWVWqM","true","https://sorenlawgroup.com/"
,,,,,,,,,,,,,,,,,,,,,,,,,,,,"2980 NE 207th St Ste 300, Miami, FL 33180","18243577243028955456","Law firm",,,,,,,,,,"Law firm",,,"10646350872837395223","Miami","US",,,"https://lh3.googleusercontent.com/gps-cs-s/AHRPTWl7XgxfTuR_t2J9iAdZdgQr3v5sNgpY-QiUX3UYvvosW6PDFEUjP5TLWb3vWsRJdVAsMBXHP2U2A13ir46JS7NPCrkffIHTO9dfMpp-9KCsH9qnjjf6mnXdJDmY75Eb1zEnJfhbVzAh3hhs=w408-h566-k-no","/g/11cmyd4kd9","en",,"25.9668516","-80.1422914",,,"Monday","8:30 AM to 6 PM","Tuesday","8:30 AM to 6 PM","Wednesday","8:30 AM to 6 PM","Thursday","8:30 AM to 6 PM","Friday","8:30 AM to 5:30 PM","Saturday","Closed","Sunday","Closed",,"false","(305) 320-1141","+13053201141","ChIJ_T2ogcCm2YgRF5OkSbZvv5M",,,,"33180",,"77",,"43","43","0","0","0","0","2026-10-05T10:21:25.913Z","https://www.google.com/maps/search/criminal%20defense%20attorney/@25.92904476237801,-80.04899409033187,12z?hl=en","criminal defense attorney",,"Florida","2980 NE 207th St Ste 300",,"false","The Dempsey Law Firm","5","https://www.google.com/maps/search/?api=1&query=The%20Dempsey%20Law%20Firm&query_place_id=ChIJ_T2ogcCm2YgRF5OkSbZvv5M","false","http://www.thedempseylaw.com/"
,,,,,,,,,,,,,,,,,,,,,,,,,,,,"19790 W Dixie Hwy #402, Aventura, FL 33180","2784198744889147767","Law firm","Immigration attorney",,,,,,,,,"Law firm",,,"6880715002727743070","Aventura","US",,,"https://lh3.googleusercontent.com/gps-cs-s/AHRPTWnVZdZY4HA94NJ7VNdCl9ISGRMNb6C6pRQqeulCdjxl8cA4H13BsEQzPOHswd_3qtNHOkE8_lP21PF6jyNshg0IyvEQKkav7ZvVzmfA-J7ZYylMX4uQWFLAU5sUVramSO0zDD_K=w408-h725-k-no","/g/1vvyyww7","en",,"25.95787","-80.1482557",,,"Monday","9 AM to 5 PM","Tuesday","9 AM to 5 PM","Wednesday","9 AM to 5 PM","Thursday","9 AM to 5 PM","Friday","9 AM to 5 PM","Saturday","Closed","Sunday","Closed",,"false","(305) 373-1105","+13053731105","ChIJ2fyr9YS22YgRXr5J4tY1fV8",,,,"33180",,"78",,"69","62","3","3","1","0","2026-10-05T10:21:25.913Z","https://www.google.com/maps/search/criminal%20defense%20attorney/@25.92904476237801,-80.04899409033187,12z?hl=en","criminal defense attorney",,"Florida","19790 W Dixie Hwy #402",,"false","Law Offices of Alex Solomiany, P.A.","4.8","https://www.google.com/maps/search/?api=1&query=Law%20Offices%20of%20Alex%20Solomiany%2C%20P.A.&query_place_id=ChIJ2fyr9YS22YgRXr5J4tY1fV8","false","https://www.immigrationlawmiami.com/?npcmp=dir:local:3084192:33180"
,,,,,,,,,,,,,,,,,,,,,,,,,,,,"20535 NW 2nd Ave, Miami, FL 33169","3270203059967053253","Personal injury attorney",,,,,,,,,,"Personal injury attorney",,,"13149295543044565035","Miami","US",,,"https://streetviewpixels-pa.googleapis.com/v1/thumbnail?panoid=TUb4tDn_xxn0JrwKzAsNvA&cb_client=search.gws-prod.gps&w=408&h=240&yaw=116.07865&pitch=0&thumbfov=100","/g/11q4145x1n","en",,"25.9643839","-80.2053331",,,"Monday","9 AM to 6 PM","Tuesday","9 AM to 6 PM","Wednesday","9 AM to 6 PM","Thursday","9 AM to 6 PM","Friday","9 AM to 6 PM","Saturday","Closed","Sunday","Closed",,"false","(305) 900-3703","+13059003703","ChIJazqzPGyv2YgRK2jM4aCue7Y",,,,"33169",,"79",,"96","96","0","0","0","0","2026-10-05T10:21:25.913Z","https://www.google.com/maps/search/criminal%20defense%20attorney/@25.92904476237801,-80.04899409033187,12z?hl=en","criminal defense attorney",,"Florida","20535 NW 2nd Ave",,"false","The St. Vil Firm","5","https://www.google.com/maps/search/?api=1&query=The%20St.%20Vil%20Firm&query_place_id=ChIJazqzPGyv2YgRK2jM4aCue7Y","false","http://www.stvilfirm.com/"
,,,,,,,,,,,,,,,,,,,,,,,,,,,,"205 Cross St, Miami Springs, FL 33166","6518957375208339790","Personal injury attorney",,,,,,,,,,"Personal injury attorney",,,"7422099334863281509","Miami Springs","US",,,"https://lh3.googleusercontent.com/gps-cs-s/AHRPTWn243UFjkFsinBaIzrwnTxJ-UAyt-re0DDAp6uS-EG84fwI2daIQ4Dacz0HukoZUTH0mGKblEosiDyLcOl2tMRYyxHgI2lk1eX3lSam8gCv43b1gkcPA3gn_X1CvTKXRrmxrPGj=w408-h545-k-no","/g/11sv1kpwm4","en",,"25.8218699","-80.283276",,,"Monday","Open 24 hours","Tuesday","Open 24 hours","Wednesday","Open 24 hours","Thursday","Open 24 hours","Friday","Open 24 hours","Saturday","Open 24 hours","Sunday","Open 24 hours",,"false","(305) 204-7372","+13052047372","ChIJq6rGJzm62YgRZV0wZgWYAGc",,,,"33166",,"61",,"34","34","0","0","0","0","2026-10-05T10:21:26.134Z","https://www.google.com/maps/search/DUI%20attorney/@25.92904476237801,-80.04899409033187,12z?hl=en","DUI attorney",,"Florida","205 Cross St",,"false","Mulet Law","5","https://www.google.com/maps/search/?api=1&query=Mulet%20Law&query_place_id=ChIJq6rGJzm62YgRZV0wZgWYAGc","true","https://muletlaw.com/"
,,,,,,,,,,,,,,"Monday","Open 24 hours","Tuesday","Open 24 hours","Wednesday","Open 24 hours","Thursday","Open 24 hours","Friday","Open 24 hours","Saturday","Open 24 hours","Sunday","Open 24 hours","12000 Biscayne Blvd Ste 503, Miami, FL 33181","9480055641594820238","Personal injury attorney","Law firm","Attorney","Trial attorney",,,,,,,"Personal injury attorney",,,"15385965448940344943","Miami","US",,,"https://lh3.googleusercontent.com/gps-cs-s/AHRPTWlWubm-rUx0wn_-7UglMv26QBjzOvMPuM_naJqRevpM6GTf-mEVMzvtfTceUdCwu7SKBtOTZeXSupvVsD_Zor_BFTXj1gNL3aD1GOCEkoe91weqt7a4eUfKNOu-JM-OzLZCeOtu8DyAGpWp=w408-h259-k-no","/g/1tmpfr59","en",,"25.8869816","-80.1652677",,,"Monday","Open 24 hours","Tuesday","Open 24 hours","Wednesday","Open 24 hours","Thursday","Open 24 hours","Friday","Open 24 hours","Saturday","Open 24 hours","Sunday","Open 24 hours",,"false","(305) 306-2993","+13053062993","ChIJn3NHoq632YgRb9aFtg7uhdU",,,,"33181",,"62",,"171","168","1","2","0","0","2026-10-05T10:21:26.135Z","https://www.google.com/maps/search/DUI%20attorney/@25.92904476237801,-80.04899409033187,12z?hl=en","DUI attorney",,"Florida","12000 Biscayne Blvd Ste 503",,"false","Payer Law Personal injury Lawyers","4.9","https://www.google.com/maps/search/?api=1&query=Payer%20Law%20Personal%20injury%20Lawyers&query_place_id=ChIJn3NHoq632YgRb9aFtg7uhdU","true","https://www.payerlawgroup.com/miami/?utm_source=google&utm_medium=organic&utm_campaign=miami-gbp"
,,,,,,,,,,,,,,,,,,,,,,,,,,,,"16801 NE 6th Ave, North Miami Beach, FL 33162","13942038482087945014","Attorney",,,,,,,,,,"Attorney",,,"17169552536194813540","North Miami Beach","US",,,"https://lh3.googleusercontent.com/gps-cs-s/AHRPTWn4vvi6N1hzJCLxGkx5LZD4JCw9kPTaSriAcRrb-g2C7xe8fHDUCnrBQn2ExbnzvIovmAJ0bE45sJHOseCYMOL1VfLvcp_Ndaheos5WJBtWIQTSos6rgbUQrOt_3QT-K17GYsp2d6W6KiJ6=w408-h544-k-no","/g/1hc419dk8","en",,"25.9300555","-80.1880618",,,"Monday","9 AM to 5 PM","Tuesday","9 AM to 5 PM","Wednesday","9 AM to 5 PM","Thursday","9 AM to 5 PM","Friday","9 AM to 5 PM","Saturday","Closed","Sunday","Closed",,"false","(305) 940-0924","+13059400924","ChIJL_tAPLmt2YgRZI5MQBCBRu4",,,,"33162",,"64",,"53","50","1","2","0","0","2026-10-05T10:21:26.135Z","https://www.google.com/maps/search/DUI%20attorney/@25.92904476237801,-80.04899409033187,12z?hl=en","DUI attorney",,"Florida","16801 NE 6th Ave",,"false","Consumer Law Office, PA","4.8","https://www.google.com/maps/search/?api=1&query=Consumer%20Law%20Office%2C%20PA&query_place_id=ChIJL_tAPLmt2YgRZI5MQBCBRu4","false","http://www.consumerlawoffice.com/"
,,,,,,,,,,,,,,,,,,,,,,,,,,,,"11900 Biscayne Blvd, Miami, FL 33181",,"Attorney",,,,,,,,,,"Attorney",,,"16072007713681014830","Miami","US",,,"https://streetviewpixels-pa.googleapis.com/v1/thumbnail?panoid=62PNJblJi9qfHtsqkbWbNg&cb_client=search.gws-prod.gps&w=408&h=240&yaw=192.49522&pitch=0&thumbfov=100","/g/1tdds_hy","en",,"25.8860992","-80.1651242",,,,,,,,,,,,,,,,,,"false","(305) 895-5588","+13058955588","ChIJCeT80XKy2YgRLoBLydw9C98",,,,"33181",,"69",,,,,,,,"2026-10-05T10:21:26.135Z","https://www.google.com/maps/search/DUI%20attorney/@25.92904476237801,-80.04899409033187,12z?hl=en","DUI attorney",,"Florida","11900 Biscayne Blvd",,"false","Warmbrandt Kevin J",,"https://www.google.com/maps/search/?api=1&query=Warmbrandt%20Kevin%20J&query_place_id=ChIJCeT80XKy2YgRLoBLydw9C98",,"https://warmbrandtlaw.com/attorney-profile"
,,,,,,,,,,,,,,,,,,,,,,,,,,,,"10800 Biscayne Blvd #700, Miami, FL 33161","5665487165746369872","Personal injury attorney","Trial attorney",,,,,,,,,"Personal injury attorney",,,"7909119252316499935","Miami","US",,,"https://streetviewpixels-pa.googleapis.com/v1/thumbnail?panoid=CuqCd2TbRxVdvud-b76djA&cb_client=search.gws-prod.gps&w=408&h=240&yaw=339.68076&pitch=0&thumbfov=100","/g/1hc3d859l","en",,"25.8751886","-80.1706058",,,"Monday","9 AM to 5 PM","Tuesday","9 AM to 5 PM","Wednesday","9 AM to 5 PM","Thursday","9 AM to 5 PM","Friday","9 AM to 5 PM","Saturday","Closed","Sunday","Closed",,"false","(305) 579-0008","+13055790008","ChIJIbi9tgu62YgR3y-HQA7Wwm0",,,,"33161",,"70",,"2","2","0","0","0","0","2026-10-05T10:21:26.135Z","https://www.google.com/maps/search/DUI%20attorney/@25.92904476237801,-80.04899409033187,12z?hl=en","DUI attorney",,"Florida","10800 Biscayne Blvd #700",,"false","Law Offices of Daniel W. Courtney","5","https://www.google.com/maps/search/?api=1&query=Law%20Offices%20of%20Daniel%20W.%20Courtney&query_place_id=ChIJIbi9tgu62YgR3y-HQA7Wwm0","false","http://www.danielcourtneylaw.com/"
,,,,,,,,,,,,,,"Monday","Open 24 hours","Tuesday","Open 24 hours","Wednesday","Open 24 hours","Thursday","Open 24 hours","Friday","Open 24 hours","Saturday","Open 24 hours","Sunday","Open 24 hours","2750 NE 185th St #305, Aventura, FL 33180","11797519555495757237","Personal injury attorney","Law firm",,,,,,,,,"Personal injury attorney",,,"6352654379586431915","Aventura","US",,,"https://lh3.googleusercontent.com/gps-cs-s/AHRPTWllTDET-wqONExHI86Xp6cxI2rT1GgB-KrfJEjEr2UiPkV5qgwAVJdnjkw8LkpjIHBabwDeY8ZHLXm_FKIWOom3dQXz8IZmjfm0Hf-eHHKQqFjONwKUQrGne0r52x0IIIxy0Yg9Gw=w426-h240-k-no","/g/1hc5lkyw3","en",,"25.9467227","-80.1450715",,,"Monday","7 AM to 1 AM","Tuesday","7 AM to 1 AM","Wednesday","7 AM to 1 AM","Thursday","7 AM to 1 AM","Friday","7 AM to 1 AM","Saturday","7:30 AM to 3 AM","Sunday","7 AM to 1 AM",,"false","(305) 937-2700","+13059372700","ChIJ4zjHxGGs2YgRqysUHIApKVg",,,,"33180",,"71",,"160","159","0","1","0","0","2026-10-05T10:21:26.135Z","https://www.google.com/maps/search/DUI%20attorney/@25.92904476237801,-80.04899409033187,12z?hl=en","DUI attorney",,"Florida","2750 NE 185th St #305",,"false","Templer & Hirsch Injury Lawyers","5","https://www.google.com/maps/search/?api=1&query=Templer%20%26%20Hirsch%20Injury%20Lawyers&query_place_id=ChIJ4zjHxGGs2YgRqysUHIApKVg","false","https://templerhirsch.com/"
,,,,,,,,,,,,,,,,,,,,,,,,,,,,,"5108487377604780343","Personal injury attorney","Civil law attorney","Service establishment","Insurance attorney","Law firm","Attorney","Legal services","Trial attorney",,,"Personal injury attorney",,,"14164129834881034735",,,,,"https://lh3.googleusercontent.com/gps-cs-s/AHRPTWnvVQ0eo9yvfuapH1kC7wczh3vwmfBzvhM57MF0qlSVQ1GTtlvvj1Gmw7Ag35cTbEjB9bkKF9WjwxpqFLC9i9_GrF_1FBCaOx6SxRPNyLvjsZ9aesxeLWRoIhvE4helEC31V__AQ7nS1zg=w408-h612-k-no","/g/11y5j0_41g","en",,"25.8158635","-80.143897",,,"Monday","Open 24 hours","Tuesday","Open 24 hours","Wednesday","Open 24 hours","Thursday","Open 24 hours","Friday","Open 24 hours","Saturday","Open 24 hours","Sunday","Open 24 hours",,"false","(305) 600-0529","+13056000529","ChIJ_22oYlZ2dQ0R76mYQAoZkcQ",,,,,,"73",,"35","35","0","0","0","0","2026-10-05T10:21:26.135Z","https://www.google.com/maps/search/DUI%20attorney/@25.92904476237801,-80.04899409033187,12z?hl=en","DUI attorney",,,,,"false","Robirosa Accident & Injury Law","5","https://www.google.com/maps/search/?api=1&query=Robirosa%20Accident%20%26%20Injury%20Law&query_place_id=ChIJ_22oYlZ2dQ0R76mYQAoZkcQ","true","https://robirosalaw.com/"
,,,,,,,,,,,,,,,,,,,,,,,,,,,,"20200 W Dixie Hwy Ste 902, Miami, FL 33180","6047679678596636520","Personal injury attorney","Law firm",,,,,,,,,"Personal injury attorney",,,"5072815700324517013","Miami","US",,,"https://lh3.googleusercontent.com/gps-cs-s/AHRPTWlGXSL7UEgaqOCLz9hpnhDK-CGyJonnMy655MV6sfzko8JMk9awk2iRq2Bm0oHWOA8hVeQAsXQ8pKcZcqo_RRMAK03tYSyYty48y3cZtp2aj9W8i2BQFtDCJ_nBJ4en2oCbDQLNRtYZAsSb=w408-h495-k-no","/g/11m6lkmjjw","en",,"25.9632295","-80.1480488",,,"Monday","Open 24 hours","Tuesday","Open 24 hours","Wednesday","Open 24 hours","Thursday","Open 24 hours","Friday","Open 24 hours","Saturday","Open 24 hours","Sunday","Open 24 hours",,"false","(786) 944-6446","+17869446446","ChIJcc3hQgKt2YgRlQTepABDZkY",,,,"33180",,"74",,"76","76","0","0","0","0","2026-10-05T10:21:26.135Z","https://www.google.com/maps/search/DUI%20attorney/@25.92904476237801,-80.04899409033187,12z?hl=en","DUI attorney",,"Florida","20200 W Dixie Hwy Ste 902",,"false","Mesin & Co.","5","https://www.google.com/maps/search/?api=1&query=Mesin%20%26%20Co.&query_place_id=ChIJcc3hQgKt2YgRlQTepABDZkY","true","https://mesinco.com/"
,,,,,,,,,,,,,,,,,,,,,,,,,,,,"4300 Biscayne Blvd STE 305, Miami, FL 33137","12025019342748700138","Personal injury attorney","Insurance attorney","Attorney",,,,,,,,"Personal injury attorney",,,"13022462563537794223","Miami","US",,,"https://lh3.googleusercontent.com/gps-cs-s/AHRPTWmvByEERHgMHwaZAKnsICpkHV56wldigrHE2_dC-f60xiqYAn2fwGeeKAy_Ua-Gol2w_1S1Hbchwo6wQVcYMsDPFfp3so6LJfLbB1uFbITknuMXyI_MbBwl0JxQCXHTWESaGvlLYQ=w427-h240-k-no","/g/1tfvtr97","en",,"25.8160454","-80.1890564",,,"Monday","9 AM to 5 PM","Tuesday","9 AM to 5 PM","Wednesday","9 AM to 5 PM","Thursday","9 AM to 5 PM","Friday","9 AM to 5 PM","Saturday","Closed","Sunday","Closed",,"false","(305) 674-1099","+13056741099","ChIJ-2ygZFax2YgRrzR-oLQUubQ",,,,"33137",,"75",,"68","68","0","0","0","0","2026-10-05T10:21:26.135Z","https://www.google.com/maps/search/DUI%20attorney/@25.92904476237801,-80.04899409033187,12z?hl=en","DUI attorney",,"Florida","4300 Biscayne Blvd STE 305",,"false","Jontiff & Jontiff","5","https://www.google.com/maps/search/?api=1&query=Jontiff%20%26%20Jontiff&query_place_id=ChIJ-2ygZFax2YgRrzR-oLQUubQ","false","https://www.jontiff.com/?npcmp=dir:local:2752937:33137"
,,,,,,,,,,,,,,,,,,,,,,,,,,,,"1820 NE 163rd St #306, North Miami Beach, FL 33162","12952180418924203074","Personal injury attorney","Civil law attorney","Insurance attorney","Law firm","Attorney","Legal services","Medical lawyer","Trial attorney",,,"Personal injury attorney",,,"4242370275322868956","North Miami Beach","US",,,"https://lh3.googleusercontent.com/gps-cs-s/AHRPTWlj-oKANES411iwaOOpsftoHPd6AN19aj0-7LDi_yZ5wofXS9Cuw5pdY5LSx2yX1JVLD2p2zkkFm4A2vYGi4-mjkGcyViRvIjKHM0wf3x_nAgfUkPNEM2Y7s5H_yH9RF9el6Qbm=w408-h408-k-no","/g/11f4pts9x5","en",,"25.9256113","-80.1634956",,,"Monday","Open 24 hours","Tuesday","Open 24 hours","Wednesday","Open 24 hours","Thursday","Open 24 hours","Friday","Open 24 hours","Saturday","Open 24 hours","Sunday","Open 24 hours",,"false","(305) 676-8154","+13056768154","ChIJ5R8Qxrit2YgR3LRL0knt3zo",,,,"33162",,"76",,"93","92","0","1","0","0","2026-10-05T10:21:26.135Z","https://www.google.com/maps/search/DUI%20attorney/@25.92904476237801,-80.04899409033187,12z?hl=en","DUI attorney",,"Florida","1820 NE 163rd St #306",,"false","Dolman Law Group Accident Injury Lawyers, PA - North Miami Beach","5","https://www.google.com/maps/search/?api=1&query=Dolman%20Law%20Group%20Accident%20Injury%20Lawyers%2C%20PA%20-%20North%20Miami%20Beach&query_place_id=ChIJ5R8Qxrit2YgR3LRL0knt3zo","true","https://www.dolmanlaw.com/personal-injury-lawyer/florida/north-miami-beach/?utm_source=google&utm_medium=organic&utm_campaign=gmb-listing-north-miami-beach"
,,,,,,,,,,,,,,,,,,,,,,,,,,,,"11900 Biscayne Blvd Ste 507, North Miami, FL 33181","3553945402997208885","Personal injury attorney","Insurance attorney","Law firm","Attorney","Medical lawyer","Trial attorney",,,,,"Personal injury attorney",,,"4914799249606361566","North Miami","US",,,"https://streetviewpixels-pa.googleapis.com/v1/thumbnail?panoid=_EJoeBfOM4NKJxmYKGT3rA&cb_client=search.gws-prod.gps&w=408&h=240&yaw=19.700161&pitch=0&thumbfov=100","/g/1tks736z","en",,"25.8862084","-80.1651418",,,"Monday","9 AM to 5 PM","Tuesday","9 AM to 5 PM","Wednesday","9 AM to 5 PM","Thursday","9 AM to 5 PM","Friday","9 AM to 5 PM","Saturday","9 AM to 5 PM","Sunday","9 AM to 5 PM",,"false","(305) 893-8931","+13058938931","ChIJ3bKvzXKy2YgR3sEkt-DfNEQ",,,,"33181",,"77",,"27","25","1","1","0","0","2026-10-05T10:21:26.135Z","https://www.google.com/maps/search/DUI%20attorney/@25.92904476237801,-80.04899409033187,12z?hl=en","DUI attorney",,"Florida","11900 Biscayne Blvd Ste 507",,"false","Dean M Gettis Law Offices","4.8","https://www.google.com/maps/search/?api=1&query=Dean%20M%20Gettis%20Law%20Offices&query_place_id=ChIJ3bKvzXKy2YgR3sEkt-DfNEQ","false","https://www.deangettis.com/?utm_campaign=gmb"
,,,,,,,,,,,,,,,,,,,,,,,,,,,,"1932 NE 151st St, North Miami Beach, FL 33162","9876211582755830162","Bail bonds service",,,,,,,,,,"Bail bonds service",,,"1976606785932304826","North Miami Beach","US",,,"https://lh3.googleusercontent.com/gps-cs-s/AHRPTWkuF9xWuWbTZoOhhe7RpnjZbdQj55nOCkN_JMH4Vz2cNxgs-dLC-Nte9FCGCvUDUxkTqt8CLaMOLtvx_29MU-RcsZmH0jHhfkPrmo2yCnZ5QmCDIEO_ELnfH6ZNvUVKb2zclT1T=w408-h272-k-no","/g/1tfh5g7v","en",,"25.9146566","-80.1607729",,,"Monday","Open 24 hours","Tuesday","Open 24 hours","Wednesday","Open 24 hours","Thursday","Open 24 hours","Friday","Open 24 hours","Saturday","Open 24 hours","Sunday","Open 24 hours",,"false","(305) 545-9888","+13055459888","ChIJj-od7sS22YgRuiEfOGZRbhs",,,,"33162",,"78",,"153","149","1","3","0","0","2026-10-05T10:21:26.136Z","https://www.google.com/maps/search/DUI%20attorney/@25.92904476237801,-80.04899409033187,12z?hl=en","DUI attorney",,"Florida","1932 NE 151st St",,"false","The Bail Bond Firm","4.9","https://www.google.com/maps/search/?api=1&query=The%20Bail%20Bond%20Firm&query_place_id=ChIJj-od7sS22YgRuiEfOGZRbhs","true","https://www.thebailbondfirm.com/"
,,,,,,,,,,,,,,"Monday","Open 24 hours","Tuesday","Open 24 hours","Wednesday","Open 24 hours","Thursday","Open 24 hours","Friday","Open 24 hours","Saturday","Open 24 hours","Sunday","Open 24 hours","11098 Biscayne Blvd #208, Miami, FL 33161","18007203131860705841","Personal injury attorney","Law firm","Attorney","Trial attorney",,,,,,,"Personal injury attorney",,,"17472029947949340227","Miami","US",,,"https://lh3.googleusercontent.com/gps-cs-s/AHRPTWkCZi7mL8VCcIQNDbQcVAylEhUb_ol8zeh_0Q7BMkh3NJkaSOV3O7CLDPhZmn5bWzyhD34ilhxeL3qNH4bzhcKWw5OmxhCvUoIy5Fr6soPlFDkSXBnm77Q4_1L76-DwQzALX-A=w408-h298-k-no","/g/11b6sxg744","en",,"25.8782247","-80.168489",,,"Monday","Open 24 hours","Tuesday","Open 24 hours","Wednesday","Open 24 hours","Thursday","Open 24 hours","Friday","Open 24 hours","Saturday","Open 24 hours","Sunday","Open 24 hours",,"false","(305) 893-5500","+13058935500","ChIJu20JdxSy2YgRQ9aBuKoeefI",,,,"33161",,"79",,"30","25","1","3","1","0","2026-10-05T10:21:26.136Z","https://www.google.com/maps/search/DUI%20attorney/@25.92904476237801,-80.04899409033187,12z?hl=en","DUI attorney",,"Florida","11098 Biscayne Blvd #208",,"false","Schrier Law Group","4.5","https://www.google.com/maps/search/?api=1&query=Schrier%20Law%20Group&query_place_id=ChIJu20JdxSy2YgRQ9aBuKoeefI","true","https://www.schrierlawgroup.com/"
,,,,,,,,,,,,,,,,,,,,,,,,,,,,"829 NE 79th St, Miami, FL 33138","10252775818431779401","Personal injury attorney",,,,,,,,,,"Personal injury attorney",,,"5308876742103138662","Miami","US",,,"https://lh3.googleusercontent.com/gps-cs-s/AHRPTWmXx4iYsyJkvvDH0uJhNZujYkAUCoUfNKY4XwyVIJofYdWMzGmDbXoaFrhxzq6sTIAvUnUYUuMMRQPiOoP_OZpl7T4ceEJJoYqSh0Dp9QWSnwLilVPLlpc7nFUzJRKEWQuwtl5t=w426-h240-k-no","/g/1vc6f5tz","en",,"25.8481615","-80.1797331",,"Upper East Side","Monday","9 AM to 5 PM","Tuesday","9 AM to 5 PM","Wednesday","9 AM to 5 PM","Thursday","9 AM to 5 PM","Friday","9 AM to 5 PM","Saturday","Closed","Sunday","Closed",,"false","(305) 754-6460","+13057546460","ChIJMSCmGdOz2YgRZgFk8UTrrEk",,,,"33138",,"80",,"26","18","1","7","0","0","2026-10-05T10:21:26.136Z","https://www.google.com/maps/search/DUI%20attorney/@25.92904476237801,-80.04899409033187,12z?hl=en","DUI attorney",,"Florida","829 NE 79th St",,"false","Cardenas, Singer & Associates","3.9","https://www.google.com/maps/search/?api=1&query=Cardenas%2C%20Singer%20%26%20Associates&query_place_id=ChIJMSCmGdOz2YgRZgFk8UTrrEk","false","https://www.csa-law.us/"
,,,,,,,,,,,,,,,,,,,,,,,,,,,,"1133 Normandy Dr, Miami Beach, FL 33141","16551688344746692178","Attorney","Business broker","Insurance attorney","Law firm","Notary public",,,,,,"Attorney",,,"14980885292472365223","Miami Beach","US",,,"https://lh3.googleusercontent.com/gps-cs-s/AHRPTWnvzgRCQGcTnJV2lG-4UqX9gml--3VaKSzdonPydyJF-mlcQwKlxInnsLenw9-kLjWZgUbe-XvLqTdG9T_TjKOEQy8kKcGaLaVbNshiut75bgSgLJ_0R1dYPSKF6OeiCqghV_Qt=w408-h408-k-no","/g/1tdbrnzv","en",,"25.8559415","-80.1303405",,"Normandy Isles","Monday","Open 24 hours","Tuesday","Open 24 hours","Wednesday","Open 24 hours","Thursday","Open 24 hours","Friday","Open 24 hours","Saturday","Open 24 hours","Sunday","Open 24 hours",,"false","(855) 500-2524","+18555002524","ChIJNZaYhNez2YgRp3CwJs3L5s8",,,,"33141",,"81",,"20","19","0","0","1","0","2026-10-05T10:21:27.159Z","https://www.google.com/maps/search/criminal%20defense%20attorney/@25.92904476237801,-80.04899409033187,12z?hl=en","criminal defense attorney",,"Florida","1133 Normandy Dr",,"false","Soren Law Group P.A.","4.9","https://www.google.com/maps/search/?api=1&query=Soren%20Law%20Group%20P.A.&query_place_id=ChIJNZaYhNez2YgRp3CwJs3L5s8","true","https://sorenlawgroup.com/"
,,,,,,,,,,,,,,,,,,,,,,,,,,,,"1175 NE 125th St #404, North Miami, FL 33161","11472715326414084734","Law firm",,,,,,,,,,"Law firm",,,"13239960863952650803","North Miami","US",,,"https://lh3.googleusercontent.com/gps-cs-s/AHRPTWmJi3JabnDsuUTOIT37me1iQQdcTSXMdFZ-X5uKr7fTHB3VsyomddVPpqASJvdzROD0vVZO0trbpmA0mc7YgNU9bsRTp4zqMyFOrt80NAjvW9VuDZncRAvfEoH-B774NQhQLxQO6A=w408-h612-k-no","/g/11g3z7kwb4","en",,"25.8909647","-80.1751833",,,"Monday","9 AM to 5 PM","Tuesday","9 AM to 5 PM","Wednesday","9 AM to 5 PM","Thursday","9 AM to 5 PM","Friday","9 AM to 5 PM","Saturday","Closed","Sunday","Closed",,"false","(305) 384-6160","+13053846160","ChIJWyVjC02z2YgRM8L450HKvbc",,,,"33161",,"83",,"39","39","0","0","0","0","2026-10-05T10:21:27.160Z","https://www.google.com/maps/search/criminal%20defense%20attorney/@25.92904476237801,-80.04899409033187,12z?hl=en","criminal defense attorney",,"Florida","1175 NE 125th St #404",,"false","Daniel J. Tibbitt P.A.","5","https://www.google.com/maps/search/?api=1&query=Daniel%20J.%20Tibbitt%20P.A.&query_place_id=ChIJWyVjC02z2YgRM8L450HKvbc","false","http://tibbittlaw.com/"
,,,,,,,,,,,,,,,,,,,,,,,,,,,,"8101 Biscayne Blvd #311, Miami, FL 33138","1968751965029055590","Attorney",,,,,,,,,,"Attorney",,,"447110001785432231","Miami","US",,,"https://streetviewpixels-pa.googleapis.com/v1/thumbnail?panoid=E2TOZDLZxkoXtaWDSKs7vQ&cb_client=search.gws-prod.gps&w=408&h=240&yaw=82.047455&pitch=0&thumbfov=100","/g/1tj80sb0","en",,"25.8497295","-80.1844485",,"Upper East Side","Monday","9 AM to 5 PM","Tuesday","9 AM to 5 PM","Wednesday","9 AM to 5 PM","Thursday","9 AM to 5 PM","Friday","9 AM to 5 PM","Saturday","Closed","Sunday","Closed",,"false","(305) 573-1000","+13055731000","ChIJUxM82NSz2YgRp-jxfy10NAY",,,,"33138",,"84",,"3","3","0","0","0","0","2026-10-05T10:21:27.160Z","https://www.google.com/maps/search/criminal%20defense%20attorney/@25.92904476237801,-80.04899409033187,12z?hl=en","criminal defense attorney",,"Florida","8101 Biscayne Blvd #311",,"false","Edward J. O'Donnell, IV - The O'Donnell Law Firm","5","https://www.google.com/maps/search/?api=1&query=Edward%20J.%20O'Donnell%2C%20IV%20-%20The%20O'Donnell%20Law%20Firm&query_place_id=ChIJUxM82NSz2YgRp-jxfy10NAY","false","http://www.odonnellfirm.com/"
,,,,,,,,,,,,,,,,,,,,,,,,,,,,"20801 Biscayne Blvd #304, Aventura, FL 33180","9671372236261756251","Legal services",,,,,,,,,,"Legal services",,,"12655916050423722789","Aventura","US",,,"https://lh3.googleusercontent.com/gps-cs-s/AHRPTWliADOFborIjJLKE4KQS5bTZrNoi6QoIbhAdgqSOVrhPdey3U80YP5fXDyyB1OHGs6APWWLz6ihxt7uNqq93wTnWpWLHadZFPEgnbEnrNRdGL5IOGpUVitKL2fRZYVNscgiSys=w427-h240-k-no","/g/11btvb5txn","en",,"25.9683634","-80.1440001",,,"Monday","9 AM to 5 PM","Tuesday","9 AM to 5 PM","Wednesday","9 AM to 5 PM","Thursday","9 AM to 5 PM","Friday","9 AM to 5 PM","Saturday","Closed","Sunday","Closed",,"false","(305) 676-4050","+13056764050","ChIJ4zjHxGGs2YgRJbOrDJjYoq8",,,,"33180",,"86",,"88","77","3","6","0","2","2026-10-05T10:21:27.160Z","https://www.google.com/maps/search/criminal%20defense%20attorney/@25.92904476237801,-80.04899409033187,12z?hl=en","criminal defense attorney",,"Florida","20801 Biscayne Blvd #304",,"false","The Lemon Law Attorneys","4.6","https://www.google.com/maps/search/?api=1&query=The%20Lemon%20Law%20Attorneys&query_place_id=ChIJ4zjHxGGs2YgRJbOrDJjYoq8","false",
,,,,,,,,,,,,,,,,,,,,,,,,,,,,,"12430440639110188002","Criminal justice attorney","Service establishment",,,,,,,,,"Criminal justice attorney",,,"2757328057104385628",,,,,"https://lh3.googleusercontent.com/gps-cs-s/AHRPTWk087dC4Bj0SmraugBGs8an0PFh0LkMh5zEuOu1g9U2mhzvnio-vgV-Ua_I007tpjez36H4BPebbKQd4VDYT5kawmuqGNxl49o_5JkJo9SuMlZ05zthyihJliACHdEUFWO3mtJKr6_8HCD8=w408-h542-k-no","/g/11zftgjgr6","en",,"25.5584269","-80.468195",,,"Monday","Open 24 hours","Tuesday","Open 24 hours","Wednesday","Open 24 hours","Thursday","Open 24 hours","Friday","Open 24 hours","Saturday","Open 24 hours","Sunday","Open 24 hours",,"false","(786) 495-7849","+17864957849","ChIJ64zpcIqeIQgRXMbsTEL_QyY",,,,,,"87",,"14","14","0","0","0","0","2026-10-05T10:21:27.160Z","https://www.google.com/maps/search/criminal%20defense%20attorney/@25.92904476237801,-80.04899409033187,12z?hl=en","criminal defense attorney",,,,,"false","Law Offices of Melissa Rodriguez P.A.","5","https://www.google.com/maps/search/?api=1&query=Law%20Offices%20of%20Melissa%20Rodriguez%20P.A.&query_place_id=ChIJ64zpcIqeIQgRXMbsTEL_QyY","true","https://melissarodriguezpa.com/"
,,,,,,,,,,,,,,,,,,,,,,,,,,,,"6538 Collins Ave #166, Miami Beach, FL 33141",,"Criminal justice attorney","Attorney","Family law attorney","Personal injury attorney",,,,,,,"Criminal justice attorney",,,"5536152920998666046","Miami Beach","US",,,"https://streetviewpixels-pa.googleapis.com/v1/thumbnail?panoid=Y5IBpHwCXAOLx3wxFPofaQ&cb_client=search.gws-prod.gps&w=408&h=240&yaw=251.39046&pitch=0&thumbfov=100","/g/1tjcq7gn","en",,"25.8487838","-80.1207467",,"North Beach","Monday","9 AM to 5 PM","Tuesday","9 AM to 5 PM","Wednesday","9 AM to 5 PM","Thursday","9 AM to 5 PM","Friday","9 AM to 5 PM","Saturday","9 AM to 5 PM","Sunday","9 AM to 5 PM",,"false","(305) 864-1301","+13058641301","ChIJv9qagOCy2YgRPt9d9r9d1Ew",,,,"33141",,"89",,"1","1","0","0","0","0","2026-10-05T10:21:27.160Z","https://www.google.com/maps/search/criminal%20defense%20attorney/@25.92904476237801,-80.04899409033187,12z?hl=en","criminal defense attorney",,"Florida","6538 Collins Ave #166",,"false","David Alschuler, P.A.","5","https://www.google.com/maps/search/?api=1&query=David%20Alschuler%2C%20P.A.&query_place_id=ChIJv9qagOCy2YgRPt9d9r9d1Ew","false","http://davidalschulerlaw.com/legal-experience/"
,,,,,,,,,,,,,,,,,,,,,,,,,,,,"11902 Biscayne Blvd, North Miami, FL 33181",,"Attorney",,,,,,,,,,"Attorney",,,"3656293618087152103","North Miami","US",,,"https://streetviewpixels-pa.googleapis.com/v1/thumbnail?panoid=_EJoeBfOM4NKJxmYKGT3rA&cb_client=search.gws-prod.gps&w=408&h=240&yaw=7.8042827&pitch=0&thumbfov=100","/g/1tj74df9","en",,"25.8862158","-80.1652511",,,,,,,,,,,,,,,,,,"false","(305) 893-8562","+13058938562","ChIJheT80XKy2YgR58mcfKzDvTI",,,,"33181",,"92",,"8","6","2","0","0","0","2026-10-05T10:21:27.160Z","https://www.google.com/maps/search/criminal%20defense%20attorney/@25.92904476237801,-80.04899409033187,12z?hl=en","criminal defense attorney",,"Florida","11902 Biscayne Blvd",,"false","Kaufman Michael S","4.8","https://www.google.com/maps/search/?api=1&query=Kaufman%20Michael%20S&query_place_id=ChIJheT80XKy2YgR58mcfKzDvTI",,
,,,,,,,,,,,,,,,,,,,,,,,,,,,,"441 BUILDING, 18800 NW 2nd Ave #125, Miami, FL 33169",,"Attorney",,,,,,,,,,"Attorney",,,"10859265193400264758","Miami","US",,,"https://streetviewpixels-pa.googleapis.com/v1/thumbnail?panoid=C3CtH7GtdVlYPcIsOayEGQ&cb_client=search.gws-prod.gps&w=408&h=240&yaw=281.05615&pitch=0&thumbfov=100","/g/1tl_mj2w","en",,"25.9473804","-80.2056047",,,,,,,,,,,,,,,,,,"false","(305) 770-2733","+13057702733","ChIJlUHgRoqu2YgRNuhilijcs5Y",,,,"33169",,"94",,"11","9","1","1","0","0","2026-10-05T10:21:27.160Z","https://www.google.com/maps/search/criminal%20defense%20attorney/@25.92904476237801,-80.04899409033187,12z?hl=en","criminal defense attorney",,"Florida","441 BUILDING, 18800 NW 2nd Ave #125",,"false","Gilliam & Gilliam LLC","4.5","https://www.google.com/maps/search/?api=1&query=Gilliam%20%26%20Gilliam%20LLC&query_place_id=ChIJlUHgRoqu2YgRNuhilijcs5Y",,
,,,,,,,,,,,,,,,,,,,,,,,,,,,,"102 E 49th St, Hialeah, FL 33013","4131796404720177067","Personal injury attorney","Law firm","Attorney",,,,,,,,"Personal injury attorney",,,"12468411068677465170","Hialeah","US",,,"https://lh3.googleusercontent.com/gps-cs-s/AHRPTWmcmo44NFxagKMkeHYarmvb_qTrsXk99w_apt4Yw_V7Il60vCyS1Ur7320yQev_ZBilvuHENl4nzVHnb_qYJG7cQsPC9MIsH0l76qBkc7BJSuRJhylMyKpA-dvy2NloAdpiZz0=w408-h544-k-no","/g/11n0fzp21h","en",,"25.8666598","-80.2807605",,,"Monday","Open 24 hours","Tuesday","Open 24 hours","Wednesday","Open 24 hours","Thursday","Open 24 hours","Friday","Open 24 hours","Saturday","Open 24 hours","Sunday","Open 24 hours",,"false","(305) 826-9994","+13058269994","ChIJ___vFIO62YgRUqQRds6xCK0",,,,"33013",,"96",,"33","30","0","3","0","0","2026-10-05T10:21:27.160Z","https://www.google.com/maps/search/criminal%20defense%20attorney/@25.92904476237801,-80.04899409033187,12z?hl=en","criminal defense attorney",,"Florida","102 E 49th St",,"false","Izquierdo Law | Personal Injury","4.6","https://www.google.com/maps/search/?api=1&query=Izquierdo%20Law%20%7C%20Personal%20Injury&query_place_id=ChIJ___vFIO62YgRUqQRds6xCK0","true","https://www.izquierdolaw.com/"
,,,,,,,,,,,,,,,,,,,,,,,,,,,,"801 NE 167th St Fl 2, North Miami Beach, FL 33162","4837091611796323055","Personal injury attorney",,,,,,,,,,"Personal injury attorney",,,"15005727805132371804","North Miami Beach","US",,,"https://streetviewpixels-pa.googleapis.com/v1/thumbnail?panoid=h_5zxdkhFEy2apKMZkcipw&cb_client=search.gws-prod.gps&w=408&h=240&yaw=44.10275&pitch=0&thumbfov=100","/g/11h_chwznk","en",,"25.9298245","-80.1834787",,,"Monday","9 AM to 5 PM","Tuesday","9 AM to 5 PM","Wednesday","9 AM to 5 PM","Thursday","9 AM to 5 PM","Friday","9 AM to 5 PM","Saturday","Closed","Sunday","Closed",,"false","(888) 447-6553","+18884476553","ChIJH9_ybSOt2YgRXPcdXe8NP9A",,,,"33162",,"97",,"85","81","2","2","0","0","2026-10-05T10:21:27.160Z","https://www.google.com/maps/search/criminal%20defense%20attorney/@25.92904476237801,-80.04899409033187,12z?hl=en","criminal defense attorney",,"Florida","801 NE 167th St Fl 2",,"false","The Roller Law Group","4.9","https://www.google.com/maps/search/?api=1&query=The%20Roller%20Law%20Group&query_place_id=ChIJH9_ybSOt2YgRXPcdXe8NP9A","false","https://www.roller.law/"
,,,,,,,,,,,,,,,,,,,,,,,,,,,,"17325 NW 27th Ave #103, Miami Gardens, FL 33056",,"Attorney",,,,,,,,,,"Attorney",,,"2981301177466460575","Miami Gardens","US",,,"https://streetviewpixels-pa.googleapis.com/v1/thumbnail?panoid=B0T5SmV06WI6N3rDa_7_9w&cb_client=search.gws-prod.gps&w=408&h=240&yaw=36.43715&pitch=0&thumbfov=100","/g/1w9y1x7v","en",,"25.9325075","-80.2446651",,,,,,,,,,,,,,,,,,"false","(305) 622-9199","+13056229199","ChIJ8-akQrqv2YgRn5lXE6C1Xyk",,,,"33056",,"98",,"23","14","1","6","1","1","2026-10-05T10:21:27.160Z","https://www.google.com/maps/search/criminal%20defense%20attorney/@25.92904476237801,-80.04899409033187,12z?hl=en","criminal defense attorney",,"Florida","17325 NW 27th Ave #103",,"false","Law Offices Gregory Curtis","3.7","https://www.google.com/maps/search/?api=1&query=Law%20Offices%20Gregory%20Curtis&query_place_id=ChIJ8-akQrqv2YgRn5lXE6C1Xyk",,"http://www.gregorycurtislaw.com/"
,,,,,,,,,,,,,,,,,,,,,,,,,,,,"10800 Biscayne Blvd US1 Suite 800 8Th Floor, Miami Shores, FL 33161","6682899117263291454","Personal injury attorney",,,,,,,,,,"Personal injury attorney",,,"10210954528572260302","Miami Shores","US",,,"https://lh3.googleusercontent.com/gps-cs-s/AHRPTWk3bKju8PKpQRtviNo_0_gwYQDBm_0Gu8YsFoCrg4CabZfag9MUkq4EnT0-rsC2Pwr3quLj0Cu6jkVkleRfTQ_ktecvingnP_Cm87xdS33OEg707_O8eq-XrKnXFoEPGlwRtktw=w408-h281-k-no","/g/11gfh99h81","en",,"25.8752456","-80.1707201",,,"Monday","8:30 AM to 5 PM","Tuesday","8:30 AM to 5 PM","Wednesday","8:30 AM to 5 PM","Thursday","8:30 AM to 5 PM","Friday","8:30 AM to 5 PM","Saturday","Open 24 hours","Sunday","Open 24 hours",,"false","(305) 576-3835","+13055763835","ChIJvffo0xWy2YgRzj83NQuZtI0",,,,"33161",,"82",,"15","12","0","3","0","0","2026-10-05T10:21:27.320Z","https://www.google.com/maps/search/DUI%20attorney/@25.92904476237801,-80.04899409033187,12z?hl=en","DUI attorney",,"FL","10800 Biscayne Blvd US1 Suite 800 8Th Floor",,"false","Alter Law Offices","4.2","https://www.google.com/maps/search/?api=1&query=Alter%20Law%20Offices&query_place_id=ChIJvffo0xWy2YgRzj83NQuZtI0","false","https://www.alterlawoffices.com/"
,,,,,,,,,,,,,,,,,,,,,,,,,,,,"2040 NE 163rd St Ste 26, North Miami Beach, FL 33162","15701843584188480373","Personal injury attorney",,,,,,,,,,"Personal injury attorney",,,"10264918237945355453","North Miami Beach","US",,,"https://lh3.googleusercontent.com/gps-cs-s/ANWiy9QADOJjXZKHFO1o3uRceZUOh9godS5omdQ_Br0pLtIm9UYUluj8YhBTXwGl7M1F3vTtlvr05rUVfscC_MTU__OI-jtPsSiuCk0Ze_DBnxDUH_8nC7xHf_GAwZuXvGeBKVfghvhnVmAzv1tt=w408-h306-k-no","/g/11yvd75qmt","en",,"25.9257419","-80.1591108",,,,,,,,,,,,,,,,,,"false","(305) 506-9864","+13055069864","ChIJcWQ_siWt2YgRvVwpZcBQdI4",,,,"33162",,"84",,,,,,,,"2026-10-05T10:21:27.320Z","https://www.google.com/maps/search/DUI%20attorney/@25.92904476237801,-80.04899409033187,12z?hl=en","DUI attorney",,"Florida","2040 NE 163rd St Ste 26",,"false","Law Offices Injury",,"https://www.google.com/maps/search/?api=1&query=Law%20Offices%20Injury&query_place_id=ChIJcWQ_siWt2YgRvVwpZcBQdI4",,
,,,,,,,,,,,,,,,,,,,,,,,,,,,,"15520 W Dixie Hwy, North Miami Beach, FL 33162","13020790235018529398","Personal injury attorney","Law firm","Attorney","Medical lawyer","Trial attorney",,,,,,"Personal injury attorney",,,"9231937438204426185","North Miami Beach","US",,,"https://lh3.googleusercontent.com/gps-cs-s/AHRPTWn9xNNv8mGY1FyEtTolUyy3z3LIM01ueAuuL07T2xOlBkdUU2POzJoN65l4BeiJbfpOeLAtdOy8v0lJT5LE4DFyz01IDQkvj7LUNu3T0eszsSq0sIHEOn8tpyclIPSpsXW1WRnR0w=w426-h240-k-no","/g/11f_j3wn03","en",,"25.9189778","-80.1595653",,,"Monday","Open 24 hours","Tuesday","Open 24 hours","Wednesday","Open 24 hours","Thursday","Open 24 hours","Friday","Open 24 hours","Saturday","Open 24 hours","Sunday","Open 24 hours",,"false","(305) 694-2676","+13056942676","ChIJO0tluYSy2YgRyffN6C9uHoA",,,,"33162",,"86",,"154","153","1","0","0","0","2026-10-05T10:21:27.321Z","https://www.google.com/maps/search/DUI%20attorney/@25.92904476237801,-80.04899409033187,12z?hl=en","DUI attorney",,"Florida","15520 W Dixie Hwy",,"false","Prosper Injury Attorneys","5","https://www.google.com/maps/search/?api=1&query=Prosper%20Injury%20Attorneys&query_place_id=ChIJO0tluYSy2YgRyffN6C9uHoA","true","https://prosperlaw.com/?utm_source=google&utm_medium=organic&utm_campaign=gbp"
,,,,,,,,,,,,,,,,,,,,,,,,,,,,"2390 NE 172nd St, North Miami Beach, FL 33160","16606330221994495759","Personal injury attorney",,,,,,,,,,"Personal injury attorney",,,"12495350193836117149","North Miami Beach","US",,,"https://streetviewpixels-pa.googleapis.com/v1/thumbnail?panoid=VjIc8sjOqggl3dJRkyDukg&cb_client=search.gws-prod.gps&w=408&h=240&yaw=164.087&pitch=0&thumbfov=100","/g/11m6wz5g2k","en",,"25.9343783","-80.152758",,,"Monday","Open 24 hours","Tuesday","Open 24 hours","Wednesday","Open 24 hours","Thursday","Open 24 hours","Friday","Open 24 hours","Saturday","Open 24 hours","Sunday","Open 24 hours",,"false","(305) 910-0919","+13059100919","ChIJfZOAbcWt2YgRncy1T8xmaK0",,,,"33160",,"87",,"1","1","0","0","0","0","2026-10-05T10:21:27.321Z","https://www.google.com/maps/search/DUI%20attorney/@25.92904476237801,-80.04899409033187,12z?hl=en","DUI attorney",,"Florida","2390 NE 172nd St",,"false","Florida Injury Lawyers, PLLC","5","https://www.google.com/maps/search/?api=1&query=Florida%20Injury%20Lawyers%2C%20PLLC&query_place_id=ChIJfZOAbcWt2YgRncy1T8xmaK0","true","https://www.floridainjurylawyerspllc.com/"
,,,,,,,,,,,,,,,,,,,,,,,,,,,,"633 NE 167th St Ste 812, North Miami Beach, FL 33162","11127353316796655513","Personal injury attorney","Law firm","Attorney","Legal services","Trial attorney",,,,,,"Personal injury attorney",,,"6432696848329269254","North Miami Beach","US",,,"https://lh3.googleusercontent.com/gps-cs-s/AHRPTWlNdBx7URV_GcdwJLTSOFI-PjKp0d1itZhK1iyl2R7_unj26c-W3SxHIOSYPEsFfUmrKBy3lzhnfgxfV6sPPr0NJp0Ziltetoo55SWqdOSowl6nfXF5uHs_eIL823LhfMzrTEcmGLUpHzUB=w408-h510-k-no","/g/11xfg6ftz4","en",,"25.9289649","-80.1873757",,,"Monday","Open 24 hours","Tuesday","Open 24 hours","Wednesday","Open 24 hours","Thursday","Open 24 hours","Friday","Open 24 hours","Saturday","Open 24 hours","Sunday","Open 24 hours",,"false","(305) 407-1153","+13054071153","ChIJuYcNBOit2YgRBuBwoLOHRVk",,,,"33162",,"88",,"22","22","0","0","0","0","2026-10-05T10:21:27.321Z","https://www.google.com/maps/search/DUI%20attorney/@25.92904476237801,-80.04899409033187,12z?hl=en","DUI attorney",,"Florida","633 NE 167th St Ste 812",,"false","Baker & DiSalvo Personal Injury Lawyers North Miami Beach","5","https://www.google.com/maps/search/?api=1&query=Baker%20%26%20DiSalvo%20Personal%20Injury%20Lawyers%20North%20Miami%20Beach&query_place_id=ChIJuYcNBOit2YgRBuBwoLOHRVk","true","https://www.bakerdisalvo.com/north-miami-beach-injury/?utm_source=gbp&utm_medium=organic&utm_campaign=gbp_north_miami_beach"
,,,,,,,,,,,,,,,,,,,,,,,,,,,,"19505 Biscayne Blvd Ste. 2350, Aventura, FL 33180","2150096374047924773","Personal injury attorney",,,,,,,,,,"Personal injury attorney",,,"4931694668965761302","Aventura","US",,,"https://lh3.googleusercontent.com/gps-cs-s/ANWiy9QKQVVYV-UE7HKzQcYGt1-_oSjPxp0nmb6ZmGlJ14nVq_5NTxfXM63eZXgpeq9V_R8t-2fJ9VpM_Suc8ZMQQK74b6t2DRmI1YK32CmH6_ArwyPurvbfbUFkwf3pxGcgHkSCFqzg=w408-h272-k-no","/g/11q255lp03","en",,"25.955848","-80.1436708",,,"Monday","Open 24 hours","Tuesday","Open 24 hours","Wednesday","Open 24 hours","Thursday","Open 24 hours","Friday","Open 24 hours","Saturday","Open 24 hours","Sunday","Open 24 hours",,"false","(305) 888-2222","+13058882222","ChIJ8QdY6Wit2YgRFlFkFCzmcEQ",,,,"33180",,"91",,"26","26","0","0","0","0","2026-10-05T10:21:27.321Z","https://www.google.com/maps/search/DUI%20attorney/@25.92904476237801,-80.04899409033187,12z?hl=en","DUI attorney",,"Florida","19505 Biscayne Blvd Ste. 2350",,"false","Modern Injury Lawyers","5","https://www.google.com/maps/search/?api=1&query=Modern%20Injury%20Lawyers&query_place_id=ChIJ8QdY6Wit2YgRFlFkFCzmcEQ","true","http://www.moderninjurylawyers.com/"
,,,,,,,,,,,,,,,,,,,,,,,,,,,,"111 NW 183rd St Ste 107, Miami, FL 33169","8081084766544919872","Personal injury attorney","Insurance attorney","Law firm","Attorney","Legal services","Trial attorney",,,,,"Personal injury attorney",,,"2653823294436336828","Miami","US",,,"https://lh3.googleusercontent.com/gps-cs-s/AHRPTWmCWP3PB8IsNNzWoOSI8tIhQaxzIkEpofqcwlXAOvy72ZrlkiMpZ_XEOIE39G-z_FYUD70o5flXXuquPJELvUngW57rQAB-dUrRVq0V4c7X_YyDJmDqdoItWSHUlBvrlHNEbOGtEORJksE=w408-h408-k-no","/g/11h3t6_h2x","en",,"25.9430792","-80.2035471",,,"Monday","9 PM to 12 AM","Tuesday","12 AM to 5 PM, 9 PM to 12 AM","Wednesday","12 AM to 5 PM, 9 PM to 12 AM","Thursday","12 AM to 5 PM, 9 PM to 12 AM","Friday","12 AM to 5 PM, 9 PM to 12 AM","Saturday","12 AM to 5 PM","Sunday","Closed",,"false","(954) 947-8524","+19549478524","ChIJXxIGZSCv2YgRvOSIyTlG1CQ",,,,"33169",,"92",,"34","32","0","1","0","1","2026-10-05T10:21:27.321Z","https://www.google.com/maps/search/DUI%20attorney/@25.92904476237801,-80.04899409033187,12z?hl=en","DUI attorney",,"Florida","111 NW 183rd St Ste 107",,"false","Englander Peebles, Accident & Injury Lawyers","4.8","https://www.google.com/maps/search/?api=1&query=Englander%20Peebles%2C%20Accident%20%26%20Injury%20Lawyers&query_place_id=ChIJXxIGZSCv2YgRvOSIyTlG1CQ","false","https://www.ftlinjurylaw.com/miami/?utm_source=google&utm_medium=organic&utm_campaign=GBP_Miami_Gardens"
,,,,,,,,,,,,,,,,,,,,,,,,,,,,"529 Arthur Godfrey Rd Ste 404, Miami Beach, FL 33140","14044020092909756496","Estate planning attorney","Business administration service","Law firm","Attorney","Legal services",,,,,,"Estate planning attorney",,,"11028512834095941464","Miami Beach","US",,,"https://lh3.googleusercontent.com/gps-cs-s/ANWiy9S1fhTIXesjkqEpgeeMu2chQH2UdjEvcc3EN3eCr0E0UG04VvhNPkJhPp76O2YVYkhkqivtvrMDW-Zjk2fz4rS5VOP4eDaAjImooPRag1krtFBN8PzEVgcsh9S9ZDzIWYJVzah0aQ=w408-h271-k-no","/g/1tcyy6x2","en",,"25.8141369","-80.1299261",,"Nautilus","Monday","9 AM to 5 PM","Tuesday","9 AM to 5 PM","Wednesday","9 AM to 5 PM","Thursday","9 AM to 5 PM","Friday","9 AM to 3 PM","Saturday","Closed","Sunday","Closed",,"false","(877) 727-5379","+18777275379","ChIJ_____yC32YgRWAcgtf0lDZk",,,,"33140",,"93",,"19","18","0","1","0","0","2026-10-05T10:21:27.321Z","https://www.google.com/maps/search/DUI%20attorney/@25.92904476237801,-80.04899409033187,12z?hl=en","DUI attorney",,"Florida","529 Arthur Godfrey Rd Ste 404",,"false","Attorneys Parker & Maloney","4.8","https://www.google.com/maps/search/?api=1&query=Attorneys%20Parker%20%26%20Maloney&query_place_id=ChIJ_____yC32YgRWAcgtf0lDZk","false","http://www.jonathanhparker.com/"
,,,,,,,,,,,,,,,,,,,,,,,,,,,,"870 Fisherman St Unit 166, Opa-locka, FL 33054","2562089507887542434","Personal injury attorney",,,,,,,,,,"Personal injury attorney",,,"15194508100649901179","Opa-locka","US",,,"https://lh3.googleusercontent.com/gps-cs-s/AHRPTWnYA2erdT520qUl11XBFgRjIxPSXxSZdLSo7QoED9Gd24JJjs2WCHDF7JcUG7y26Ymx4c0jj98FNknwMGuzmxSAcXG9nUcbvvSAQ285uzC8tCsFPIsC7tSm2w06TUpjmx-QXqWlUt0nRcg=w408-h272-k-no","/g/11mydxdp1q","en",,"25.9024419","-80.2504495",,,"Monday","8 AM to 6 PM","Tuesday","8 AM to 6 PM","Wednesday","8 AM to 6 PM","Thursday","8 AM to 6 PM","Friday","8 AM to 6 PM","Saturday","8 AM to 6 PM","Sunday","8 AM to 6 PM",,"false","(786) 372-7383","+17863727383","ChIJof1QBzev2YgRe1wIFJ283dI",,,,"33054",,"95",,,,,,,,"2026-10-05T10:21:27.321Z","https://www.google.com/maps/search/DUI%20attorney/@25.92904476237801,-80.04899409033187,12z?hl=en","DUI attorney",,"Florida","870 Fisherman St Unit 166",,"false","Law Office of Personal Injury",,"https://www.google.com/maps/search/?api=1&query=Law%20Office%20of%20Personal%20Injury&query_place_id=ChIJof1QBzev2YgRe1wIFJ283dI","false","https://lawofficemichaeltwillisco.com/"
,,,,,,,,,,,,,,,,,,,,,,,,,,,,"20801 Biscayne Blvd Suite 403-405, Aventura, FL 33180","7456133403984292857","Estate planning attorney",,,,,,,,,,"Estate planning attorney",,,"884146229968226187","Aventura","US",,,"https://streetviewpixels-pa.googleapis.com/v1/thumbnail?panoid=8vOErKMcGjQ77c5S6A946Q&cb_client=search.gws-prod.gps&w=408&h=240&yaw=196.31174&pitch=0&thumbfov=100","/g/1tg5vvz9","en",,"25.9680023","-80.1438543",,,"Monday","9 AM to 5 PM","Tuesday","9 AM to 5 PM","Wednesday","9 AM to 5 PM","Thursday","9 AM to 5 PM","Friday","9 AM to 5 PM","Saturday","Closed","Sunday","Closed",,"false","(305) 932-2293","+13059322293","ChIJ4zjHxGGs2YgRi8fBzk8eRQw",,,,"33180",,"96",,"5","2","1","2","0","0","2026-10-05T10:21:27.321Z","https://www.google.com/maps/search/DUI%20attorney/@25.92904476237801,-80.04899409033187,12z?hl=en","DUI attorney",,"Florida","20801 Biscayne Blvd Suite 403-405",,"false","Barbara Buxton PA","3.2","https://www.google.com/maps/search/?api=1&query=Barbara%20Buxton%20PA&query_place_id=ChIJ4zjHxGGs2YgRi8fBzk8eRQw","false","http://www.buxtonlaw.com/"
,,,,,,,,,,,,,,,,,,,,,,,,,,,,"19466 E Country Club Dr, Aventura, FL 33180",,"Personal injury attorney","Law firm","Attorney",,,,,,,,"Personal injury attorney",,,"7917486492848005019","Aventura","US",,,,"/g/11wb06dxn1","en",,"25.9562045","-80.1314203",,,"Monday","7 AM to 9 PM","Tuesday","7 AM to 9 PM","Wednesday","7 AM to 9 PM","Thursday","7 AM to 9 PM","Friday","7 AM to 9 PM","Saturday","7 AM to 9 PM","Sunday","7 AM to 9 PM",,"false","(786) 460-7376","+17864607376","ChIJadlPlgqt2YgRm58oQASQ4G0",,,,"33180",,"97",,"10","10","0","0","0","0","2026-10-05T10:21:27.321Z","https://www.google.com/maps/search/DUI%20attorney/@25.92904476237801,-80.04899409033187,12z?hl=en","DUI attorney",,"Florida","19466 E Country Club Dr",,"false","Goldberg Personal Injury Attorney's","5","https://www.google.com/maps/search/?api=1&query=Goldberg%20Personal%20Injury%20Attorney's&query_place_id=ChIJadlPlgqt2YgRm58oQASQ4G0","false","https://goldbergpersonalinjury.com/personal-injury-lawyer-aventura"
,,,,,,,,,,,,,,,,,,,,,,,,,,,,,"8977899052744892177","Personal injury attorney","Service establishment",,,,,,,,,"Personal injury attorney",,,"12228259359569054529",,,,,"https://lh3.googleusercontent.com/gps-cs-s/AHRPTWk6F0Gtc4UyPcwnHscX1t05_4zsRhRrNl8Dopi0dOmL12b_zRo1IcOpdipjkKSVlLO8-nQ5S3yynb8KnxlTi9yApt1ESs_xBNHuaryWjB4vQ8b7WfC7QRN-jTChH8Y5I6n_ACNYsYxAfcao=w408-h696-k-no","/g/11z9mxydb3","en",,"25.960485","-80.2072559",,,"Monday","Open 24 hours","Tuesday","Open 24 hours","Wednesday","Open 24 hours","Thursday","Open 24 hours","Friday","Open 24 hours","Saturday","Open 24 hours","Sunday","Open 24 hours",,"false","(954) 300-2919","+19543002919","ChIJ5-LBZSXMUAQRQYt1dBmBs6k",,,,,,"98",,"3","3","0","0","0","0","2026-10-05T10:21:27.321Z","https://www.google.com/maps/search/DUI%20attorney/@25.92904476237801,-80.04899409033187,12z?hl=en","DUI attorney",,,,,"false","The Law Offices of James J. Klein, PLLC","5","https://www.google.com/maps/search/?api=1&query=The%20Law%20Offices%20of%20James%20J.%20Klein%2C%20PLLC&query_place_id=ChIJ5-LBZSXMUAQRQYt1dBmBs6k","true","https://klein-legalgroup.com/"
,,,,,,,,,,,,,,,,,,,,,,,,,,,,"12550 Biscayne Blvd, Miami, FL 33181",,"Criminal justice attorney",,,,,,,,,,"Criminal justice attorney",,,"14102311016376773917","Miami","US",,,"https://streetviewpixels-pa.googleapis.com/v1/thumbnail?panoid=n8MVkLcexPrGAGgR28O74g&cb_client=search.gws-prod.gps&w=408&h=240&yaw=357.35355&pitch=0&thumbfov=100","/g/11cmdld6k4","en",,"25.8922343","-80.1635417",,,,,,,,,,,,,,,,,,"false","(305) 757-7300","+13057577300","ChIJ7bjG3XSy2YgRHS038yZ5tcM",,,,"33181",,"100",,,,,,,,"2026-10-05T10:21:27.321Z","https://www.google.com/maps/search/DUI%20attorney/@25.92904476237801,-80.04899409033187,12z?hl=en","DUI attorney",,"Florida","12550 Biscayne Blvd",,"true","Edward J. O'Donnell",,"https://www.google.com/maps/search/?api=1&query=Edward%20J.%20O'Donnell&query_place_id=ChIJ7bjG3XSy2YgRHS038yZ5tcM","false","http://odonnelldefense.com/"
,,,,,,,,,,,,,,,,,,,,,,,,,,,,"20295 NW 2nd Ave #215, Miami, FL 33169",,"Attorney",,,,,,,,,,"Attorney",,,"16574388290977419517","Miami","US",,,"https://streetviewpixels-pa.googleapis.com/v1/thumbnail?panoid=4TdKQe1apR5OYaQUyfAt2g&cb_client=search.gws-prod.gps&w=408&h=240&yaw=187.84135&pitch=0&thumbfov=100","/g/1tg5vvzw","en",,"25.9617973","-80.2053498",,,,,,,,,,,,,,,,,,"false","(305) 651-5505","+13056515505","ChIJDwM87JOu2YgR_VAa9VUOBOY",,,,"33169",,"103",,"4","4","0","0","0","0","2026-10-05T10:21:28.541Z","https://www.google.com/maps/search/criminal%20defense%20attorney/@25.92904476237801,-80.04899409033187,12z?hl=en","criminal defense attorney",,"Florida","20295 NW 2nd Ave #215",,"false","Robyn M. Blake, PA","5","https://www.google.com/maps/search/?api=1&query=Robyn%20M.%20Blake%2C%20PA&query_place_id=ChIJDwM87JOu2YgR_VAa9VUOBOY",,"http://www.robynblake.com/"
,,,,,,,,,,,,,,,,,,,,,,,,,,,,"1031 Ives Dairy Rd suite 228, Miami, FL 33179",,"Criminal justice attorney",,,,,,,,,,"Criminal justice attorney",,,"9986879932691008885","Miami","US",,,"https://streetviewpixels-pa.googleapis.com/v1/thumbnail?panoid=FmMm6mW4vjzuc3GXZwWcsg&cb_client=search.gws-prod.gps&w=408&h=240&yaw=33.489902&pitch=0&thumbfov=100","/g/11fmybypyn","en",,"25.9656609","-80.1810985",,,,,,,,,,,,,,,,,,"false","(786) 287-9069","+17862879069","ChIJUSGHWyut2YgRdU2G0mKGmIo",,,,"33179",,"104",,"1","1","0","0","0","0","2026-10-05T10:21:28.542Z","https://www.google.com/maps/search/criminal%20defense%20attorney/@25.92904476237801,-80.04899409033187,12z?hl=en","criminal defense attorney",,"Florida","1031 Ives Dairy Rd suite 228",,"false","Law Offices of David E Berkman","5","https://www.google.com/maps/search/?api=1&query=Law%20Offices%20of%20David%20E%20Berkman&query_place_id=ChIJUSGHWyut2YgRdU2G0mKGmIo",,
,,,,,,,,,,,,,,,,,,,,,,,,,,,,"102 E 49th St, Hialeah, FL 33013","6816114426105171079","Bankruptcy attorney",,,,,,,,,,"Bankruptcy attorney",,,"7573043286183849661","Hialeah","US",,,"https://lh3.googleusercontent.com/gps-cs-s/AHRPTWmlQxQZqcQKi2SJMdM-sazplZ0jhtWtZr7DnzJA_RtkoNiYNWXDSUHlN9OLrhU7ZDiUbgAQAwYYRt5xfbmg5TvOclmCJXx3YdlZ8jo1MP5WPhoDT4ez_-7hCAxC5L7Nnd4HrtIc=w408-h346-k-no","/g/11pvc3x5ng","en",,"25.8666598","-80.2807605",,,"Monday","9 AM to 4 PM","Tuesday","9 AM to 4 PM","Wednesday","9 AM to 4 PM","Thursday","9 AM to 4 PM","Friday","9 AM to 4 PM","Saturday","9 AM to 12 PM","Sunday","Closed",,"false","(305) 349-3463","+13053493463","ChIJD3E0Iue72YgRvS6lvb7aGGk",,,,"33013",,"105",,"204","202","0","2","0","0","2026-10-05T10:21:28.542Z","https://www.google.com/maps/search/criminal%20defense%20attorney/@25.92904476237801,-80.04899409033187,12z?hl=en","criminal defense attorney",,"Florida","102 E 49th St",,"false","Jose A. Blanco, P.A.","5","https://www.google.com/maps/search/?api=1&query=Jose%20A.%20Blanco%2C%20P.A.&query_place_id=ChIJD3E0Iue72YgRvS6lvb7aGGk","false","http://www.blancopa.com/"
,,,,,,,,,,,,,,,,,,,,,,,,,,,,"1830 NE 163rd St, North Miami Beach, FL 33162","8533479323004664318","Immigration attorney",,,,,,,,,,"Immigration attorney",,,"4503422212404374164","North Miami Beach","US",,,"https://lh3.googleusercontent.com/gps-cs-s/AHRPTWkDU_jspCG_VCIWcCRINtj3yupV0lzzVNVFBy8GssTOTh8s3miZCjuMsWE4RVBepWy7zigHlzSqlAV5Dm9b8ftopXnnmbZ6sv4IW7UyqTkkDm8RpfYtj-gJ_Ojs9mmRkA_upV_luw=w408-h306-k-no","/g/11g8b4w4vd","en",,"25.9256525","-80.1632452",,,"Monday","9 AM to 6 PM","Tuesday","9 AM to 6 PM","Wednesday","9 AM to 6 PM","Thursday","9 AM to 6 PM","Friday","9 AM to 6 PM","Saturday","Closed","Sunday","Closed",,"false","(305) 912-7777","+13059127777","ChIJKciZeNut2YgRlGr3W6Refz4",,,,"33162",,"106",,"454","411","7","31","4","1","2026-10-05T10:21:28.542Z","https://www.google.com/maps/search/criminal%20defense%20attorney/@25.92904476237801,-80.04899409033187,12z?hl=en","criminal defense attorney",,"Florida","1830 NE 163rd St",,"false","Law Office of Ben Ezra Eran, P.A","4.7","https://www.google.com/maps/search/?api=1&query=Law%20Office%20of%20Ben%20Ezra%20Eran%2C%20P.A&query_place_id=ChIJKciZeNut2YgRlGr3W6Refz4","false","https://cislawoffice.com/"
,,,,,,,,,,,,,,,,,,,,,,,,,,,,"9999 NE 2nd Ave #306, Miami Shores, FL 33138","18090601574556046923","Law firm",,,,,,,,,,"Law firm",,,"3700968630431248262","Miami Shores","US",,,"https://lh3.googleusercontent.com/gps-cs-s/AHRPTWnLZpyaAo88JtdGXfDYM3OrZhVI2pw_7KtFH_qKCTSUdEKi-TC6Le9309yGgyVFIlLP2nkKjrNxq93ta1GEDLEnhT0wTCcz1O_-53j_e-7OYnshP36N6-YEXCmMgAMMu9txCW0=w408-h291-k-no","/g/11c1sjws_s","en",,"25.8666096","-80.1932946",,,"Monday","9 AM to 5 PM","Tuesday","9 AM to 5 PM","Wednesday","9 AM to 5 PM","Thursday","9 AM to 5 PM","Friday","9 AM to 5 PM","Saturday","Closed","Sunday","Closed",,"false","(786) 502-2038","+17865022038","ChIJJ68Py46x2YgRhu-3XVx7XDM",,,,"33138",,"107",,"29","24","1","3","0","1","2026-10-05T10:21:28.542Z","https://www.google.com/maps/search/criminal%20defense%20attorney/@25.92904476237801,-80.04899409033187,12z?hl=en","criminal defense attorney",,"Florida","9999 NE 2nd Ave #306",,"false","White & Twombly, PA","4.4","https://www.google.com/maps/search/?api=1&query=White%20%26%20Twombly%2C%20PA&query_place_id=ChIJJ68Py46x2YgRhu-3XVx7XDM","false","http://www.whitetwombly.com/"
,,,,,,,,,,,,,,,,,,,,,,,,,,,,"290 NW 165th St PH4, Miami, FL 33169",,"Attorney",,,,,,,,,,"Attorney",,,"8716903825433132746","Miami","US",,,"https://streetviewpixels-pa.googleapis.com/v1/thumbnail?panoid=poSPd2TDheo2Z0e5UCpJgg&cb_client=search.gws-prod.gps&w=408&h=240&yaw=263.41867&pitch=0&thumbfov=100","/g/1tf24wwg","en",,"25.9256152","-80.2060825",,,"Monday","9 AM to 6 PM","Tuesday","9 AM to 6 PM","Wednesday","9 AM to 6 PM","Thursday","9 AM to 6 PM","Friday","9 AM to 5 PM","Saturday","Closed","Sunday","Closed",,"false","(800) 323-6290","+18003236290","ChIJCwxIo2uu2YgRyn4vWNip-Hg",,,,"33169",,"108",,"15","11","0","3","1","0","2026-10-05T10:21:28.542Z","https://www.google.com/maps/search/criminal%20defense%20attorney/@25.92904476237801,-80.04899409033187,12z?hl=en","criminal defense attorney",,"Florida","290 NW 165th St PH4",,"false","The Law Offices of Scott R. Bugay, PA","4.1","https://www.google.com/maps/search/?api=1&query=The%20Law%20Offices%20of%20Scott%20R.%20Bugay%2C%20PA&query_place_id=ChIJCwxIo2uu2YgRyn4vWNip-Hg","false",
,,,,,,,,,,,,,,,,,,,,,,,,,,,,"4770 Biscayne Blvd Ste 600, Miami, FL 33137","9273110092762385804","Personal injury attorney","Insurance attorney","Law firm","Attorney","Legal services","Medical lawyer","Trial attorney",,,,"Personal injury attorney",,,"6348317167795155005","Miami","US",,,"https://lh3.googleusercontent.com/gps-cs-s/AHRPTWk_lQhXWXyOswNkjs953vLe5EbrxSrN988S3m7qNmMN17mpNT2chZFJroOFATTB_bw3O1rOpn7EH6yWj3JJQ_GLpx3RYw3yEkVDwhL4HO5pxnUjBbFNiw0jDdJ0Hpwvbza068nGgQ=w408-h272-k-no","/g/11ts08gsbd","en",,"25.8188126","-80.1884989",,,"Monday","Open 24 hours","Tuesday","Open 24 hours","Wednesday","Open 24 hours","Thursday","Open 24 hours","Friday","Open 24 hours","Saturday","Open 24 hours","Sunday","Open 24 hours",,"false","(305) 390-4259","+13053904259","ChIJmc1RB9ex2YgRPbDxS9TAGVg",,,,"33137",,"109",,"47","47","0","0","0","0","2026-10-05T10:21:28.542Z","https://www.google.com/maps/search/criminal%20defense%20attorney/@25.92904476237801,-80.04899409033187,12z?hl=en","criminal defense attorney",,"Florida","4770 Biscayne Blvd Ste 600",,"false","Ward Ruddock","5","https://www.google.com/maps/search/?api=1&query=Ward%20Ruddock&query_place_id=ChIJmc1RB9ex2YgRPbDxS9TAGVg","true","https://wardruddock.com/"
,,,,,,,,,,,,,,,,,,,,,,,,,,,,"1506 NE 162nd St, North Miami Beach, FL 33162","7619956721110374764","Personal injury attorney",,,,,,,,,,"Personal injury attorney",,,"4638450809808968502","North Miami Beach","US",,,"https://lh3.googleusercontent.com/gps-cs-s/AHRPTWkYl4HX0xfjtvFTM3rsbfvzdVIiYmc1mzUuVI1_gsGB3LOP0sSnbgETEUeXNU7DVjBMWQ3ZdsfVvzDsmAFCY8P7Vn7YCnpvbjfjT_XT39TAyMKzVTiE-iaJzEnQsz3SO2AA_LJ269h4d7zJ=w408-h472-k-no","/g/1tm0tz9k","en",,"25.9244656","-80.1694254",,,"Monday","9 AM to 5 PM","Tuesday","9 AM to 5 PM","Wednesday","9 AM to 5 PM","Thursday","9 AM to 5 PM","Friday","9 AM to 5 PM","Saturday","Closed","Sunday","Closed",,"false","(305) 571-9711","+13055719711","ChIJ7x7jR8Gt2YgRNlvJmm8WX0A",,,,"33162",,"110",,"60","55","1","4","0","0","2026-10-05T10:21:28.542Z","https://www.google.com/maps/search/criminal%20defense%20attorney/@25.92904476237801,-80.04899409033187,12z?hl=en","criminal defense attorney",,"Florida","1506 NE 162nd St",,"false","ZIEPER LAW LAURENCE E. ZIEPER, P.A.","4.7","https://www.google.com/maps/search/?api=1&query=ZIEPER%20LAW%20LAURENCE%20E.%20ZIEPER%2C%20P.A.&query_place_id=ChIJ7x7jR8Gt2YgRNlvJmm8WX0A","false","http://zieperlaw.com/"
,,,,,,,,,,,,,,,,,,,,,,,,,,,,"3590 Mystic Pointe Dr, Aventura, FL 33180","5531908009133196043","Family law attorney","Divorce lawyer","Divorce service","General practice attorney","Law firm","Attorney","Legal services",,,,"Family law attorney",,,"17009980727716578540","Aventura","US",,,,"/g/1vfp4fmt","en",,"25.953175","-80.128387",,,"Monday","9 AM to 5:30 PM","Tuesday","9 AM to 5:30 PM","Wednesday","9 AM to 5:30 PM","Thursday","9 AM to 5:30 PM","Friday","9 AM to 5:30 PM","Saturday","Closed","Sunday","Closed",,"false","(305) 940-4000","+13059404000","ChIJ08tB1Qyy2YgR7ITJX1mXD-w",,,,"33180",,"111",,"11","10","0","1","0","0","2026-10-05T10:21:28.542Z","https://www.google.com/maps/search/criminal%20defense%20attorney/@25.92904476237801,-80.04899409033187,12z?hl=en","criminal defense attorney",,"Florida","3590 Mystic Pointe Dr",,"false","Barry S. Franklin & Associates","4.6","https://www.google.com/maps/search/?api=1&query=Barry%20S.%20Franklin%20%26%20Associates&query_place_id=ChIJ08tB1Qyy2YgR7ITJX1mXD-w","false","http://www.barrysfranklin.com/"
,,,,,,,,,,,,,,,,,,,,,,,,,,,,"12700 Biscayne Blvd Ste 305, North Miami, FL 33181",,"Attorney",,,,,,,,,,"Attorney",,,"17798527054498951380","North Miami","US",,,"https://streetviewpixels-pa.googleapis.com/v1/thumbnail?panoid=r8lGhW8SGv5WHfA0uNXkUQ&cb_client=search.gws-prod.gps&w=408&h=240&yaw=87.74813&pitch=0&thumbfov=100","/g/1hc4qbygw","en",,"25.893907","-80.1627",,,,,,,,,,,,,,,,,,"false","(305) 400-8082","+13054008082","ChIJwQTXDnWy2YgR1PCWMA4SAfc",,,,"33181",,"113",,"12","10","0","2","0","0","2026-10-05T10:21:28.542Z","https://www.google.com/maps/search/criminal%20defense%20attorney/@25.92904476237801,-80.04899409033187,12z?hl=en","criminal defense attorney",,"Florida","12700 Biscayne Blvd Ste 305",,"false","Buckland & Dang PA","4.3","https://www.google.com/maps/search/?api=1&query=Buckland%20%26%20Dang%20PA&query_place_id=ChIJwQTXDnWy2YgR1PCWMA4SAfc",,"http://bdpalaw.com/"
,,,,,,,,,,,,,,,,,,,,,,,,,,,,"10800 Biscayne Blvd #700, Miami, FL 33161","5088994146224236686","Personal injury attorney","Attorney",,,,,,,,,"Personal injury attorney",,,"2688707459002214882","Miami","US",,,"https://lh3.googleusercontent.com/gps-cs-s/AHRPTWly11EI3HANxRWGvwlqrVPbMlUF0omq05fiw6wMXqTFG5O8UmhJqw-oz0exqkKuehtip18thiQ-gAayNbLz7wM2Qjt7v5BX1nnawuXbrbPwlK41D_5O929iQDgyuqLV9-qpDAkOCFM9ZKBp=w408-h326-k-no","/g/12613fwv4","en",,"25.8751312","-80.1704793",,,"Monday","Open 24 hours","Tuesday","Open 24 hours","Wednesday","Open 24 hours","Thursday","Open 24 hours","Friday","Open 24 hours","Saturday","Open 24 hours","Sunday","Open 24 hours",,"false","(305) 373-3730","+13053733730","ChIJG2jyBZy22YgR4inFRjA1UCU",,,,"33161",,"116",,"1","1","0","0","0","0","2026-10-05T10:21:28.542Z","https://www.google.com/maps/search/criminal%20defense%20attorney/@25.92904476237801,-80.04899409033187,12z?hl=en","criminal defense attorney",,"Florida","10800 Biscayne Blvd #700",,"false","Altman Jeffrey S","5","https://www.google.com/maps/search/?api=1&query=Altman%20Jeffrey%20S&query_place_id=ChIJG2jyBZy22YgR4inFRjA1UCU","true","http://altmanlawfirm.com/"
,,,,,,,,,,,,,,,,,,,,,,,,,,,,"12550 Biscayne Blvd, North Miami, FL 33181","4703633915085295301","Law firm",,,,,,,,,,"Law firm",,,"11164061985853618330","North Miami","US",,,"https://streetviewpixels-pa.googleapis.com/v1/thumbnail?panoid=CIVGLalH02gaQdT8vpBzxw&cb_client=search.gws-prod.gps&w=408&h=240&yaw=314.51007&pitch=0&thumbfov=100","/g/11g8v5rv16","en",,"25.892262","-80.1633482",,,"Monday","9 AM to 5 PM","Tuesday","9 AM to 5 PM","Wednesday","9 AM to 5 PM","Thursday","9 AM to 5 PM","Friday","9 AM to 5 PM","Saturday","Closed","Sunday","Closed",,"false","(855) 581-0096","+18555810096","ChIJAQDA3XSy2YgRmjg_9Tm37po",,,,"33181",,"118",,"36","25","0","10","0","1","2026-10-05T10:21:28.542Z","https://www.google.com/maps/search/criminal%20defense%20attorney/@25.92904476237801,-80.04899409033187,12z?hl=en","criminal defense attorney",,"Florida","12550 Biscayne Blvd",,"false","Ramsaran Law Group","3.8","https://www.google.com/maps/search/?api=1&query=Ramsaran%20Law%20Group&query_place_id=ChIJAQDA3XSy2YgRmjg_9Tm37po","false","https://www.ramsaranlawgroup.com/"
,,,,,,,,,,,,,,,,,,,,,,,,,,,,"160 NW 176th St Ste 202-1, Miami Gardens, FL 33169",,"Law firm",,,,,,,,,,"Law firm",,,"979920389704112083","Miami Gardens","US",,,"https://streetviewpixels-pa.googleapis.com/v1/thumbnail?panoid=IjYiL2HsIzqF4JlHhsCsZQ&cb_client=search.gws-prod.gps&w=408&h=240&yaw=178.56206&pitch=0&thumbfov=100","/g/11lgrnsc0x","en",,"25.9355914","-80.2041231",,,,,,,,,,,,,,,,,,"false","(305) 900-3677","+13059003677","ChIJAQAw2GWu2YgR09d5EGdgmQ0",,,,"33169",,"119",,"1","1","0","0","0","0","2026-10-05T10:21:28.542Z","https://www.google.com/maps/search/criminal%20defense%20attorney/@25.92904476237801,-80.04899409033187,12z?hl=en","criminal defense attorney",,"Florida","160 NW 176th St Ste 202-1",,"false","THE BRITT LAW FIRM","5","https://www.google.com/maps/search/?api=1&query=THE%20BRITT%20LAW%20FIRM&query_place_id=ChIJAQAw2GWu2YgR09d5EGdgmQ0",,"http://thebrittlawfirm.com/"
,,,,,,,,,,,,,,,,,,,,,,,,,,,,"6625 Miami Lakes Dr, Miami Lakes, FL 33014","10618566047027537542","Criminal justice attorney","Law firm","Attorney","Legal services",,,,,,,"Criminal justice attorney",,,"17719975569656286557","Miami Lakes","US",,,"https://lh3.googleusercontent.com/grass-cs/ACvplmMMGSV_uebAIPY8FsmdAhzv30mfXrvUx9d0fPCHx68Jz-_OwJbzq9g2I3J7zZafYq4r7WxTcStS573CbuNVMTyA5_ZXvzYbpX6TZYs65H8JTIAvlVC4e9WLU81fy_q6bk3CmBjK=w408-h408-k-no","/g/1v2jdq61","en",,"25.9089676","-80.3077337",,,"Monday","Open 24 hours","Tuesday","Open 24 hours","Wednesday","Open 24 hours","Thursday","Open 24 hours","Friday","Open 24 hours","Saturday","Open 24 hours","Sunday","Open 24 hours",,"false","(305) 542-9491","+13055429491","ChIJa22xrDal2YgRXY32aeX_6fU",,,,"33014",,"17",,"457","453","1","3","0","0","2026-10-05T10:21:28.628Z","https://www.google.com/maps/search/drug%20crime%20lawyer/@25.92904476237801,-80.04899409033187,12z?hl=en","drug crime lawyer",,"Florida","6625 Miami Lakes Dr",,"false","The Law Offices of Eric M. Matheny, P.A.","5","https://www.google.com/maps/search/?api=1&query=The%20Law%20Offices%20of%20Eric%20M.%20Matheny%2C%20P.A.&query_place_id=ChIJa22xrDal2YgRXY32aeX_6fU","true","https://criminal.ericmathenylaw.com/?utm_source=GBPlisting&utm_medium=organic&utm_campaign=miami-lakes"
,,,,,,,,,,,,,,,,,,,,,,,,,,,,"100 Biscayne Blvd #1300, Miami, FL 33132","18416812671385782996","Criminal justice attorney","Law firm","Attorney","Legal services",,,,,,,"Criminal justice attorney",,,"17129263761633536205","Miami","US",,,"https://lh3.googleusercontent.com/grass-cs/ACvplmNv2KBw3FjnZhsuwp40s9Hj-2UBGSRWdhNEVFG1OujeFzytBxiM9BqE3dcg8i_OGu1p0Z3g0VRRWINemb97KPXI5DldgC38P2VpDYFay0dL1S28cVGwl89znhoYQrYd7jOxiJA=w426-h240-k-no","/g/1tctgdps","en",,"25.7756219","-80.1882208",,"Downtown Miami","Monday","Open 24 hours","Tuesday","Open 24 hours","Wednesday","Open 24 hours","Thursday","Open 24 hours","Friday","Open 24 hours","Saturday","Open 24 hours","Sunday","Open 24 hours",,"false","(305) 570-4161","+13055704161","ChIJ2fyr9YS22YgRzWgj8KJet-0",,,,"33132",,"19",,"285","281","1","2","1","0","2026-10-05T10:21:28.628Z","https://www.google.com/maps/search/drug%20crime%20lawyer/@25.92904476237801,-80.04899409033187,12z?hl=en","drug crime lawyer",,"Florida","100 Biscayne Blvd #1300",,"false","Law Office of Michael Mirer, P.A.","5","https://www.google.com/maps/search/?api=1&query=Law%20Office%20of%20Michael%20Mirer%2C%20P.A.&query_place_id=ChIJ2fyr9YS22YgRzWgj8KJet-0","true","https://www.mirerlaw.com/?utm_source=GMB&utm_medium=organic&utm_campaign=miami"
,,,,,,,,,,,,,,,,,,,,,,,,,,,,"1666 John F Kennedy Cswy Ste 206, North Bay Village, FL 33141","7131458945143111963","Criminal justice attorney","Personal injury attorney",,,,,,,,,"Criminal justice attorney",,,"9341685805604643343","North Bay Village","US",,,"https://lh3.googleusercontent.com/gps-cs-s/AHRPTWlA3mAMzBu9GFYYwIBH16nOfszLjTIRoJhFpdUDbbnlNKEyEcTL1MbgkywfhFP5Ny53CVGD3ZIn5Wht_DmwmTEFgolY-XEOVJzPWgeaAjuFDwvYHWzVsTfd56T4Uw3RbqWr7LWn=w408-h997-k-no","/g/11sdyqj8mr","en",,"25.8483724","-80.151035",,,"Monday","Open 24 hours","Tuesday","Open 24 hours","Wednesday","Open 24 hours","Thursday","Open 24 hours","Friday","Open 24 hours","Saturday","Open 24 hours","Sunday","Open 24 hours",,"false","(305) 525-8957","+13055258957","ChIJjUcpy4az2YgRD6Jf7r5VpIE",,,,"33141",,"125",,"21","20","0","1","0","0","2026-10-05T10:21:29.961Z","https://www.google.com/maps/search/criminal%20defense%20attorney/@25.92904476237801,-80.04899409033187,12z?hl=en","criminal defense attorney",,"Florida","1666 John F Kennedy Cswy Ste 206",,"false","Juan Cordero Lawyers","4.8","https://www.google.com/maps/search/?api=1&query=Juan%20Cordero%20Lawyers&query_place_id=ChIJjUcpy4az2YgRD6Jf7r5VpIE","true","https://juancorderolawyers.com/"
,,,,,,,,,,,,,,,,,,,,,,,,,,,,"18851 NE 29th Ave Suite 700, Aventura, FL 33180","7324289108168326253","Law firm","Insurance attorney","Legal services",,,,,,,,"Law firm",,,"17979793086942664033","Aventura","US",,,"https://streetviewpixels-pa.googleapis.com/v1/thumbnail?panoid=XTd4LBAzlnGQGRfY5q9rfg&cb_client=search.gws-prod.gps&w=408&h=240&yaw=97.28702&pitch=0&thumbfov=100","/g/11ft0310gf","en",,"25.9501278","-80.1417244",,,"Monday","Open 24 hours","Tuesday","Open 24 hours","Wednesday","Open 24 hours","Thursday","Open 24 hours","Friday","Open 24 hours","Saturday","Open 24 hours","Sunday","Open 24 hours",,"false","(954) 372-6545","+19543726545","ChIJNw2L6iet2YgRYdU9Mo0Ohfk",,,,"33180",,"126",,"5","5","0","0","0","0","2026-10-05T10:21:29.962Z","https://www.google.com/maps/search/criminal%20defense%20attorney/@25.92904476237801,-80.04899409033187,12z?hl=en","criminal defense attorney",,"Florida","18851 NE 29th Ave Suite 700",,"false","AFK Law Group, PLLC","5","https://www.google.com/maps/search/?api=1&query=AFK%20Law%20Group%2C%20PLLC&query_place_id=ChIJNw2L6iet2YgRYdU9Mo0Ohfk","true","http://afklawgroup.com/"
,,,,,,,,,,,,,,,,,,,,,,,,,,,,"11098 Biscayne Blvd Ste 100-A, North Miami, FL 33161","530089444303908890","Attorney","Business to business service","Law firm","Business management consultant","Legal services","Mediation service",,,,,"Attorney",,,"16135156625314788100","North Miami","US",,,"https://lh3.googleusercontent.com/gps-cs-s/AHRPTWkYCeqkj7RwoMTue_vmSV91G7VUGsisAuED94xZ3jfMxli2gHqrSNQ40rfKr_M1XL5obH6UCSVB2AdRrQwrx1_3nKHkBKZsbVw1PRa8bpWdKpqEbSuDF19HfTlnmENzFapgI-LDaw=w408-h408-k-no","/g/11jrtfj747","en",,"25.8782063","-80.168458",,,"Monday","8:30 AM to 5 PM","Tuesday","8:30 AM to 5 PM","Wednesday","8:30 AM to 5 PM","Thursday","8:30 AM to 5 PM","Friday","8:30 AM to 5 PM","Saturday","Closed","Sunday","Closed",,"false","(305) 498-6114","+13054986114","ChIJ6VEh9Rq32YgRBLMth3aX698",,,,"33161",,"127",,"11","11","0","0","0","0","2026-10-05T10:21:29.962Z","https://www.google.com/maps/search/criminal%20defense%20attorney/@25.92904476237801,-80.04899409033187,12z?hl=en","criminal defense attorney",,"Florida","11098 Biscayne Blvd Ste 100-A",,"false","Prego Law Group PLLC","5","https://www.google.com/maps/search/?api=1&query=Prego%20Law%20Group%20PLLC&query_place_id=ChIJ6VEh9Rq32YgRBLMth3aX698","false","https://www.pregolawgroup.com/?utm_source=google-local&utm_medium=organic&utm_campaign=3157"
,,,,,,,,,,,,,,"Monday","Open 24 hours","Tuesday","Open 24 hours","Wednesday","Open 24 hours","Thursday","Open 24 hours","Friday","Open 24 hours","Saturday","Open 24 hours","Sunday","Open 24 hours","16211 NE 12th Ave, North Miami Beach, FL 33162","7727460289692537107","Personal injury attorney","Law firm","Attorney","Legal services","Trial attorney",,,,,,"Personal injury attorney",,,"10062244287400217029","North Miami Beach","US",,,"https://lh3.googleusercontent.com/gps-cs-s/AHRPTWkXXEmmoB9z4ntAutXj0PxgJ4faCzrNSCylCN83tzGQixbQd0u9QQHxbj14Y9OEMgrSrkPhyfP6tE92f9h5wMKwqPpfNlLQJdro9BXc6YyyfaRbwS2zX2HNcxz0SAknXAk3BmfqSzCElGIi=w408-h408-k-no","/g/1td9fk9b","en",,"25.9247243","-80.1758423",,,"Monday","Open 24 hours","Tuesday","Open 24 hours","Wednesday","Open 24 hours","Thursday","Open 24 hours","Friday","Open 24 hours","Saturday","Closed","Sunday","Closed",,"false","(305) 770-6666","+13057706666","ChIJt-HiTsOt2YgRxYmxCd5FpIs",,,,"33162",,"129",,"146","145","0","1","0","0","2026-10-05T10:21:29.962Z","https://www.google.com/maps/search/criminal%20defense%20attorney/@25.92904476237801,-80.04899409033187,12z?hl=en","criminal defense attorney",,"Florida","16211 NE 12th Ave",,"false","Gonzalez Munoz Law","5","https://www.google.com/maps/search/?api=1&query=Gonzalez%20Munoz%20Law&query_place_id=ChIJt-HiTsOt2YgRxYmxCd5FpIs","true","http://www.gonzalezmunozinjurylaw.com/"
,,,,,,,,,,,,,,,,,,,,,,,,,,,,"11098 Biscayne Blvd #100a, Miami, FL 33161","9222711637555056076","Attorney",,,,,,,,,,"Attorney",,,"432549579765897213","Miami","US",,,"https://streetviewpixels-pa.googleapis.com/v1/thumbnail?panoid=9OzISJ_rOuLTO2G24MLWcg&cb_client=search.gws-prod.gps&w=408&h=240&yaw=95.101364&pitch=0&thumbfov=100","/g/11h193gfmq","en",,"25.8782063","-80.168458",,,"Monday","9 AM to 5 PM","Tuesday","9 AM to 5 PM","Wednesday","9 AM to 5 PM","Thursday","9 AM to 5 PM","Friday","9 AM to 5 PM","Saturday","Closed","Sunday","Closed",,"false","(305) 607-2717","+13056072717","ChIJ71A3b0ez2YgR_dewEY25AAY",,,,"33161",,"131",,,,,,,,"2026-10-05T10:21:29.962Z","https://www.google.com/maps/search/criminal%20defense%20attorney/@25.92904476237801,-80.04899409033187,12z?hl=en","criminal defense attorney",,"Florida","11098 Biscayne Blvd #100a",,"false","Law Offices of Robert McCaffery, P.A.",,"https://www.google.com/maps/search/?api=1&query=Law%20Offices%20of%20Robert%20McCaffery%2C%20P.A.&query_place_id=ChIJ71A3b0ez2YgR_dewEY25AAY","false","http://www.robertmccafferylaw.com/"
,,,,,,,,,,,,,,,,,,,,,,,,,,,,"13499 Biscayne Blvd Ste 107, North Miami, FL 33181","2869555870122154386","Law firm",,,,,,,,,,"Law firm",,,"8919368144922084265","North Miami","US",,,"https://lh3.googleusercontent.com/gps-cs-s/AHRPTWldG7-prhKuUqZkae9zttDFhf9x6jiCZkbbh08KDTZi465-dLzYDLDyxHFRQh3QfBmwPii5aSSYkE5Puj0liswTvptff5piRv6K_K3fgc12hVWmfoB0-HX2fEutDeIJYTecqh3T=w408-h510-k-no","/g/11d_78nvj3","en",,"25.8996004","-80.1596914",,,"Monday","10 AM to 5 PM","Tuesday","10 AM to 5 PM","Wednesday","10 AM to 5 PM","Thursday","10 AM to 5 PM","Friday","10 AM to 5 PM","Saturday","10 AM to 5 PM","Sunday","Closed",,"false","(786) 440-9383","+17864409383","ChIJq6p6xJWt2YgRqQMEKxL2x3s",,,,"33181",,"133",,"66","63","0","3","0","0","2026-10-05T10:21:29.962Z","https://www.google.com/maps/search/criminal%20defense%20attorney/@25.92904476237801,-80.04899409033187,12z?hl=en","criminal defense attorney",,"Florida","13499 Biscayne Blvd Ste 107",,"false","The Morales Law Firm","4.8","https://www.google.com/maps/search/?api=1&query=The%20Morales%20Law%20Firm&query_place_id=ChIJq6p6xJWt2YgRqQMEKxL2x3s","false","http://www.dcmoraleslaw.com/"
,,,,,,,,,,,,,,,,,,,,,,,,,,,,"2040 NE 163rd St, North Miami Beach, FL 33162","16043116796399673862","Personal injury attorney","Bankruptcy attorney","Divorce lawyer","Family law attorney","Foreclosure service","Immigration attorney","Real estate attorney",,,,"Personal injury attorney",,,"16214394522674104790","North Miami Beach","US",,,"https://streetviewpixels-pa.googleapis.com/v1/thumbnail?panoid=G9MF-IKE8i7KROMfIkNMvQ&cb_client=search.gws-prod.gps&w=408&h=240&yaw=350.915&pitch=0&thumbfov=100","/g/1tk8pd3p","en",,"25.9257287","-80.159079",,,"Monday","9 AM to 5 PM","Tuesday","9 AM to 5 PM","Wednesday","9 AM to 5 PM","Thursday","9 AM to 5 PM","Friday","9 AM to 5 PM","Saturday","Closed","Sunday","Closed",,"false","(305) 944-7220","+13059447220","ChIJ6boP57ut2YgR1okHLOkZBeE",,,,"33162",,"135",,"14","13","0","1","0","0","2026-10-05T10:21:29.962Z","https://www.google.com/maps/search/criminal%20defense%20attorney/@25.92904476237801,-80.04899409033187,12z?hl=en","criminal defense attorney",,"Florida","2040 NE 163rd St",,"false","Fleurantin, Francois & Antonin, P.A.","4.7","https://www.google.com/maps/search/?api=1&query=Fleurantin%2C%20Francois%20%26%20Antonin%2C%20P.A.&query_place_id=ChIJ6boP57ut2YgR1okHLOkZBeE","false","http://www.fleurantinlaw.com/"
,,,,,,,,,,,,,,,,,,,,,,,,,,,,"13499 Biscayne Blvd Ste 107, North Miami, FL 33181","14167773675646732979","Law firm",,,,,,,,,,"Law firm",,,"6820352181250070963","North Miami","US",,,"https://lh3.googleusercontent.com/gps-cs-s/AHRPTWkb_QvbIAKShd0sgVIwVjw6AFKJlXeCN0zNLbTnVNToImkMZen0TojpY9od_LdOhUFf15S4QC7bhK4BRw7x4Gf2uHd4ea8LNaxiWdbN5Hc8a7ZsWr7bbTbWa23TnJaiPCMSKOs=w772-h240-k-no","/g/11qrkxtd80","en",,"25.8996004","-80.1596914",,,"Monday","Open 24 hours","Tuesday","Open 24 hours","Wednesday","Open 24 hours","Thursday","Open 24 hours","Friday","Open 24 hours","Saturday","Open 24 hours","Sunday","Open 24 hours",,"false","(305) 345-4117","+13053454117","ChIJby66gQCt2YgRs5l4TizCpl4",,,,"33181",,"136",,"5","5","0","0","0","0","2026-10-05T10:21:29.962Z","https://www.google.com/maps/search/criminal%20defense%20attorney/@25.92904476237801,-80.04899409033187,12z?hl=en","criminal defense attorney",,"Florida","13499 Biscayne Blvd Ste 107",,"false","Nwahiri Law","5","https://www.google.com/maps/search/?api=1&query=Nwahiri%20Law&query_place_id=ChIJby66gQCt2YgRs5l4TizCpl4","true","http://nwahirilaw.com/"
,,,,,,,,,,,,,,,,,,,,,,,,,,,,"260 95th St Ste 206, Miami Beach, FL 33154","17634766800548996113","Law firm",,,,,,,,,,"Law firm",,,"16789493977000089207","Miami Beach","US",,,"https://lh3.googleusercontent.com/gps-cs-s/AHRPTWkMWgN1YdhGD7Y3gM9QB4gGDAlimI9kbKlkK8G0sft9oLt0dgAEfM_x6OrKlc3Q3QkQjlL_rsHQrD5nl_U47WflgJit4KujRiWqIDzSWuH2ysJyQfFhZzizE8ATvfSwuHU4NjQ6=w408-h544-k-no","/g/11fjy8903x","en",,"25.8851837","-80.1232554",,,"Monday","9 AM to 5 PM","Tuesday","9 AM to 5 PM","Wednesday","9 AM to 5 PM","Thursday","9 AM to 5 PM","Friday","9 AM to 5 PM","Saturday","Closed","Sunday","Closed",,"false","(305) 763-8539","+13057638539","ChIJp2Y42Bqz2YgRd5amSdFDAOk",,,,"33154",,"137",,"21","21","0","0","0","0","2026-10-05T10:21:29.962Z","https://www.google.com/maps/search/criminal%20defense%20attorney/@25.92904476237801,-80.04899409033187,12z?hl=en","criminal defense attorney",,"Florida","260 95th St Ste 206",,"false","Malkin Law P.A.","5","https://www.google.com/maps/search/?api=1&query=Malkin%20Law%20P.A.&query_place_id=ChIJp2Y42Bqz2YgRd5amSdFDAOk","false","https://www.malkinlawfirm.com/?npcmp=dir:local:5074518:33154"
,,,,,,,,,,,,,,,,,,,,,,,,,,,,"20801 Biscayne Blvd #504, Miami, FL 33180",,"Attorney",,,,,,,,,,"Attorney",,,"6229174842184208109","Miami","US",,,"https://streetviewpixels-pa.googleapis.com/v1/thumbnail?panoid=HBqwNltCR6T7H8-FvkKpBg&cb_client=search.gws-prod.gps&w=408&h=240&yaw=194.53598&pitch=0&thumbfov=100","/g/1vwlpy40","en",,"25.9680656","-80.1439644",,,"Monday","9 AM to 5 PM","Tuesday","9 AM to 5 PM","Wednesday","9 AM to 5 PM","Thursday","9 AM to 5 PM","Friday","9 AM to 5 PM","Saturday","Closed","Sunday","Closed",,"false","(305) 935-2500","+13059352500","ChIJ4zjHxGGs2YgR7Y4w8IN5clY",,,,"33180",,"138",,"8","8","0","0","0","0","2026-10-05T10:21:29.962Z","https://www.google.com/maps/search/criminal%20defense%20attorney/@25.92904476237801,-80.04899409033187,12z?hl=en","criminal defense attorney",,"Florida","20801 Biscayne Blvd #504",,"false","Silverstein, Silverstein, & Silverstein, P.A.","5","https://www.google.com/maps/search/?api=1&query=Silverstein%2C%20Silverstein%2C%20%26%20Silverstein%2C%20P.A.&query_place_id=ChIJ4zjHxGGs2YgR7Y4w8IN5clY","false",
,,,,,,,,,,,,,,,,,,,,,,,,,,,,"13499 Biscayne Blvd t2, North Miami, FL 33181","12399624530415002930","Civil law attorney","Debt collection agency","Foreclosure service","Law firm","Real estate attorney",,,,,,"Civil law attorney",,,"9337724474960676798","North Miami","US",,,"https://lh3.googleusercontent.com/gps-cs-s/AHRPTWmK4x0IHmFXGryWH3DpT7QDAl-HDUH3CoPZDUlkEB2rGQE_JkX0iHK0uPtzLXfbq9Np2MYcHU2S1ig2utDO_pssAjQ5Y6Ch0U5TeAsfxj0bE6Fp3iChkvWYZ-gbYOCD71YXwGj8=w408-h272-k-no","/g/1vg4klyt","en",,"25.8996","-80.159691",,,"Monday","9 AM to 6 PM","Tuesday","9 AM to 6 PM","Wednesday","9 AM to 6 PM","Thursday","9 AM to 6 PM","Friday","9 AM to 6 PM","Saturday","Closed","Sunday","Closed",,"false","(954) 328-1373","+19543281373","ChIJk7MB3Iut2YgRvoeAxO9CloE",,,,"33181",,"139",,"13","11","0","2","0","0","2026-10-05T10:21:29.962Z","https://www.google.com/maps/search/criminal%20defense%20attorney/@25.92904476237801,-80.04899409033187,12z?hl=en","criminal defense attorney",,"Florida","13499 Biscayne Blvd t2",,"false","Sheleen G Khan Law Office","4.4","https://www.google.com/maps/search/?api=1&query=Sheleen%20G%20Khan%20Law%20Office&query_place_id=ChIJk7MB3Iut2YgRvoeAxO9CloE","false","http://sheleenkhanlawfirm.com/"
,,,,,,,,,,,,,,,,,,,,,,,,,,,,"13899 Biscayne Blvd #417, North Miami Beach, FL 33181",,"Attorney",,,,,,,,,,"Attorney",,,"11052510201789978522","North Miami Beach","US",,,"https://lh3.googleusercontent.com/gps-cs-s/AHRPTWkI_wQVCdC0m1B5xOw23OFvoq2zt4MwjqGlvs5Y47z5h4YcOSO7y-_BM3PrN0BYtWfJJ51PRGdwSMEk7dUYxQ-orJZGM4xW8SLFq565TJEFND-tUeX3nBjVndPdNRc8ifNytxk=w408-h272-k-no","/g/1z44brbqs","en",,"25.9038853","-80.158321",,,"Monday","9 AM to 5 PM","Tuesday","9 AM to 5 PM","Wednesday","9 AM to 5 PM","Thursday","9 AM to 5 PM","Friday","9 AM to 5 PM","Saturday","Closed","Sunday","Closed",,"false","(305) 848-9700","+13058489700","ChIJtVyaio6t2YgRmpcSRnhnYpk",,,,"33181",,"140",,"5","3","0","1","1","0","2026-10-05T10:21:29.962Z","https://www.google.com/maps/search/criminal%20defense%20attorney/@25.92904476237801,-80.04899409033187,12z?hl=en","criminal defense attorney",,"Florida","13899 Biscayne Blvd #417",,"false","Daniel Lenghea, P.A.","3.8","https://www.google.com/maps/search/?api=1&query=Daniel%20Lenghea%2C%20P.A.&query_place_id=ChIJtVyaio6t2YgRmpcSRnhnYpk","false","http://www.lenghea.com/"
,,,,,,,,,,,,,,,,,,,,,,,,,,,,"820 W 41st St Ste 204, Miami Beach, FL 33140","9144821577630497724","Real estate attorney","Elder law attorney","Estate planning attorney","Attorney","Legal services","Tax attorney",,,,,"Real estate attorney",,,"7430974073021477594","Miami Beach","US",,,"https://lh3.googleusercontent.com/gps-cs-s/AHRPTWmnq6uojNne9LVB6Loi61ForEr7qqJLa-E2FNYzjdcUkb8H_WdxhpwgNWZ17fzASLejbqHn6jb9rPCGfLKKCW7zy9WIqFYX7PHVJg9AC6VvtsCR419OX3HJnGN6n6Njj93YOdFKPbOIzuY=w408-h408-k-no","/g/11c5xmp5k7","en",,"25.813452","-80.133879",,"Nautilus","Monday","9 AM to 6 PM","Tuesday","9 AM to 6 PM","Wednesday","9 AM to 6 PM","Thursday","9 AM to 6 PM","Friday","9 AM to 2 PM","Saturday","Closed","Sunday","9 AM to 6 PM",,"false","(305) 310-5991","+13053105991","ChIJC4I8EH6x2YgR2jKVZYwfIGc",,,,"33140",,"143",,"57","57","0","0","0","0","2026-10-05T10:21:31.388Z","https://www.google.com/maps/search/criminal%20defense%20attorney/@25.92904476237801,-80.04899409033187,12z?hl=en","criminal defense attorney",,"Florida","820 W 41st St Ste 204",,"false","Law Mandel","5","https://www.google.com/maps/search/?api=1&query=Law%20Mandel&query_place_id=ChIJC4I8EH6x2YgR2jKVZYwfIGc","false","https://lawmandel.com/"
,,,,,,,,,,,,,,,,,,,,,,,,,,,,"9608 NE 2nd Ave, Miami Shores, FL 33138",,"Law firm",,,,,,,,,,"Law firm",,,"12969819657293678677","Miami Shores","US",,,"https://streetviewpixels-pa.googleapis.com/v1/thumbnail?panoid=vv9tiCPwRt-AJtizdBQfGg&cb_client=search.gws-prod.gps&w=408&h=240&yaw=91.91064&pitch=0&thumbfov=100","/g/1pxwmg580","en",,"25.863757","-80.1936265",,,"Monday","9 AM to 5 PM","Tuesday","9 AM to 5 PM","Wednesday","9 AM to 5 PM","Thursday","9 AM to 5 PM","Friday","9 AM to 5 PM","Saturday","Closed","Sunday","Closed",,"false","(305) 901-5559","+13059015559","ChIJ8fwvtYix2YgRVUje4UIO_rM",,,,"33138",,"144",,"5","3","0","2","0","0","2026-10-05T10:21:31.388Z","https://www.google.com/maps/search/criminal%20defense%20attorney/@25.92904476237801,-80.04899409033187,12z?hl=en","criminal defense attorney",,"Florida","9608 NE 2nd Ave",,"false","Law Office of Michael A. Puchades, P.A.","3.4","https://www.google.com/maps/search/?api=1&query=Law%20Office%20of%20Michael%20A.%20Puchades%2C%20P.A.&query_place_id=ChIJ8fwvtYix2YgRVUje4UIO_rM","false","http://mapuchadeslaw.com/"
,,,,,,,,,,,,,,,,,,,,,,,,,,,,"16375 NE 18th Ave #205, North Miami Beach, FL 33162",,"Social security attorney",,,,,,,,,,"Social security attorney",,,"8790634126924739758","North Miami Beach","US",,,"https://streetviewpixels-pa.googleapis.com/v1/thumbnail?panoid=dvgkkXVKqw9GIrwsFqFsFw&cb_client=search.gws-prod.gps&w=408&h=240&yaw=78.38493&pitch=0&thumbfov=100","/g/11gn1x3nzs","en",,"25.926762","-80.163739",,,"Monday","9 AM to 5 PM","Tuesday","9 AM to 5 PM","Wednesday","9 to 10 AM","Thursday","9 AM to 5 PM","Friday","9 AM to 5 PM","Saturday","Closed","Sunday","Closed",,"false","(305) 947-2112","+13059472112","ChIJVVVVVbit2YgRrnTG5Smb_nk",,,,"33162",,"146",,"4","4","0","0","0","0","2026-10-05T10:21:31.388Z","https://www.google.com/maps/search/criminal%20defense%20attorney/@25.92904476237801,-80.04899409033187,12z?hl=en","criminal defense attorney",,"Florida","16375 NE 18th Ave #205",,"false","Victor Mantel Attorney At Law","5","https://www.google.com/maps/search/?api=1&query=Victor%20Mantel%20Attorney%20At%20Law&query_place_id=ChIJVVVVVbit2YgRrnTG5Smb_nk","false",
,,,,,,,,,,,,,,,,,,,,,,,,,,,,"1557 NE 164th St Unit G, North Miami Beach, FL 33162","13679774450985984045","Attorney","Administrative attorney","Civil law attorney","Divorce lawyer","Family law attorney","Immigration attorney","Insurance attorney","Law firm","Lawyers association",,"Attorney",,,"13682157145975418863","North Miami Beach","US",,,"https://lh3.googleusercontent.com/gps-cs-s/AHRPTWlICNAhXC-T9NFuGt9ruMonphx_ic4oTdq37FR0kl5GCqmP3UFtdocz0S_lA4fXAcRNYqaTADFNtEFevTIlIjO_WsfQOOj-eTG7zVJLUpLHWUAyP_ZOjTO3eFQhbxFwwbhGPqLu=w408-h408-k-no","/g/11b76j768d","en",,"25.9269378","-80.1685641",,,"Monday","8:30 AM to 5 PM","Tuesday","8:30 AM to 5 PM","Wednesday","8:30 AM to 5 PM","Thursday","8:30 AM to 5 PM","Friday","8:30 AM to 5 PM","Saturday","Closed","Sunday","Closed",,"false","(954) 442-7600","+19544427600","ChIJyZwySEOp2YgR7-_v3m7J4L0",,,,"33162",,"149",,"7","3","0","4","0","0","2026-10-05T10:21:31.388Z","https://www.google.com/maps/search/criminal%20defense%20attorney/@25.92904476237801,-80.04899409033187,12z?hl=en","criminal defense attorney",,"Florida","1557 NE 164th St Unit G",,"false","Law Offices of Felder & Associates","2.7","https://www.google.com/maps/search/?api=1&query=Law%20Offices%20of%20Felder%20%26%20Associates&query_place_id=ChIJyZwySEOp2YgR7-_v3m7J4L0","false","https://felderandassociates.com/"
,,,,,,,,,,,,,,,,,,,,,,,,,,,,"2999 NE 191st St, Aventura, FL 33180",,"Law firm",,,,,,,,,,"Law firm",,,"17561258575732782495","Aventura","US",,,"https://streetviewpixels-pa.googleapis.com/v1/thumbnail?panoid=vhaR2CpM0KDsAJJ5C8o6Ig&cb_client=search.gws-prod.gps&w=408&h=240&yaw=347.50388&pitch=0&thumbfov=100","/g/11ckqj8pjn","en",,"25.952655","-80.141834",,,,,,,,,,,,,,,,,,"false","(786) 664-6713","+17866646713","ChIJx1B5QFSs2YgRn7VVj6EftvM",,,,"33180",,"150",,"1","1","0","0","0","0","2026-10-05T10:21:31.388Z","https://www.google.com/maps/search/criminal%20defense%20attorney/@25.92904476237801,-80.04899409033187,12z?hl=en","criminal defense attorney",,"Florida","2999 NE 191st St",,"false","Lichter Law Firm","5","https://www.google.com/maps/search/?api=1&query=Lichter%20Law%20Firm&query_place_id=ChIJx1B5QFSs2YgRn7VVj6EftvM",,"http://lichterlawfirm.com/"
,,,,,,,,,,,,,,,,,,,,,,,,,,,,"11900 Biscayne Blvd Ste 510, Miami, FL 33181","15150383729304774992","Family law attorney",,,,,,,,,,"Family law attorney",,,"3855113452907761006","Miami","US",,,"https://lh3.googleusercontent.com/gps-cs-s/AHRPTWmy30wU8gtFrWP25RdkE_dJh08PBryqwIJjFbVlukvOb-eDgtannwJZAlCymMAts3omaU6vuivpXi-heaGn0NbArhufW822ge0OhQTDJ3ibMfY54L7rgNAMn04WF5e726cHVhElww=w408-h408-k-no","/g/1tgny0bq","en",,"25.8862084","-80.1651418",,,"Monday","8:30 AM to 6 PM","Tuesday","8:30 AM to 6 PM","Wednesday","8:30 AM to 6 PM","Thursday","8:30 AM to 6 PM","Friday","8:30 AM to 6 PM","Saturday","Closed","Sunday","Closed",,"false","(305) 899-1212","+13058991212","ChIJnbDf2Je32YgRbo1lmUIdgDU",,,,"33181",,"151",,"7","7","0","0","0","0","2026-10-05T10:21:31.388Z","https://www.google.com/maps/search/criminal%20defense%20attorney/@25.92904476237801,-80.04899409033187,12z?hl=en","criminal defense attorney",,"Florida","11900 Biscayne Blvd Ste 510",,"false","Vanessa Lezcano, Esq.- Family Law Attorney","5","https://www.google.com/maps/search/?api=1&query=Vanessa%20Lezcano%2C%20Esq.-%20Family%20Law%20Attorney&query_place_id=ChIJnbDf2Je32YgRbo1lmUIdgDU","false","http://www.rierjordanlaw.com/"
,,,,,,,,,,,,,,,,,,,,,,,,,,,,"11900 Biscayne Blvd, Miami, FL 33181",,"Attorney",,,,,,,,,,"Attorney",,,"15476004188081241532","Miami","US",,,"https://streetviewpixels-pa.googleapis.com/v1/thumbnail?panoid=QHpmhDEAIXEXkDp44R39uA&cb_client=search.gws-prod.gps&w=408&h=240&yaw=184.74745&pitch=0&thumbfov=100","/g/1tdpmws1","en",,"25.8860992","-80.1651242",,,,,,,,,,,,,,,,,,"false","(305) 893-8003","+13058938003","ChIJB02uzXKy2YgRvD0KTdDPxdY",,,,"33181",,"152",,"6","4","0","2","0","0","2026-10-05T10:21:31.388Z","https://www.google.com/maps/search/criminal%20defense%20attorney/@25.92904476237801,-80.04899409033187,12z?hl=en","criminal defense attorney",,"Florida","11900 Biscayne Blvd",,"false","Freedman David H","3.7","https://www.google.com/maps/search/?api=1&query=Freedman%20David%20H&query_place_id=ChIJB02uzXKy2YgRvD0KTdDPxdY",,
,,,,,,,,,,,,,,,,,,,,,,,,,,,,"153 NE 97th St, Miami Shores, FL 33138",,"Attorney",,,,,,,,,,"Attorney",,,"8110076213733225539","Miami Shores","US",,,"https://streetviewpixels-pa.googleapis.com/v1/thumbnail?panoid=VfwAFbg_A3bi9i-jhY20RQ&cb_client=search.gws-prod.gps&w=408&h=240&yaw=349.3214&pitch=0&thumbfov=100","/g/1tcylvg9","en",,"25.8644984","-80.1939628",,,"Monday","9 AM to 5 PM","Tuesday","9 AM to 5 PM","Wednesday","9 AM to 5 PM","Thursday","9 AM to 5 PM","Friday","9 AM to 5 PM","Saturday","Closed","Sunday","Closed",,"false","(305) 459-0756","+13054590756","ChIJ6_uKhxSy2YgRQ_Tp7FjHjHA",,,,"33138",,"153",,"31","20","0","10","1","0","2026-10-05T10:21:31.388Z","https://www.google.com/maps/search/criminal%20defense%20attorney/@25.92904476237801,-80.04899409033187,12z?hl=en","criminal defense attorney",,"Florida","153 NE 97th St",,"false","Law Office of Raven Liberty","3.6","https://www.google.com/maps/search/?api=1&query=Law%20Office%20of%20Raven%20Liberty&query_place_id=ChIJ6_uKhxSy2YgRQ_Tp7FjHjHA","false",
,,,,,,,,,,,,,,,,,,,,,,,,,,,,"391 E 8th St Ste 201, Hialeah, FL 33010","16541453926269779712","Attorney",,,,,,,,,,"Attorney",,,"3518391237048356083","Hialeah","US",,,"https://lh3.googleusercontent.com/gps-cs-s/AHRPTWnthQRIZFhZ8KNaneejJLhR-V8VH2wkr3qV-98OIjl2E_pybP8PC-TtcFERma2rTtESHANfpZASYH8_2ZC0mHQZaCInlw9ktYU-Td8tmeT9I4tCQMAWx9HtMdYEJN-EHYsWSqEo=w408-h408-k-no","/g/1v2gfkkj","en",,"25.8294062","-80.2738493",,,"Monday","Open 24 hours","Tuesday","Open 24 hours","Wednesday","Open 24 hours","Thursday","Open 24 hours","Friday","Open 24 hours","Saturday","Open 24 hours","Sunday","Open 24 hours",,"false","(305) 448-3226","+13054483226","ChIJNxHsPMO22YgR80wdWTDW0zA",,,,"33010",,"155",,"4","4","0","0","0","0","2026-10-05T10:21:31.388Z","https://www.google.com/maps/search/criminal%20defense%20attorney/@25.92904476237801,-80.04899409033187,12z?hl=en","criminal defense attorney",,"Florida","391 E 8th St Ste 201",,"false","Law Office of Scott Pettus, PA","5","https://www.google.com/maps/search/?api=1&query=Law%20Office%20of%20Scott%20Pettus%2C%20PA&query_place_id=ChIJNxHsPMO22YgR80wdWTDW0zA","true",
,,,,,,,,,,,,,,,,,,,,,,,,,,,,"8025 Biscayne Blvd, Miami, FL 33138","2564502410319644140","Attorney","Family law attorney","Immigration attorney","Personal injury attorney",,,,,,,"Attorney",,,"4786586225712837649","Miami","US",,,"https://lh3.googleusercontent.com/gps-cs-s/AHRPTWmZe8UorOCXU-IZ2PAwe2P8U1AcLo7BCKpiv3GrubhtXXc9mu4KsBl-5-NgRrh0W5CAx5hC1jikpllBCFObcM4nZ765-2cWxxPCWJkxKXQhwQWTrKCilKcslWsgtXFXqdiR472_=w480-h240-k-no","/g/1tfk9tv8","en",,"25.8491214","-80.1844034",,"Upper East Side","Monday","9:30 AM to 5:30 PM","Tuesday","9:30 AM to 5:30 PM","Wednesday","9:30 AM to 5:30 PM","Thursday","9:30 AM to 5:30 PM","Friday","9:30 AM to 5:30 PM","Saturday","Closed","Sunday","Closed",,"false","(305) 759-6100","+13057596100","ChIJWVtE2dSz2YgRETRk1s9ebUI",,,,"33138",,"157",,"5","3","0","2","0","0","2026-10-05T10:21:31.388Z","https://www.google.com/maps/search/criminal%20defense%20attorney/@25.92904476237801,-80.04899409033187,12z?hl=en","criminal defense attorney",,"Florida","8025 Biscayne Blvd",,"false","Frankel Law","3.4","https://www.google.com/maps/search/?api=1&query=Frankel%20Law&query_place_id=ChIJWVtE2dSz2YgRETRk1s9ebUI","false","http://www.edfrankellaw.com/"
,,,,,,,,,,,,,,,,,,,,,,,,,,,,"975 W 41st St Ste 401, Miami Beach, FL 33140","4694738316816730088","Divorce lawyer","Family law attorney","Attorney",,,,,,,,"Divorce lawyer",,,"2562749654203592967","Miami Beach","US",,,"https://lh3.googleusercontent.com/gps-cs-s/AHRPTWlaP8Lzolq3qenonIQkhs8d3zyjEEEDJISe4GRiD7UI1Etrde8BRIJoEyqujw3OdEUNaUxj9mugXxj2xwzOMlanYD4TugjEnwrk0iovtWDeK7jGWJftrKtOPP38IUFaNX5I0ovHPw=w408-h307-k-no","/g/1tj22bpf","en",,"25.8134331","-80.1354025",,"Nautilus","Monday","9 AM to 5 PM","Tuesday","9 AM to 5 PM","Wednesday","9 AM to 5 PM","Thursday","9 AM to 5 PM","Friday","9 AM to 5 PM","Saturday","Closed","Sunday","Closed",,"false","(305) 409-3636","+13054093636","ChIJy90sCI602YgRB3EPgzu3kCM",,,,"33140",,"158",,"48","38","0","9","0","1","2026-10-05T10:21:31.389Z","https://www.google.com/maps/search/criminal%20defense%20attorney/@25.92904476237801,-80.04899409033187,12z?hl=en","criminal defense attorney",,"Florida","975 W 41st St Ste 401",,"false","Bickman Law","4.2","https://www.google.com/maps/search/?api=1&query=Bickman%20Law&query_place_id=ChIJy90sCI602YgRB3EPgzu3kCM","false","https://miami-divorce-law.com/"
,,,,,,,,,,,,,,,,,,,,,,,,,,,,"2017 NW 135th Ave, Miami, FL 33182","7281044444345057922","Criminal justice attorney",,,,,,,,,,"Criminal justice attorney",,,"14553148908936319448","Miami","US",,,"https://streetviewpixels-pa.googleapis.com/v1/thumbnail?panoid=QV7Zmf-GICOoOiSfq2mSGA&cb_client=search.gws-prod.gps&w=408&h=240&yaw=65.952446&pitch=0&thumbfov=100","/g/11yq1q0553","en",,"25.7928227","-80.4144321",,,"Monday","Open 24 hours","Tuesday","Open 24 hours","Wednesday","Open 24 hours","Thursday","Open 24 hours","Friday","Open 24 hours","Saturday","Open 24 hours","Sunday","Open 24 hours",,"false","(305) 894-6454","+13058946454","ChIJRf6KEHZFT04R2FGDqNMr98k",,,,"33182",,"3",,"44","44","0","0","0","0","2026-10-05T10:21:33.061Z","https://www.google.com/maps/search/criminal%20defense%20lawyer/@25.92904476237801,-80.59507530322269,12z?hl=en","criminal defense lawyer",,"Florida","2017 NW 135th Ave",,"false","The Law Offices of Aaron Heria","5","https://www.google.com/maps/search/?api=1&query=The%20Law%20Offices%20of%20Aaron%20Heria&query_place_id=ChIJRf6KEHZFT04R2FGDqNMr98k","true","https://herialaw.com/"
,,,,,,,,,,,,,,,,,,,,,,,,,,,,"14160 Palmetto Frontage Rd, Miami Lakes, FL 33016","2384866224482465835","Criminal justice attorney",,,,,,,,,,"Criminal justice attorney",,,"2512969201907888650","Miami Lakes","US",,,"https://lh3.googleusercontent.com/gps-cs-s/ANWiy9RqZJ0e_Kt4_zNghnVP3xWmRAU4Tibl4xzDkuN4xyLQLehDxMjZmf4xbSWmIYj3uyzZp7p5O9sVY5vwfcZmuBBB8_HlINyUr_DPqIyzCN1NiBiG59WCoEsSwBt9L9lwkq-VLNw=w408-h544-k-no","/g/1x6q2k9k","en",,"25.9022621","-80.3290571",,,"Monday","Open 24 hours","Tuesday","Open 24 hours","Wednesday","Open 24 hours","Thursday","Open 24 hours","Friday","9 AM to 5 PM","Saturday","Closed","Sunday","Closed",,"false","(305) 822-0300","+13058220300","ChIJsQakTny52YgRCnI3wyzc3yI",,,,"33016",,"8",,"118","111","0","7","0","0","2026-10-05T10:21:33.061Z","https://www.google.com/maps/search/criminal%20defense%20lawyer/@25.92904476237801,-80.59507530322269,12z?hl=en","criminal defense lawyer",,"Florida","14160 Palmetto Frontage Rd",,"false","Trevilla & Trevilla, PA","4.8","https://www.google.com/maps/search/?api=1&query=Trevilla%20%26%20Trevilla%2C%20PA&query_place_id=ChIJsQakTny52YgRCnI3wyzc3yI","true","http://miamicriminallawattorney.com/"
,,,,,,,,,,,,,,,,,,,,,,,,,,,,"11401 SW 40th St #250, Miami, FL 33165","17037914607964096396","Criminal justice attorney","Attorney","Personal injury attorney","Trial attorney",,,,,,,"Criminal justice attorney",,,"14311809622345093940","Miami","US",,,"https://lh3.googleusercontent.com/gps-cs-s/ANWiy9QQlg0JAG56Lvt3h-taQzLkeYBTAcfD-BManJDi_czK3lmlko_4Ik5oqz6QfLdo-fe7vpTJJcOO1dyc64tWKAi4g9LdtGEsxQESYBB4Kg372JDxn1KpO71BPAPezzKvflzBe0j9=w461-h240-k-no","/g/11bwn7cjj7","en",,"25.7327108","-80.3802183",,"University Park",,,,,,,,,,,,,,,,"false","(305) 209-0384","+13052090384","ChIJOzkeHFu_2YgRNJPlOAbDncY",,,,"33165",,"11",,"95","92","0","3","0","0","2026-10-05T10:21:33.061Z","https://www.google.com/maps/search/criminal%20defense%20lawyer/@25.92904476237801,-80.59507530322269,12z?hl=en","criminal defense lawyer",,"Florida","11401 SW 40th St #250",,"false","Miami Criminal Defense Attorney - Abogado","4.9","https://www.google.com/maps/search/?api=1&query=Miami%20Criminal%20Defense%20Attorney%20-%20Abogado&query_place_id=ChIJOzkeHFu_2YgRNJPlOAbDncY",,"https://www.dgonz.com/"
,,,,,,,,,,,,,,,,,,,,,,,,,,,,"3785 NW 82nd Ave Ste 417, Doral, FL 33166","15498068001687914083","Criminal justice attorney","Attorney","Legal services",,,,,,,,"Criminal justice attorney",,,"14175457051396225005","Doral","US",,,"https://lh3.googleusercontent.com/gps-cs-s/ANWiy9RVOXX465KoWuJn7oxcp6XjFjJSWMgJlDryllCbN4Y6l32vi6V7SShisxHYIBuuA_eY-kN2fZvnfpwsPs0Vog7wgysZK0ePHaqwOUZFxGR9a-eyZbBlaKcK4s3Mn2LXhzt3xWa5=w408-h328-k-no","/g/11fcpdzvw1","en",,"25.808469","-80.3287976",,,"Monday","9 AM to 6 PM","Tuesday","9 AM to 6 PM","Wednesday","9 AM to 6 PM","Thursday","9 AM to 6 PM","Friday","9 AM to 6 PM","Saturday","Closed","Sunday","Closed",,"false","(305) 521-7977","+13055217977","ChIJhfEnGee22YgR7TdHXRVXucQ",,,,"33166",,"14",,"34","34","0","0","0","0","2026-10-05T10:21:33.062Z","https://www.google.com/maps/search/criminal%20defense%20lawyer/@25.92904476237801,-80.59507530322269,12z?hl=en","criminal defense lawyer",,"Florida","3785 NW 82nd Ave Ste 417",,"false","Carlos Gonzalez Law","5","https://www.google.com/maps/search/?api=1&query=Carlos%20Gonzalez%20Law&query_place_id=ChIJhfEnGee22YgR7TdHXRVXucQ","false","http://www.carlosgonzalezlaw.com/"
,,,,,,,,,,,,,,,,,,,,,,,,,,,,"8400 NW 36th St, Miami, FL 33166","16790868507552021222","Criminal justice attorney","Legal services",,,,,,,,,"Criminal justice attorney",,,"14246731791260757144","Miami","US",,,"https://lh3.googleusercontent.com/gps-cs-s/ANWiy9RH31DsaXVuxsTNtBJm-MD2op6ouBkSHHeNETrdjn8eMvP8cw48MKtUZeHyZQjl0jMZhvc0qjNRICgH9h3KIu9_qfrZ7qVsKBP7IhC9P0pDmtJ9Unkbc_x1oDIvswm8jau-XjUxdv1k2WQ=w408-h281-k-no","/g/11bz_14dt6","en",,"25.8092038","-80.3330607",,,"Monday","9 AM to 5 PM","Tuesday","9 AM to 5 PM","Wednesday","9 AM to 5 PM","Thursday","9 AM to 5 PM","Friday","9 AM to 5 PM","Saturday","Closed","Sunday","Closed",,"false","(305) 775-3720","+13057753720","ChIJRQdLNGO52YgRmKxc7BSPtsU",,,,"33166",,"16",,"1349","1250","24","65","5","5","2026-10-05T10:21:33.062Z","https://www.google.com/maps/search/criminal%20defense%20lawyer/@25.92904476237801,-80.59507530322269,12z?hl=en","criminal defense lawyer",,"Florida","8400 NW 36th St",,"false","TicketFit - Traffic Ticket & Criminal Defense","4.8","https://www.google.com/maps/search/?api=1&query=TicketFit%20-%20Traffic%20Ticket%20%26%20Criminal%20Defense&query_place_id=ChIJRQdLNGO52YgRmKxc7BSPtsU","false","http://www.ticketfit.com/"
,,,,,,,,,,,,,,,,,,,,,,,,,,,,"11801 NW 100th Rd, Medley, FL 33178","7443318363441997049","Attorney","Law firm","Personal injury attorney","Real estate attorney",,,,,,,"Attorney",,,"15408658416575000594","Medley","US",,,"https://lh3.googleusercontent.com/gps-cs-s/ANWiy9Rd4Z2UDxC1yyxiXgua_Yq00dmIT3c2I80AYSkc74rFA58Fqwx1nvc0X-AZZ_dmzv1_Yr_XqaSbYoDMvmsRCqQbdW21rHL02ETrO49WyDF5CQwT3HsYiKgGao3Vx6_jcC_m8YMARg=w408-h306-k-no","/g/11b6x4c4kb","en",,"25.8779547","-80.365082",,,"Monday","9 AM to 5 PM","Tuesday","9 AM to 5 PM","Wednesday","9 AM to 5 PM","Thursday","9 AM to 5 PM","Friday","9 AM to 5 PM","Saturday","Closed","Sunday","Closed",,"false","(305) 888-8896","+13058888896","ChIJs4EDsHy72YgREjBJ-TCN1tU",,,,"33178",,"19",,"26","25","0","1","0","0","2026-10-05T10:21:33.062Z","https://www.google.com/maps/search/criminal%20defense%20lawyer/@25.92904476237801,-80.59507530322269,12z?hl=en","criminal defense lawyer",,"Florida","11801 NW 100th Rd",,"false","Law Office of Omaida Delgado, P.A.","4.8","https://www.google.com/maps/search/?api=1&query=Law%20Office%20of%20Omaida%20Delgado%2C%20P.A.&query_place_id=ChIJs4EDsHy72YgREjBJ-TCN1tU","false","http://www.lawyermeup.com/"
,,,,,,,,,,,,,,,,,,,,,,,,,,,,"4005 NW 114th Ave Ste 14, Doral, FL 33178","12631075831279059697","Immigration attorney",,,,,,,,,,"Immigration attorney",,,"6701829415508291989","Doral","US",,,"https://streetviewpixels-pa.googleapis.com/v1/thumbnail?panoid=UV2PExIEdstyRhS4llH1dA&cb_client=search.gws-prod.gps&w=408&h=240&yaw=157.99805&pitch=0&thumbfov=100","/g/11n8p0jvkz","en",,"25.8107762","-80.3809286",,,"Monday","8:30 AM to 5 PM","Tuesday","8:30 AM to 5 PM","Wednesday","8:30 AM to 5 PM","Thursday","8:30 AM to 5 PM","Friday","8:30 AM to 5 PM","Saturday","Closed","Sunday","Closed",,"false","(754) 736-0224","+17547360224","ChIJQQWmMNel2YgRlbGieFiuAV0",,,,"33178",,"20",,"92","91","0","1","0","0","2026-10-05T10:21:33.062Z","https://www.google.com/maps/search/criminal%20defense%20lawyer/@25.92904476237801,-80.59507530322269,12z?hl=en","criminal defense lawyer",,"Florida","4005 NW 114th Ave Ste 14",,"false","Vic Law Group, P. A.","5","https://www.google.com/maps/search/?api=1&query=Vic%20Law%20Group%2C%20P.%20A.&query_place_id=ChIJQQWmMNel2YgRlbGieFiuAV0","false","https://viclawgroup.com/"
,,,,,,,,,,,,,,,,,,,,,,,,,,,,"847 NW 119th St #202, North Miami, FL 33168","14008321025994586574","Bankruptcy attorney",,,,,,,,,,"Bankruptcy attorney",,,"1846476705236037580","North Miami","US",,,"https://lh3.googleusercontent.com/gps-cs-s/AHRPTWmc3TKz71b5XymGCEJbhfEHwV4tfFye_VYFQYYOn7uMrPxKJtH_ZeCMMjkZHuBtzVdIS7zJiBunw-DUcm1bpbR4ljpaL-I3jxfBbag5XrTAbKwJHXoeARRCr19Orn1DAamHAimDZQ=w490-h240-k-no","/g/11g1lxnjk0","en",,"25.8840129","-80.2136131",,,"Monday","9 AM to 5 PM","Tuesday","9 AM to 5 PM","Wednesday","9 AM to 5 PM","Thursday","9 AM to 5 PM","Friday","9 AM to 5 PM","Saturday","Closed","Sunday","Closed",,"false","(305) 688-7500","+13056887500","ChIJG1jfY0ax2YgRzK-gxccAoBk",,,,"33168",,"161",,"4","2","0","2","0","0","2026-10-05T10:21:33.121Z","https://www.google.com/maps/search/criminal%20defense%20attorney/@25.92904476237801,-80.04899409033187,12z?hl=en","criminal defense attorney",,"Florida","847 NW 119th St #202",,"false","The Brown Law Group, LLC Attorney's At Law","3","https://www.google.com/maps/search/?api=1&query=The%20Brown%20Law%20Group%2C%20LLC%20Attorney's%20At%20Law&query_place_id=ChIJG1jfY0ax2YgRzK-gxccAoBk","false",
,,,,,,,,,,,,,,,,,,,,,,,,,,,,"20533 Biscayne Blvd #1243, Aventura, FL 33180",,"Attorney",,,,,,,,,,"Attorney",,,"2664401354791378674","Aventura","US",,,"https://streetviewpixels-pa.googleapis.com/v1/thumbnail?panoid=b5I7lHqeIVE9HFrb-HO3ig&cb_client=search.gws-prod.gps&w=408&h=240&yaw=267.89328&pitch=0&thumbfov=100","/g/1tgwt1nb","en",,"25.9657397","-80.1440795",,,,,,,,,,,,,,,,,,"false","(305) 773-4875","+13057734875","ChIJ3yMkWGCs2YgR8t5oY-ra-SQ",,,,"33180",,"162",,,,,,,,"2026-10-05T10:21:33.121Z","https://www.google.com/maps/search/criminal%20defense%20attorney/@25.92904476237801,-80.04899409033187,12z?hl=en","criminal defense attorney",,"Florida","20533 Biscayne Blvd #1243",,"false","Roniel Rodriguez IV",,"https://www.google.com/maps/search/?api=1&query=Roniel%20Rodriguez%20IV&query_place_id=ChIJ3yMkWGCs2YgR8t5oY-ra-SQ",,"http://rjrfirm.com/"
,,,,,,,,,,,,,,,,,,,,,,,,,,,,"301 Arthur Godfrey Rd #6, Miami Beach, FL 33140",,"Attorney","Law firm",,,,,,,,,"Attorney",,,"6158095124941936750","Miami Beach","US",,,"https://streetviewpixels-pa.googleapis.com/v1/thumbnail?panoid=0FX0aZ6VvRFra1z4lbp04A&cb_client=search.gws-prod.gps&w=408&h=240&yaw=13.696639&pitch=0&thumbfov=100","/g/1tf5lfxp","en",,"25.8140072","-80.1268059",,"Nautilus","Monday","8:30 AM to 5:30 PM","Tuesday","8:30 AM to 5:30 PM","Wednesday","8:30 AM to 5:30 PM","Thursday","8:30 AM to 5:30 PM","Friday","8:30 AM to 5 PM","Saturday","Closed","Sunday","Closed",,"false","(305) 358-0050","+13053580050","ChIJaUdnKW-z2YgRbpg6n-PydVU",,,,"33140",,"164",,,,,,,,"2026-10-05T10:21:33.122Z","https://www.google.com/maps/search/criminal%20defense%20attorney/@25.92904476237801,-80.04899409033187,12z?hl=en","criminal defense attorney",,"Florida","301 Arthur Godfrey Rd #6",,"false","Mitrani Rynor Adamsky & Toland, P.A.",,"https://www.google.com/maps/search/?api=1&query=Mitrani%20Rynor%20Adamsky%20%26%20Toland%2C%20P.A.&query_place_id=ChIJaUdnKW-z2YgRbpg6n-PydVU","false","http://www.mitrani.com/"
,,,,,,,,,,,,,,,,,,,,,,,,,,,,"11900 Biscayne Blvd Ste 260, North Miami, FL 33181","4786715514878544642","Divorce lawyer","Divorce service","Family law attorney","Immigration attorney","Law firm","Attorney","Legal services","Mediation service","Paralegal services provider",,"Divorce lawyer",,,"1581327314930026933","North Miami","US",,,"https://lh3.googleusercontent.com/gps-cs-s/AHRPTWmueVSdZAWvyvFBdQzmhPe26AG7Pf9DQbMzkwJFnn9MlJ9pkuWCI9lrfjhR-kwhLam8gLf2YXemYu6pc4OqEL63Omyb6_m47S15QRLtUdtot4mxQS2qV30JHRttTRZj4YldXguoDrNdp6RP=w408-h306-k-no","/g/1tjl6q7t","en",,"25.8862084","-80.1651418",,,"Monday","9 AM to 5 PM","Tuesday","9 AM to 5 PM","Wednesday","9 AM to 5 PM","Thursday","9 AM to 5 PM","Friday","9 AM to 5 PM","Saturday","Closed","Sunday","Closed",,"false","(786) 558-4950","+17865584950","ChIJ4zjHxGGs2YgRtckGkNAA8hU",,,,"33181",,"165",,"23","20","1","2","0","0","2026-10-05T10:21:33.122Z","https://www.google.com/maps/search/criminal%20defense%20attorney/@25.92904476237801,-80.04899409033187,12z?hl=en","criminal defense attorney",,"Florida","11900 Biscayne Blvd Ste 260",,"false","S.G. Morrow & Associates, P.A.","4.6","https://www.google.com/maps/search/?api=1&query=S.G.%20Morrow%20%26%20Associates%2C%20P.A.&query_place_id=ChIJ4zjHxGGs2YgRtckGkNAA8hU","false","https://morrowlawfirm.net/"
,,,,,,,,,,,,,,,,,,,,,,,,,,,,"2750 NE 185th St #302b, Aventura, FL 33180","15795848834371233116","Family law attorney","Divorce lawyer","Legal services",,,,,,,,"Family law attorney",,,"9560577404578970651","Aventura","US",,,"https://lh3.googleusercontent.com/gps-cs-s/AHRPTWkhIJ2EEXnNNG_HDxuWw38YRRkA2WrqIxqtHO8TcWXOBHTKqT55xLSnO-l48G-U31MJYD-6fXZsekPnlYuzmqwvCHFaxZNJLyFeiIeRz30k9Z6WfhhY07LM5d91ugDHaGzytjjQmw=w648-h240-k-no","/g/11bzrhjnq0","en",,"25.9468379","-80.1450797",,,"Monday","9 AM to 5 PM","Tuesday","9 AM to 5 PM","Wednesday","9 AM to 5 PM","Thursday","9 AM to 5 PM","Friday","9 AM to 5 PM","Saturday","Closed","Sunday","Closed",,"false","(786) 983-4590","+17869834590","ChIJq5iz11Ws2YgRGzyOz37-rYQ",,,,"33180",,"166",,"27","22","0","4","0","1","2026-10-05T10:21:33.122Z","https://www.google.com/maps/search/criminal%20defense%20attorney/@25.92904476237801,-80.04899409033187,12z?hl=en","criminal defense attorney",,"Florida","2750 NE 185th St #302b",,"false","Law Office of Sara J. Saba, P.A.","4.3","https://www.google.com/maps/search/?api=1&query=Law%20Office%20of%20Sara%20J.%20Saba%2C%20P.A.&query_place_id=ChIJq5iz11Ws2YgRGzyOz37-rYQ","false","https://www.sabafamilylaw.com/"
,,,,,,,,,,,,,,,,,,,,,,,,,,,,"1031 Ives Dairy Rd #228, Miami, FL 33179","8770792120171982960","Criminal justice attorney","Bankruptcy attorney","Personal injury attorney","Divorce lawyer","Family law attorney","Immigration attorney","Law firm","Attorney","Real estate attorney",,"Criminal justice attorney",,,"7274678207823603715","Miami","US",,,"https://lh3.googleusercontent.com/gps-cs-s/AHRPTWmHmMvoEdO85gS6Ej9l9XQXMnXIYdHvVUONdTXXLIbWc7xDc9R6eLisY4yxE4o_9Yxg-ow9y8z_oODJrCNfzbE3rxStYJJnedAnZy54kTz1UbZgumRGeo6Kmbrv3P6AHOZ9wgpgcg=w408-h248-k-no","/g/11g_b3v75","en",,"25.9653768","-80.18168",,,"Monday","Open 24 hours","Tuesday","Open 24 hours","Wednesday","Open 24 hours","Thursday","Open 24 hours","Friday","Open 24 hours","Saturday","Open 24 hours","Sunday","Open 24 hours",,"false","(305) 338-2687","+13053382687","ChIJcTV_JSKs2YgRA-iZgEnZ9GQ",,,,"33179",,"168",,"1","1","0","0","0","0","2026-10-05T10:21:33.122Z","https://www.google.com/maps/search/criminal%20defense%20attorney/@25.92904476237801,-80.04899409033187,12z?hl=en","criminal defense attorney",,"Florida","1031 Ives Dairy Rd #228",,"false","Maurice Castellanos, P.A.","5","https://www.google.com/maps/search/?api=1&query=Maurice%20Castellanos%2C%20P.A.&query_place_id=ChIJcTV_JSKs2YgRA-iZgEnZ9GQ","true",
,,,,,,,,,,,,,,,,,,,,,,,,,,,,"1135 Kane Concourse 5th floor, Bay Harbor Islands, FL 33154",,"Attorney",,,,,,,,,,"Attorney",,,"16404299170774799734","Bay Harbor Islands","US",,,"https://streetviewpixels-pa.googleapis.com/v1/thumbnail?panoid=LCm8ERuL4j006HEKPW98Vw&cb_client=search.gws-prod.gps&w=408&h=240&yaw=7.3792596&pitch=0&thumbfov=100","/g/1tgdd6fk","en",,"25.886961","-80.1320056",,,,,,,,,,,,,,,,,,"false","(305) 534-5100","+13055345100","ChIJ3Uu6lOey2YgRdlVEny7Hp-M",,,,"33154",,"174",,,,,,,,"2026-10-05T10:21:33.122Z","https://www.google.com/maps/search/criminal%20defense%20attorney/@25.92904476237801,-80.04899409033187,12z?hl=en","criminal defense attorney",,"Florida","1135 Kane Concourse 5th floor",,"false","Mark Hildebrandt PA",,"https://www.google.com/maps/search/?api=1&query=Mark%20Hildebrandt%20PA&query_place_id=ChIJ3Uu6lOey2YgRdlVEny7Hp-M",,"http://www.hildebrandtlaw.com/"
,,,,,,,,,,,,,,,,,,,,,,,,,,,,"4770 Biscayne Blvd Ste 1200, Miami, FL 33137",,"Law firm","Legal services",,,,,,,,,"Law firm",,,"6725260315870083126","Miami","US",,,"https://streetviewpixels-pa.googleapis.com/v1/thumbnail?panoid=cKKdeHt0Lp0BqF6F7icC7A&cb_client=search.gws-prod.gps&w=408&h=240&yaw=104.89838&pitch=0&thumbfov=100","/g/1262s7yvb","en",,"25.8188787","-80.1884906",,,"Monday","8:45 AM to 5:15 PM","Tuesday","8:45 AM to 5:15 PM","Wednesday","8:45 AM to 5:15 PM","Thursday","8:45 AM to 5:15 PM","Friday","8:45 AM to 5:15 PM","Saturday","Closed","Sunday","Closed",,"false","(305) 539-0909","+13055390909","ChIJc0MTjlix2YgRNrh3FaDsVF0",,,,"33137",,"175",,,,,,,,"2026-10-05T10:21:33.122Z","https://www.google.com/maps/search/criminal%20defense%20attorney/@25.92904476237801,-80.04899409033187,12z?hl=en","criminal defense attorney",,"Florida","4770 Biscayne Blvd Ste 1200",,"false","Hightower, Stratton, Novigrod & Kantor",,"https://www.google.com/maps/search/?api=1&query=Hightower%2C%20Stratton%2C%20Novigrod%20%26%20Kantor&query_place_id=ChIJc0MTjlix2YgRNrh3FaDsVF0","false","http://www.hightowerlaw.net/"
,,,,,,,,,,,,,,,,,,,,,,,,,,,,"767 Arthur Godfrey Rd, Miami Beach, FL 33140","1937164139800767124","Law firm",,,,,,,,,,"Law firm",,,"8343153867340528585","Miami Beach","US",,,"https://streetviewpixels-pa.googleapis.com/v1/thumbnail?panoid=cWYMGTAb5HSdQdwKi4Tu_g&cb_client=search.gws-prod.gps&w=408&h=240&yaw=32.259083&pitch=0&thumbfov=100","/g/1td1qphj","en",,"25.814156","-80.132319",,"Nautilus","Monday","9 AM to 5 PM","Tuesday","9 AM to 5 PM","Wednesday","9 AM to 5 PM","Thursday","9 AM to 5 PM","Friday","9 AM to 5 PM","Saturday","Closed","Sunday","Closed",,"false","(305) 538-2344","+13055382344","ChIJLekxLnCz2YgRyTtCCT3WyHM",,,,"33140",,"176",,"5","2","0","3","0","0","2026-10-05T10:21:33.122Z","https://www.google.com/maps/search/criminal%20defense%20attorney/@25.92904476237801,-80.04899409033187,12z?hl=en","criminal defense attorney",,"Florida","767 Arthur Godfrey Rd",,"false","Steinberg & Associates PA","2.6","https://www.google.com/maps/search/?api=1&query=Steinberg%20%26%20Associates%20PA&query_place_id=ChIJLekxLnCz2YgRyTtCCT3WyHM","false","http://www.senatorlaw.com/"
,,,,,,,,,,,,,,,,,,,,,,,,,,,,"4770 Biscayne Blvd #1035, Miami, FL 33137","17552697267130869069","Attorney","Law firm","Legal services",,,,,,,,"Attorney",,,"269186575068643276","Miami","US",,,"https://streetviewpixels-pa.googleapis.com/v1/thumbnail?panoid=EL5ig7W7_Fuo-F6YxIGh-Q&cb_client=search.gws-prod.gps&w=408&h=240&yaw=259.2347&pitch=0&thumbfov=100","/g/1tf6hfny","en",,"25.8228986","-80.1873636",,,"Monday","9 AM to 5 PM","Tuesday","9 AM to 5 PM","Wednesday","9 AM to 5 PM","Thursday","9 AM to 5 PM","Friday","9 AM to 5 PM","Saturday","Closed","Sunday","Closed",,"false","(305) 438-9899","+13054389899","ChIJUd7L2-Gz2YgRzD9FicNXvAM",,,,"33137",,"177",,,,,,,,"2026-10-05T10:21:33.122Z","https://www.google.com/maps/search/criminal%20defense%20attorney/@25.92904476237801,-80.04899409033187,12z?hl=en","criminal defense attorney",,"Florida","4770 Biscayne Blvd #1035",,"false","Foley Mansfield",,"https://www.google.com/maps/search/?api=1&query=Foley%20Mansfield&query_place_id=ChIJUd7L2-Gz2YgRzD9FicNXvAM","false","http://www.foleymansfield.com/"
,,,,,,,,,,,,,,,,,,,,,,,,,,,,"4770 Biscayne Blvd Ste 940, Miami, FL 33137","1851095826084584527","Tax attorney",,,,,,,,,,"Tax attorney",,,"4188168050927385685","Miami","US",,,"https://streetviewpixels-pa.googleapis.com/v1/thumbnail?panoid=C1ITRuclmbAwIDSRQl8GMA&cb_client=search.gws-prod.gps&w=408&h=240&yaw=263.34094&pitch=0&thumbfov=100","/g/1v6p52k7","en",,"25.818686","-80.188276",,,"Monday","8 AM to 5 PM","Tuesday","8 AM to 5 PM","Wednesday","8 AM to 5 PM","Thursday","8 AM to 5 PM","Friday","8 AM to 5 PM","Saturday","Closed","Sunday","Closed",,"false","(305) 576-4242","+13055764242","ChIJUd7L2-Gz2YgRVbwqB6dcHzo",,,,"33137",,"178",,,,,,,,"2026-10-05T10:21:33.122Z","https://www.google.com/maps/search/criminal%20defense%20attorney/@25.92904476237801,-80.04899409033187,12z?hl=en","criminal defense attorney",,"Florida","4770 Biscayne Blvd Ste 940",,"false","Teig Lawrence PA",,"https://www.google.com/maps/search/?api=1&query=Teig%20Lawrence%20PA&query_place_id=ChIJUd7L2-Gz2YgRVbwqB6dcHzo","false","http://www.mytaxlaw.com/"
,,,,,,,,,,,,,,,,,,,,,,,,,,,,"1140 Kane Concourse, Miami Beach, FL 33154",,"Attorney",,,,,,,,,,"Attorney",,,"18029823770946149543","Miami Beach","US",,,"https://streetviewpixels-pa.googleapis.com/v1/thumbnail?panoid=LWVMnPKQV1wkxGNescWw2g&cb_client=search.gws-prod.gps&w=408&h=240&yaw=189.25458&pitch=0&thumbfov=100","/g/11g0k1v229","en",,"25.886472","-80.1322084",,,,,,,,,,,,,,,,,,"false","(305) 526-4647","+13055264647","ChIJq6rOtoSy2YgRp5wjjjHNNvo",,,,"33154",,"180",,,,,,,,"2026-10-05T10:21:33.122Z","https://www.google.com/maps/search/criminal%20defense%20attorney/@25.92904476237801,-80.04899409033187,12z?hl=en","criminal defense attorney",,"Florida","1140 Kane Concourse",,"false","B & A Real Estate & Tax Attorneys",,"https://www.google.com/maps/search/?api=1&query=B%20%26%20A%20Real%20Estate%20%26%20Tax%20Attorneys&query_place_id=ChIJq6rOtoSy2YgRp5wjjjHNNvo",,
,,,,,,,,,,,,,,,,,,,,,,,,,,,,"9851 NW 58th St UNIT 103, Doral, FL 33178","8424650261775956375","Criminal justice attorney","Immigration attorney","Family law attorney","Law firm","Legal services","Personal injury attorney",,,,,"Criminal justice attorney",,,"18253906445654358533","Doral","US",,,"https://lh3.googleusercontent.com/gps-cs-s/ANWiy9QaAsQFlxC1ukX75rqlJng-od5OCq37ijnbGwzzb-8LihPAn8mbddxVhcv8GA9BH6SMoHlwRognNUKFyUf_8zYqEMK1Fowese5jgRuHMTvdnTgiBVU74OzrPIccsmAoNWH7keg1=w408-h408-k-no","/g/11hdsb9jxn","en",,"25.8268623","-80.3574805",,,"Monday","9 AM to 5 PM","Tuesday","9 AM to 5 PM","Wednesday","9 AM to 5 PM","Thursday","9 AM to 5 PM","Friday","9 AM to 5 PM","Saturday","Closed","Sunday","Closed",,"false","(305) 922-9995","+13059229995","ChIJ6Q2nHNu72YgRBfpw8DLnUv0",,,,"33178",,"13",,"567","458","9","97","2","1","2026-10-05T10:21:33.175Z","https://www.google.com/maps/search/criminal%20defense%20attorney/@25.92904476237801,-80.59507530322269,12z?hl=en","criminal defense attorney",,"Florida","9851 NW 58th St UNIT 103",,"false","Sanabria & Associates, LLC","4.3","https://www.google.com/maps/search/?api=1&query=Sanabria%20%26%20Associates%2C%20LLC&query_place_id=ChIJ6Q2nHNu72YgRBfpw8DLnUv0","false","https://www.slegal.com/?utm_source=google_business_profile&utm_medium=organic&utm_campaign=gbp-doral"
,,,,,,,,,,,,,,,,,,,,,,,,,,,,"3508 NW 114th Ave Ste 201, Miami, FL 33178",,"Attorney",,,,,,,,,,"Attorney",,,"832551732826469931","Miami","US",,,,"/g/1tgtg94l","en",,"25.8063149","-80.3821322",,,"Monday","9 AM to 4:30 PM","Tuesday","9 AM to 4:30 PM","Wednesday","9 AM to 4:30 PM","Thursday","9 AM to 4:30 PM","Friday","9 AM to 4:30 PM","Saturday","Closed","Sunday","Closed",,"false","(305) 463-9446","+13054639446","ChIJtf39HQ652YgRK_ZB1GPRjQs",,,,"33178",,"16",,"5","5","0","0","0","0","2026-10-05T10:21:33.175Z","https://www.google.com/maps/search/criminal%20defense%20attorney/@25.92904476237801,-80.59507530322269,12z?hl=en","criminal defense attorney",,"Florida","3508 NW 114th Ave Ste 201",,"false","Mark L Fornaris Pa","5","https://www.google.com/maps/search/?api=1&query=Mark%20L%20Fornaris%20Pa&query_place_id=ChIJtf39HQ652YgRK_ZB1GPRjQs","false",
,,,,,,,,,,,,,,"Monday","Open 24 hours","Tuesday","Open 24 hours","Wednesday","Open 24 hours","Thursday","Open 24 hours","Friday","Open 24 hours","Saturday","Open 24 hours","Sunday","Open 24 hours","7802 NW 103rd St Ste 113, Hialeah, FL 33016","6110391128157126335","Criminal justice attorney","Bankruptcy attorney","Business attorney","Civil law attorney","Personal injury attorney","Elder law attorney","Employment attorney","Family law attorney","Immigration attorney","Probate attorney","Criminal justice attorney",,,"5476532324955486525","Hialeah","US",,,"https://lh3.googleusercontent.com/grass-cs/ACvplmOcNdaFnMefS27SJyYEPxtK-vTMYoG49Zf4njMG-naAP8aVCp-cWXZKU8MhhAuIhnwuJQ55HKVXtfPLuvkCdWOpCgkQbwDYXWVQmMmmLcat_joomZm86yO8og1dbCQh8Whpxz-uCRJnljop=w426-h240-k-no","/g/11sk2tz0q_","en",,"25.8664983","-80.3249774",,,"Monday","9 AM to 6 PM","Tuesday","9 AM to 6 PM","Wednesday","9 AM to 6 PM","Thursday","9 AM to 6 PM","Friday","9 AM to 6 PM","Saturday","8:30 AM to 2 PM","Sunday","Closed",,"false","(786) 800-9356","+17868009356","ChIJn6EqXpW72YgRPXnqNSKNAEw",,,,"33016",,"19",,"394","355","7","27","3","2","2026-10-05T10:21:34.745Z","https://www.google.com/maps/search/DUI%20attorney/@25.92904476237801,-80.59507530322269,12z?hl=en","DUI attorney",,"Florida","7802 NW 103rd St Ste 113",,"false","Gallardo Law Firm","4.7","https://www.google.com/maps/search/?api=1&query=Gallardo%20Law%20Firm&query_place_id=ChIJn6EqXpW72YgRPXnqNSKNAEw","false","https://gallardolawyers.com/"
,,,,,,,,,,,,,,,,,,,,,,,,,,,,,"511489060600703887","Law firm","Service establishment",,,,,,,,,"Law firm",,,"17762162024675039449",,,,,,"/g/11s75xsl_d","en",,"25.782414","-80.2253934",,,"Monday","9 AM to 5 PM","Tuesday","9 AM to 5 PM","Wednesday","9 AM to 5 PM","Thursday","9 AM to 5 PM","Friday","9 AM to 5 PM","Saturday","Closed","Sunday","Closed",,"false","(786) 333-3073","+17863333073","ChIJnZRhqAe2d20R2Viw40Dgf_Y",,,,,,"183",,"1","1","0","0","0","0","2026-10-05T10:21:34.832Z","https://www.google.com/maps/search/criminal%20defense%20attorney/@25.92904476237801,-80.04899409033187,12z?hl=en","criminal defense attorney",,,,,"false","Exposito Law Firm P.A.","5","https://www.google.com/maps/search/?api=1&query=Exposito%20Law%20Firm%20P.A.&query_place_id=ChIJnZRhqAe2d20R2Viw40Dgf_Y","false","http://www.jeffreyexpositolaw.com/"
,,,,,,,,,,,,,,,,,,,,,,,,,,,,"4500 Biscayne Blvd, Miami, FL 33137","5798991236657025697","General practice attorney",,,,,,,,,,"General practice attorney",,,"8630970686159576521","Miami","US",,,"https://streetviewpixels-pa.googleapis.com/v1/thumbnail?panoid=_nPYCCVt6_JMcW2LAI2DsQ&cb_client=search.gws-prod.gps&w=408&h=240&yaw=279.05017&pitch=0&thumbfov=100","/g/1tf3cbdm","en",,"25.8175607","-80.1886835",,,,,,,,,,,,,,,,,,"false","(305) 576-8666","+13055768666","ChIJVyGPZVix2YgRyd1ZNxxex3c",,,,"33137",,"185",,"4","3","0","1","0","0","2026-10-05T10:21:34.832Z","https://www.google.com/maps/search/criminal%20defense%20attorney/@25.92904476237801,-80.04899409033187,12z?hl=en","criminal defense attorney",,"Florida","4500 Biscayne Blvd",,"true","Law Offices of Alan E. Weinstein, LLC","4","https://www.google.com/maps/search/?api=1&query=Law%20Offices%20of%20Alan%20E.%20Weinstein%2C%20LLC&query_place_id=ChIJVyGPZVix2YgRyd1ZNxxex3c","false","http://www.aweinsteinlaw.com/"
,,,,,,,,,,,,,,,,,,,,,,,,,,,,"13385 W Dixie Hwy, Miami, FL 33161","9923066891477048534","Attorney","Business administration service","Business management consultant","Civil law attorney","Law firm","Trial attorney",,,,,"Attorney",,,"2931838327225414510","Miami","US",,,"https://lh3.googleusercontent.com/gps-cs-s/AHRPTWleagXkr07lZ971L5BVwoya3Zqy1yjDjL4Qc--f5uj94OO2Yvd2SrTewmju2Vk49-osZqUWHxfzeDjS_9HtflIFdsHOcN0Xhnf8sAdqpYXctl6I7_g4p1b5pOn1iye3OMVmb6MZkw=w408-h271-k-no","/g/11bbrn1jdt","en",,"25.8986359","-80.1794063",,,,,,,,,,,,,,,,,,"false","(786) 440-1030","+17864401030","ChIJIRNb9vit2YgRbnMl0Wz7ryg",,,,"33161",,"187",,,,,,,,"2026-10-05T10:21:34.832Z","https://www.google.com/maps/search/criminal%20defense%20attorney/@25.92904476237801,-80.04899409033187,12z?hl=en","criminal defense attorney",,"Florida","13385 W Dixie Hwy",,"true","Mills Metz Law",,"https://www.google.com/maps/search/?api=1&query=Mills%20Metz%20Law&query_place_id=ChIJIRNb9vit2YgRbnMl0Wz7ryg","false","http://www.millsmetzlaw.com/"
,,,,,,,,,,,,,,,,,,,,,,,,,,,,"20900 NE 30th Ave Ste 836, Aventura, FL 33180","7309865086602777977","Criminal justice attorney","Civil law attorney","Immigration attorney","Family law attorney","Real estate attorney",,,,,,"Criminal justice attorney",,,"2222140050007686568","Aventura","US",,,"https://lh3.googleusercontent.com/gps-cs-s/AHRPTWnwNxIg7u2E7VkpO6tMXsZ4umOcWNnSe5a1pJSazeUSj8YPCJonZsPSvUEompxVkz8JkD1SLKMOGzbB8R6ogw958r8rGWIjL6nQtKfk88ND7Lci9pk6Es3NL6w06NGNcjVpqJ0=w408-h306-k-no","/g/1tcxw0lj","en",,"25.9694088","-80.1429273",,,,,,,,,,,,,,,,,,"false","(954) 523-2223","+19545232223","ChIJ7XlFxlUA2YgRqH3gIZqg1h4",,,,"33180",,"188",,"3","3","0","0","0","0","2026-10-05T10:21:34.832Z","https://www.google.com/maps/search/criminal%20defense%20attorney/@25.92904476237801,-80.04899409033187,12z?hl=en","criminal defense attorney",,"Florida","20900 NE 30th Ave Ste 836",,"true","Bortolin & Associates, P.A.","5","https://www.google.com/maps/search/?api=1&query=Bortolin%20%26%20Associates%2C%20P.A.&query_place_id=ChIJ7XlFxlUA2YgRqH3gIZqg1h4","false",
,,,,,,,,,,,,,,,,,,,,,,,,,,,,"2655 S Le Jeune Rd #901, Coral Gables, FL 33134","3458354923467957146","Criminal justice attorney",,,,,,,,,,"Criminal justice attorney",,,"11536611015797426791","Coral Gables","US",,,"https://lh3.googleusercontent.com/grass-cs/ACvplmNpSYIp1775GS2eMXZhVkBUOsUIDpd5E0XM47xp_aDfbaq_5g2TtfRqXVF4-H-etj8BjbdcWPgM2Gan5UkEbKXAAYg3-Kw9hdrPLfH0dicoLaCE_ST1dE6jwOpsKMy1h9u_8E9Sqw=w408-h544-k-no","/g/1ptw4z9vt","en",,"25.7474891","-80.2614908",,"Crafts","Monday","Open 24 hours","Tuesday","Open 24 hours","Wednesday","Open 24 hours","Thursday","Open 24 hours","Friday","Open 24 hours","Saturday","Open 24 hours","Sunday","Open 24 hours",,"false","(305) 707-7345","+13057077345","ChIJSbGT-5C32YgRZ8p2ZJhGGqA",,,,"33134",,"8",,"198","196","0","2","0","0","2026-10-05T10:21:37.930Z","https://www.google.com/maps/search/drug%20crime%20lawyer/@25.92904476237801,-80.59507530322269,12z?hl=en","drug crime lawyer",,"Florida","2655 S Le Jeune Rd #901",,"false","Izquierdo Law Firm, P.A.","5","https://www.google.com/maps/search/?api=1&query=Izquierdo%20Law%20Firm%2C%20P.A.&query_place_id=ChIJSbGT-5C32YgRZ8p2ZJhGGqA","true","https://www.izlegal.com/offices/miami-dui-and-criminal-defense-attorney.cfm"
,,,,,,,,,,,,,,,,,,,,,,,,,,,,"Wells Fargo Center, 333 SE 2nd Ave Ste 2000, Office 2051, Miami, FL 33131","7811954288913401858","Criminal justice attorney",,,,,,,,,,"Criminal justice attorney",,,"10574052508258142972","Miami","US",,,"https://lh3.googleusercontent.com/grass-cs/ACvplmNfSXMIv6Lfo_ZnuzppKRxpeMFGoYlzpYOQre1H220HApqWDykY_mf8E0GK7cIjfPU8GOfMoQhkM0dtu5aQKrH4_RUIMVCeR1-XQa8-6oRfkyYK3WEte2iPrUZK6S-jFeEQWJ-JcnnIPkE=w408-h272-k-no","/g/11y_qqtjsp","en",,"25.7712953","-80.1897732",,"Downtown Miami","Monday","Open 24 hours","Tuesday","Open 24 hours","Wednesday","Open 24 hours","Thursday","Open 24 hours","Friday","Open 24 hours","Saturday","Open 24 hours","Sunday","Open 24 hours",,"false","(954) 861-0384","+19548610384","ChIJK2__5tG32YgR_AoOh7uUvpI",,,,"33131",,"14",,"17","16","0","1","0","0","2026-10-05T10:21:37.930Z","https://www.google.com/maps/search/drug%20crime%20lawyer/@25.92904476237801,-80.59507530322269,12z?hl=en","drug crime lawyer",,"Florida","Wells Fargo Center, 333 SE 2nd Ave Ste 2000, Office 2051",,"false","The Law Offices of Robert David Malove Criminal Defense & DUI Lawyer","4.8","https://www.google.com/maps/search/?api=1&query=The%20Law%20Offices%20of%20Robert%20David%20Malove%20Criminal%20Defense%20%26%20DUI%20Lawyer&query_place_id=ChIJK2__5tG32YgR_AoOh7uUvpI","true","https://www.robertmalovelaw.com/miami-criminal/?utm_source=google&utm_medium=organic&utm_campaign=GBP_Miami"
,,,,,,,,,,,,,,,,,,,,,,,,,,,,"1200 Brickell Ave #1410, Miami, FL 33131","11852363251456991115","Criminal justice attorney","Law firm","Attorney","Legal services","Trial attorney",,,,,,"Criminal justice attorney",,,"9596765153246797508","Miami","US",,,"https://lh3.googleusercontent.com/grass-cs/ACvplmM1lLnMFWtvu2cxVB01sKXJ5io-PRuZOqEXcRS10IPtdKofutNKiVe19mBxIOxRQ_u8TyL3ie9XS3elvFs74bf9z2VCUKmmHM1Hwtu55xghjZURCR-uXvqAk9mhcyXJV0nVqZ8noPKdNsAb=w408-h545-k-no","/g/1hf87q_mm","en",,"25.7619992","-80.19214",,"Downtown Miami","Monday","Open 24 hours","Tuesday","Open 24 hours","Wednesday","Open 24 hours","Thursday","Open 24 hours","Friday","Open 24 hours","Saturday","Open 24 hours","Sunday","Open 24 hours",,"false","(305) 999-5100","+13059995100","ChIJ3SD7aJm32YgRxF4foA-PLoU",,,,"33131",,"17",,"38","29","1","8","0","0","2026-10-05T10:21:37.930Z","https://www.google.com/maps/search/drug%20crime%20lawyer/@25.92904476237801,-80.59507530322269,12z?hl=en","drug crime lawyer",,"Florida","1200 Brickell Ave #1410",,"false","The Baez Law Firm - Miami Criminal Defense Lawyer","4.1","https://www.google.com/maps/search/?api=1&query=The%20Baez%20Law%20Firm%20-%20Miami%20Criminal%20Defense%20Lawyer&query_place_id=ChIJ3SD7aJm32YgRxF4foA-PLoU","true","https://www.baezlawfirm.com/"
,,,,,,,,,,,,,,,,,,,,,,,,,,,,"6055 NW 105th Ct, Doral, FL 33178","5378279906634251983","Criminal justice attorney","Family law attorney","Divorce lawyer","General practice attorney","Attorney",,,,,,"Criminal justice attorney",,,"10109585856530651880","Doral","US",,,"https://lh3.googleusercontent.com/gps-cs-s/ANWiy9RoEdJ5A0DLravJ_BSiVuCNLRO-2bhFGvSHTyEFk1aA6sn_r-x1sWIM7-YKtD81uXZ0gOpwTlh_XI_jWMa0l85i_-B3xSOLnhydrtJEohs18JBifLMqg8NU59Nt2HxOp66SRG14pg=w425-h240-k-no","/g/11rfwjtsyb","en",,"25.8281644","-80.3686019",,,"Monday","Open 24 hours","Tuesday","Open 24 hours","Wednesday","Open 24 hours","Thursday","Open 24 hours","Friday","Open 24 hours","Saturday","Open 24 hours","Sunday","Closed",,"false","(315) 400-0065","+13154000065","ChIJDQV45Nm92YgR6JrSDMZ2TIw",,,,"33178",,"2",,"121","118","3","0","0","0","2026-10-05T10:21:39.107Z","https://www.google.com/maps/search/criminal%20lawyer/@25.92904476237801,-80.59507530322269,12z?hl=en","criminal lawyer",,"Florida","6055 NW 105th Ct",,"false","ABOGADOS DE FAMILIA Colombia - Miami - Bogotá","5","https://www.google.com/maps/search/?api=1&query=ABOGADOS%20DE%20FAMILIA%20Colombia%20-%20Miami%20-%20Bogot%C3%A1&query_place_id=ChIJDQV45Nm92YgR6JrSDMZ2TIw","true",
,,,,,,,,,,,,,,,,,,,,,,,,,,,,"4 N Krome Ave 1st floor, Homestead, FL 33030",,"Immigration attorney",,,,,,,,,,"Immigration attorney",,,"16922164210997721700","Homestead","US",,,"https://lh3.googleusercontent.com/gps-cs-s/AHRPTWmLgjvB242lUWaof9dpzlGgZMCKQg530YO_qIwC3Jik3dtIqsicx6MKAnBHBLcaTxnShpo4gbL7LRcrr6Jk-x1IXPjt11wCfXBHMqgNqMxo7ErnhMqsairCsPp_0TZ6OMbECqGT=w408-h242-k-no","/g/11s9_hhq4z","en",,"25.4700444","-80.477625",,,"Monday","9 AM to 9 PM","Tuesday","9 AM to 9 PM","Wednesday","9 AM to 9 PM","Thursday","9 AM to 9 PM","Friday","9 AM to 9 PM","Saturday","9 AM to 9 PM","Sunday","9 AM to 9 PM",,"false","(786) 272-0865","+17862720865","ChIJj5fHFuLxDogRZPpYQ7Ga1-o",,,,"33030",,"1",,"13","13","0","0","0","0","2026-10-05T10:21:39.381Z","https://www.google.com/maps/search/criminal%20defense%20attorney/@25.434682545874,-80.32203469677728,12z?hl=en","criminal defense attorney",,"Florida","4 N Krome Ave 1st floor",,"false","Abogado De Inmigración Y Criminal","5","https://www.google.com/maps/search/?api=1&query=Abogado%20De%20Inmigraci%C3%B3n%20Y%20Criminal&query_place_id=ChIJj5fHFuLxDogRZPpYQ7Ga1-o","false",
,,,,,,,,,,,,,,,,,,,,,,,,,,,,"1474 N Homestead Blvd, Homestead, FL 33030","15769678668970461497","Legal services",,,,,,,,,,"Legal services",,,"8472009175374271431","Homestead","US",,,"https://lh3.googleusercontent.com/gps-cs-s/AHRPTWl-uhvl8F9XVGqNnpJWNJ0t-pgfD2Ia8HiMVL4So5UiMz_3RVkEoqDhr2iFi2PRYich8LggWByCKwue-KS0A3mQcgTwm2H9Bev76d8glpxVmn7DmT__nF1f6PZtfJ0uWstDVDmHUyFvv2TY=w408-h272-k-no","/g/11l6s9ypd_","en",,"25.483871","-80.4621241",,,"Monday","9 AM to 7 PM","Tuesday","9 AM to 7 PM","Wednesday","9 AM to 7 PM","Thursday","9 AM to 7 PM","Friday","9 AM to 7 PM","Saturday","10 AM to 2 PM","Sunday","Closed",,"false","(305) 570-9705","+13055709705","ChIJqdMgGEfn2YgRx5MIWHWfknU",,,,"33030",,"2",,"2","1","0","1","0","0","2026-10-05T10:21:39.381Z","https://www.google.com/maps/search/criminal%20defense%20attorney/@25.434682545874,-80.32203469677728,12z?hl=en","criminal defense attorney",,"Florida","1474 N Homestead Blvd",,"false","Abolsky Legal","3","https://www.google.com/maps/search/?api=1&query=Abolsky%20Legal&query_place_id=ChIJqdMgGEfn2YgRx5MIWHWfknU","false","https://www.abolskylegal.com/"
,,,,,,,,,,,,,,,,,,,,,,,,,,,,"650 NE 22nd Terrace Ste 202-3, Homestead, FL 33033","15774753193818384496","Attorney",,,,,,,,,,"Attorney",,,"16469288608318186131","Homestead","US",,,"https://streetviewpixels-pa.googleapis.com/v1/thumbnail?panoid=rbTrAgW31aO-ZMe9_jayeg&cb_client=search.gws-prod.gps&w=408&h=240&yaw=85.24319&pitch=0&thumbfov=100","/g/1vxzbf8d","en",,"25.4763861","-80.4462986",,,"Monday","Open 24 hours","Tuesday","Open 24 hours","Wednesday","Open 24 hours","Thursday","Open 24 hours","Friday","Open 24 hours","Saturday","Open 24 hours","Sunday","Open 24 hours",,"false","(305) 245-3230","+13052453230","ChIJ1yGeqmrn2YgRk2IxMruqjuQ",,,,"33033",,"3",,"7","6","0","1","0","0","2026-10-05T10:21:39.381Z","https://www.google.com/maps/search/criminal%20defense%20attorney/@25.434682545874,-80.32203469677728,12z?hl=en","criminal defense attorney",,"Florida","650 NE 22nd Terrace Ste 202-3",,"false","O'Connor Law Firm, PLLC","4.4","https://www.google.com/maps/search/?api=1&query=O'Connor%20Law%20Firm%2C%20PLLC&query_place_id=ChIJ1yGeqmrn2YgRk2IxMruqjuQ","true","http://www.oconnorlegal.com/"
,,,,,,,,,,,,,,,,,,,,,,,,,,,,"2038 N Krome Ave, Homestead, FL 33030","4339592480612736234","Attorney",,,,,,,,,,"Attorney",,,"16150787819246567724","Homestead","US",,,"https://lh3.googleusercontent.com/gps-cs-s/AHRPTWn1uAuAL4X_o_1YB0Q0aySjimI5lzeOpA6FruYgkh1jUHH25p_NhSxR4pdfhO_nkBNx4Jd8YC8bFTlzx-DIE0E05P-2hlCgyjl1FmaP-IeNH89d_6b2LY1G-m2K2pShFT7lHLWJ=w426-h240-k-no","/g/1262hpx81","en",,"25.489722","-80.4778673",,,"Monday","9 AM to 6 PM","Tuesday","9 AM to 6 PM","Wednesday","9 AM to 6 PM","Thursday","9 AM to 6 PM","Friday","9 AM to 6 PM","Saturday","Closed","Sunday","Closed",,"false","(305) 247-4204","+13052474204","ChIJs3ZdNBXn2YgRLMHlePMfI-A",,,,"33030",,"4",,"48","31","4","11","2","0","2026-10-05T10:21:39.381Z","https://www.google.com/maps/search/criminal%20defense%20attorney/@25.434682545874,-80.32203469677728,12z?hl=en","criminal defense attorney",,"Florida","2038 N Krome Ave",,"false","Mendoza Law Offices PA","3.9","https://www.google.com/maps/search/?api=1&query=Mendoza%20Law%20Offices%20PA&query_place_id=ChIJs3ZdNBXn2YgRLMHlePMfI-A","false","http://mendozalawoffices.com/"
,,,,,,,,,,,,,,,,,,,,,,,,,,,,"930 N Krome Ave #2A, Homestead, FL 33030",,"Attorney",,,,,,,,,,"Attorney",,,"2997958844186530114","Homestead","US",,,"https://streetviewpixels-pa.googleapis.com/v1/thumbnail?panoid=7k-L-xsIrpdOvsB7yaEMvA&cb_client=search.gws-prod.gps&w=408&h=240&yaw=272.8514&pitch=0&thumbfov=100","/g/1tm69rcv","en",,"25.4790271","-80.4778077",,,,,,,,,,,,,,,,,,"false","(305) 248-2886","+13052482886","ChIJE2SQMBPn2YgRQpH6Vq_jmik",,,,"33030",,"5",,"3","1","0","1","1","0","2026-10-05T10:21:39.381Z","https://www.google.com/maps/search/criminal%20defense%20attorney/@25.434682545874,-80.32203469677728,12z?hl=en","criminal defense attorney",,"Florida","930 N Krome Ave #2A",,"false","Homestead Legal Center","3","https://www.google.com/maps/search/?api=1&query=Homestead%20Legal%20Center&query_place_id=ChIJE2SQMBPn2YgRQpH6Vq_jmik",,
,,,,,,,,,,,,,,,,,,,,,,,,,,,,"47 N Krome Ave, Homestead, FL 33030",,"Attorney",,,,,,,,,,"Attorney",,,"13684342128973259987","Homestead","US",,,"https://streetviewpixels-pa.googleapis.com/v1/thumbnail?panoid=G0R_4DL60WEqvXLy1RpRTQ&cb_client=search.gws-prod.gps&w=408&h=240&yaw=99.09315&pitch=0&thumbfov=100","/g/1tmqs533","en",,"25.4707354","-80.4771372",,,"Monday","9 AM to 8 PM","Tuesday","9 AM to 8 PM","Wednesday","9 AM to 8 PM","Thursday","9 AM to 8 PM","Friday","9 AM to 8 PM","Saturday","Closed","Sunday","Closed",,"false","(786) 248-6630","+17862486630","ChIJl4k5B0Dn2YgR0yRd3qmM6L0",,,,"33030",,"6",,"1","1","0","0","0","0","2026-10-05T10:21:39.381Z","https://www.google.com/maps/search/criminal%20defense%20attorney/@25.434682545874,-80.32203469677728,12z?hl=en","criminal defense attorney",,"Florida","47 N Krome Ave",,"false","Paul & Associates","5","https://www.google.com/maps/search/?api=1&query=Paul%20%26%20Associates&query_place_id=ChIJl4k5B0Dn2YgR0yRd3qmM6L0","false","http://www.paulandassociates.com/"
,,,,,,,,,,,,,,,,,,,,,,,,,,,,"15600 SW 288th St Unit 302, Homestead, FL 33033","5363728278859963547","Personal injury attorney","Law firm","Attorney","Legal services","Social security attorney","Trial attorney",,,,,"Personal injury attorney",,,"17572279799464994276","Homestead","US",,,"https://lh3.googleusercontent.com/gps-cs-s/AHRPTWmqS4zypX0_hETGg-n39gm0pGUgUMVyXK-axNDsZU3SMz-KzfuJoYfsdqh36bUL3GuEmv8AJ5Hls0qqXqs1PJt82NKY_12JJgfwe9aSY7IIXsLPwdfw74oDSQvz-syEqcrTRORa8D60TmWu=w408-h306-k-no","/g/11v60yb5lg","en",,"25.49909","-80.4435594",,,"Monday","Open 24 hours","Tuesday","Open 24 hours","Wednesday","Open 24 hours","Thursday","Open 24 hours","Friday","Open 24 hours","Saturday","Open 24 hours","Sunday","Open 24 hours",,"false","(786) 730-9752","+17867309752","ChIJYfmcRzjd2YgR5CXiLGBH3fM",,,,"33033",,"18",,"103","96","2","4","1","0","2026-10-05T10:21:39.381Z","https://www.google.com/maps/search/criminal%20defense%20attorney/@25.434682545874,-80.32203469677728,12z?hl=en","criminal defense attorney",,"Florida","15600 SW 288th St Unit 302",,"false","LaBovick Law Group","4.8","https://www.google.com/maps/search/?api=1&query=LaBovick%20Law%20Group&query_place_id=ChIJYfmcRzjd2YgR5CXiLGBH3fM","true","https://www.labovick.com/homestead/personal-injury-lawyer/?utm_source=gbp&utm_medium=organic&utm_campaign=gbp-website-homestead"
,,,,,,,,,,,,,,,,,,,,,,,,,,,,"30428 S Dixie Hwy, Homestead, FL 33033","1055120067617019674","Personal injury attorney",,,,,,,,,,"Personal injury attorney",,,"5767162073547745307","Homestead","US",,,"https://lh3.googleusercontent.com/gps-cs-s/AHRPTWn9xKJ8mE46J9DTCWhppTnDQfn8QjjI7covtBxY_RxB6G064jCeOQZGSjYmoW_Kn91i1i-nUcpogthiXiJrB_5jV_nBjzqlUb-fBhzz7TA1QKaLP874r9ME1j2WJXdsowItqTjq=w408-h272-k-no","/g/1tctgdt_","en",,"25.4838746","-80.4621297",,,"Monday","Open 24 hours","Tuesday","Open 24 hours","Wednesday","Open 24 hours","Thursday","Open 24 hours","Friday","Open 24 hours","Saturday","Open 24 hours","Sunday","Open 24 hours",,"false","(786) 981-3809","+17869813809","ChIJveO1NRXn2YgRGyjro1kTCVA",,,,"33033",,"4",,"37","34","1","1","0","1","2026-10-05T10:21:41.202Z","https://www.google.com/maps/search/DUI%20attorney/@25.434682545874,-80.32203469677728,12z?hl=en","DUI attorney",,"Florida","30428 S Dixie Hwy",,"false","Flaxman Law Group Personal Injury & Car Accident Lawyer Homestead","4.8","https://www.google.com/maps/search/?api=1&query=Flaxman%20Law%20Group%20Personal%20Injury%20%26%20Car%20Accident%20Lawyer%20Homestead&query_place_id=ChIJveO1NRXn2YgRGyjro1kTCVA","true","https://flaxmanlaw.com/homestead-personal-injury/?utm_source=gbp&utm_medium=organic&utm_campaign=homestead"
,,,,,,,,,,,,,,"Monday","Open 24 hours","Tuesday","Open 24 hours","Wednesday","Open 24 hours","Thursday","Open 24 hours","Friday","Open 24 hours","Saturday","Open 24 hours","Sunday","Open 24 hours","2525 Ponce de Leon Blvd Ste 300, Coral Gables, FL 33134","2954080245919241941","Criminal justice attorney","Law firm","Trial attorney",,,,,,,,"Criminal justice attorney",,,"14509963302801741983","Coral Gables","US",,,"https://lh3.googleusercontent.com/gps-cs-s/AHRPTWnlJ6-y8l81dHZ3Q4oX67EQj3NEReydfZCKHdaZ5z0rGcPJO6nsEmvRxKLl30Dp1Zkd3eErFhSJH6xX5ZmE46UUIcr67pW25oHmkFYF0NgzUkJkt4UoZx1VcdrYdim4AfZTGQAD=w426-h240-k-no","/g/1vknq5p6","en",,"25.7484948","-80.2581245",,"Crafts","Monday","Open 24 hours","Tuesday","Open 24 hours","Wednesday","Open 24 hours","Thursday","Open 24 hours","Friday","Open 24 hours","Saturday","Open 24 hours","Sunday","Open 24 hours",,"false","(305) 321-3237","+13053213237","ChIJn_1ZwqXH2YgRn5hzL7--Xck",,,,"33134",,"17",,"196","191","0","5","0","0","2026-10-05T10:21:41.836Z","https://www.google.com/maps/search/drug%20crime%20lawyer/@25.434682545874,-80.32203469677728,12z?hl=en","drug crime lawyer",,"Florida","2525 Ponce de Leon Blvd Ste 300",,"false","Jonathan B. Blecher, P.A.","4.9","https://www.google.com/maps/search/?api=1&query=Jonathan%20B.%20Blecher%2C%20P.A.&query_place_id=ChIJn_1ZwqXH2YgRn5hzL7--Xck","true","https://www.duilawdefense.com/coral-gables-criminal-defense/"
,,,,,,,,,,,,,,,,,,,,,,,,,,,,"165 NE 8th St, Homestead, FL 33030","12032690100080815885","Law firm",,,,,,,,,,"Law firm",,,"13119787260709609576","Homestead","US",,,"https://lh3.googleusercontent.com/gps-cs-s/AHRPTWndfKkSs6iYv1GKmuiOkWXgAPic3GMRweD07V7eRC9GmmgeNkaXt3KcrsqtelKdiQgeLEKq3uMjbzuN4RHxDyXzO1ftcQTN-4s_NOFbWl0GLI66H1nnNFDGXa3isBG691IT4eT8VcpxIGPs=w408-h544-k-no","/g/11mspzr1rp","en",,"25.4774376","-80.4739977",,,"Monday","9 AM to 6 PM","Tuesday","9 AM to 6 PM","Wednesday","9 AM to 6 PM","Thursday","9 AM to 6 PM","Friday","9 AM to 6 PM","Saturday","Closed","Sunday","Closed",,"false","(786) 423-0254","+17864230254","ChIJywUixDzn2YgRaKBKgwDZErY",,,,"33030",,"18",,"1","0","0","1","0","0","2026-10-05T10:21:41.984Z","https://www.google.com/maps/search/criminal%20defense%20lawyer/@25.434682545874,-80.32203469677728,12z?hl=en","criminal defense lawyer",,"Florida","165 NE 8th St",,"false","Law Office of Virlenys H. Palma., ESQ. P.A.","1","https://www.google.com/maps/search/?api=1&query=Law%20Office%20of%20Virlenys%20H.%20Palma.%2C%20ESQ.%20P.A.&query_place_id=ChIJywUixDzn2YgRaKBKgwDZErY","false",
,,,,,,,,,,,,,,,,,,,,,,,,,,,,"30385 S Dixie Hwy, Homestead, FL 33033","4295725647475501085","Personal injury attorney",,,,,,,,,,"Personal injury attorney",,,"12061065264700810466","Homestead","US",,,"https://lh3.googleusercontent.com/grass-cs/ACvplmP-EHCbOqtkj3fGQc2PPTcbkBFlZ9Wxyz2f5MB6m9hJ2kBjnpy9vggVpSM9DJuBNofsMpK-WbXyXPMiBBS1hmk9JEZPA-19xclZC-x2AIre1YCWFN8Zo7ajrK3L2OXqFh6gb5A=w408-h291-k-no","/g/1tfm7g6z","en",,"25.4848578","-80.4602752",,,"Monday","Open 24 hours","Tuesday","Open 24 hours","Wednesday","Open 24 hours","Thursday","Open 24 hours","Friday","Open 24 hours","Saturday","Open 24 hours","Sunday","Open 24 hours",,"false","(305) 247-7887","+13052477887","ChIJCee3f3zn2YgR4mRLu_SCYac",,,,"33033",,"9",,"12","6","0","6","0","0","2026-10-05T10:21:43.127Z","https://www.google.com/maps/search/criminal%20lawyer/@25.434682545874,-80.32203469677728,12z?hl=en","criminal lawyer",,"Florida","30385 S Dixie Hwy",,"false","Friedman Rodman Frank & Estrada, P.A.","3","https://www.google.com/maps/search/?api=1&query=Friedman%20Rodman%20Frank%20%26%20Estrada%2C%20P.A.&query_place_id=ChIJCee3f3zn2YgR4mRLu_SCYac","true","https://www.floridainjurylawyer.pro/?utm_source=google&utm_medium=local"
,,,,,,,,,,,,,,,,,,,,,,,,,,,,"3221 SE 5th Ct, Homestead, FL 33033","4910679160875033047","Private investigator",,,,,,,,,,"Private investigator",,,"14034255264874962412","Homestead","US",,,"https://streetviewpixels-pa.googleapis.com/v1/thumbnail?panoid=VSZQNEIRM--w1Cq4FEZBGA&cb_client=search.gws-prod.grass&w=408&h=240&yaw=12.162272&pitch=0&thumbfov=100","/g/11thpj57jk","en",,"25.4652402","-80.4288905",,,"Monday","6 AM to 10 PM","Tuesday","6 AM to 10 PM","Wednesday","6 AM to 10 PM","Thursday","6 AM to 10 PM","Friday","6 AM to 10 PM","Saturday","6 AM to 10 PM","Sunday","6 AM to 10 PM",,"false","(786) 807-0322","+17868070322","ChIJ4zBFo2wHRkMR7B0Hhs6ww8I",,,,"33033",,"11",,"26","25","0","1","0","0","2026-10-05T10:21:43.127Z","https://www.google.com/maps/search/criminal%20lawyer/@25.434682545874,-80.32203469677728,12z?hl=en","criminal lawyer",,"Florida","3221 SE 5th Ct",,"false","Ventura Investigations Services","4.8","https://www.google.com/maps/search/?api=1&query=Ventura%20Investigations%20Services&query_place_id=ChIJ4zBFo2wHRkMR7B0Hhs6ww8I","true",
,,,,,,,,,,,,,,,,,,,,,,,,,,,,"950 N Krome Ave, Homestead, FL 33030","14504142092051687616","Attorney",,,,,,,,,,"Attorney",,,"18074802167587331186","Homestead","US",,,"https://streetviewpixels-pa.googleapis.com/v1/thumbnail?panoid=OMGqiuKwrOH07fT6iWXrNw&cb_client=search.gws-prod.grass&w=408&h=240&yaw=135.75208&pitch=0&thumbfov=100","/g/11rghq708h","en",,"25.4796786","-80.4777988",,,"Monday","9 AM to 5 PM","Tuesday","9 AM to 5 PM","Wednesday","9 AM to 5 PM","Thursday","9 AM to 5 PM","Friday","9 AM to 5 PM","Saturday","Closed","Sunday","Closed",,"false","(305) 359-3332","+13053593332","ChIJVVWlKBPn2YgRctyAmM6Y1vo",,,,"33030",,"12",,"4","4","0","0","0","0","2026-10-05T10:21:43.127Z","https://www.google.com/maps/search/criminal%20lawyer/@25.434682545874,-80.32203469677728,12z?hl=en","criminal lawyer",,"Florida","950 N Krome Ave",,"false","Sorensen Law Firm","5","https://www.google.com/maps/search/?api=1&query=Sorensen%20Law%20Firm&query_place_id=ChIJVVWlKBPn2YgRctyAmM6Y1vo","false","https://www.sorensenlegal.com/contact"
,,,,,,,,,,,,,,,,,,,,,,,,,,,,"27132 S Dixie Hwy, Naranja, FL 33032","16079342803015352570","Criminal justice attorney","Immigration attorney","Estate planning attorney","Family law attorney","Immigration & naturalization service","Law firm","Attorney","Notary public","Real estate attorney","Translation service","Criminal justice attorney",,,"15141299653943137345","Naranja","US",,,"https://lh3.googleusercontent.com/grass-cs/ACvplmMhNqSuPh7A4teQUdk98Psl2Wb4PdLyPCNT03dTUwp84TQC8Sg1AJ0FptNupqIl8HQrG6_uom_CuLt8l1_YLNbUCeBMYANdl2XLVZ5ylNCcpOZDLwIVba_DxkcTlE1TTRIZa7GbWQ=w408-h271-k-no","/g/1tdcmryj","en",,"25.5146643","-80.4317574",,,"Monday","9 AM to 6 PM","Tuesday","9 AM to 6 PM","Wednesday","9 AM to 6 PM","Thursday","9 AM to 6 PM","Friday","9 AM to 6 PM","Saturday","9 AM to 1 PM","Sunday","Closed",,"false","(954) 306-6921","+19543066921","ChIJ0blkELkH2YgRQZQGL9CzINI",,,,"33032",,"15",,,,,,,,"2026-10-05T10:21:43.127Z","https://www.google.com/maps/search/criminal%20lawyer/@25.434682545874,-80.32203469677728,12z?hl=en","criminal lawyer",,"Florida","27132 S Dixie Hwy",,"false","Carlos E Sandoval Abogado de Inmigracion",,"https://www.google.com/maps/search/?api=1&query=Carlos%20E%20Sandoval%20Abogado%20de%20Inmigracion&query_place_id=ChIJ0blkELkH2YgRQZQGL9CzINI","false","http://www.carlosesandoval.com/"
,,,,,,,,,,,,,,,,,,,,,,,,,,,,"2639 SE 21st Ct, Homestead, FL 33035","12426430342245648974","Fingerprinting service","Firearms academy","Forensic consultant","Notary public","Passport photo processor","Private investigator",,,,,"Fingerprinting service",,,"6328145909965506579","Homestead","US",,,"https://lh3.googleusercontent.com/grass-cs/ACvplmOde7H8M992GIMrRgzIhOQ5qE5gDNEqyittLT7DYYNYqSENi8Y_hLdXo3SVKSCQHs8jl25MLXset1CIewSa_QMeyJCyauJdEFZPrBq07qal4FTGwAAjaWZTOxPt4T1L9FXV38wK=w408-h244-k-no","/g/11fx7x1dkt","en",,"25.4516996","-80.437147",,,"Monday","8 AM to 5 PM","Tuesday","8 AM to 5 PM","Wednesday","8 AM to 5 PM","Thursday","8 AM to 5 PM","Friday","8 AM to 5 PM","Saturday","11 AM to 5 PM","Sunday","11 AM to 5 PM",,"false","(786) 554-1191","+17865541191","ChIJi73K9XSy2YgRE8hVWi0X0lc",,,,"33035",,"16",,"1349","1348","0","1","0","0","2026-10-05T10:21:43.127Z","https://www.google.com/maps/search/criminal%20lawyer/@25.434682545874,-80.32203469677728,12z?hl=en","criminal lawyer",,"Florida","2639 SE 21st Ct",,"false","R.I. Investigations (Homestead Livescan Fingerprinting)","5","https://www.google.com/maps/search/?api=1&query=R.I.%20Investigations%20(Homestead%20Livescan%20Fingerprinting)&query_place_id=ChIJi73K9XSy2YgRE8hVWi0X0lc","false","https://www.rinvestigations.co/"
,,,,,,,,,,,,,,,,,,,,,,,,,,,,"31101 SW 195th Ave, Homestead, FL 33030","16816383018809705952","Martial arts school",,,,,,,,,,"Martial arts school",,,"10905005620811518863","Homestead","US",,,"https://lh3.googleusercontent.com/grass-cs/AABkmLeSQsTDkRQCE113Q4oDuDdMsJ6m62FD26zhr6BU-uC3AEhzuy-avS0EKmkM2nJT5A4WP-y-w0rP1YNFXqS7QEeKubag2j3SEDwnXCPsIA7qH0HN2z8weny3tB7LQyJEy8OHUdfk=w408-h352-k-no","/g/11rtrcy310","en",,"25.4775833","-80.5074427",,,"Monday","5 to 9 PM","Tuesday","5 to 9 PM","Wednesday","5 to 9 PM","Thursday","5 to 9 PM","Friday","5 to 7:30 PM","Saturday","10 AM to 1 PM","Sunday","Closed",,"false","(786) 681-6074","+17866816074","ChIJJ0IKUPzn2YgRj9MbvtVcVpc",,,,"33030",,"17",,"50","50","0","0","0","0","2026-10-05T10:21:43.127Z","https://www.google.com/maps/search/criminal%20lawyer/@25.434682545874,-80.32203469677728,12z?hl=en","criminal lawyer",,"Florida","31101 SW 195th Ave",,"false","Guardian Grappling & Jiu-Jitsu","5","https://www.google.com/maps/search/?api=1&query=Guardian%20Grappling%20%26%20Jiu-Jitsu&query_place_id=ChIJJ0IKUPzn2YgRj9MbvtVcVpc","false","https://guardian-grappling.netlify.app/"
,,,,,,,,,,,,,,,,,,,,,,,,,,,,"3191 Coral Wy #1005, Miami, FL 33145","1255835989807330243","Criminal justice attorney","Law firm","Attorney","Legal services",,,,,,,"Criminal justice attorney",,,"3411922404267215557","Miami","US",,,"https://lh3.googleusercontent.com/grass-cs/AABkmLcDcrWeblTaaHJK3JSvz5NohvIkJ85I9jfbooWvn3ZPyBsyvzQKWJ4h8Sr5UJ5LzgLjtjBJBlVEYgoxnR34DcRihHZldGKu3f1vV-uIDaNKbSvQyZkztZ7L_uZ7kclCe1rLmX-D=w408-h272-k-no","/g/11gy7_ndkq","en",,"25.750425","-80.2459411",,"Coral Way","Monday","9 AM to 5 PM","Tuesday","9 AM to 5 PM","Wednesday","9 AM to 5 PM","Thursday","9 AM to 5 PM","Friday","9 AM to 5 PM","Saturday","9 AM to 5 PM","Sunday","Closed",,"false","(305) 400-0074","+13054000074","ChIJl66eSUS32YgRxUqLe1mVWS8",,,,"33145",,"15",,"248","248","0","0","0","0","2026-10-05T10:21:43.558Z","https://www.google.com/maps/search/criminal%20defense%20lawyer/@25.434682545874,-80.04899409033187,12z?hl=en","criminal defense lawyer",,"Florida","3191 Coral Wy #1005",,"false","Law Office of Armando J. Hernandez, P.A.","5","https://www.google.com/maps/search/?api=1&query=Law%20Office%20of%20Armando%20J.%20Hernandez%2C%20P.A.&query_place_id=ChIJl66eSUS32YgRxUqLe1mVWS8","false","https://www.armandohernandezlaw.com/"
,,,,,,,,,,,,,,,,,,,,,,,,,,,,"169 E Flagler St Ste 1600, Miami, FL 33131","1393075945597826937","Criminal justice attorney","Law firm","Attorney","Legal services","Personal injury attorney","Trial attorney",,,,,"Criminal justice attorney",,,"239708608681538328","Miami","US",,,"https://lh3.googleusercontent.com/grass-cs/ACvplmPWLK8_w5aht2Qyt16Lw0Wj9NXBLOmaZfu-MDNwEnC6IFgOhEwZlEf2m_Cd5nzklQx1AJN_p-jCHiU6FPnbuEDeYdxWtYYP5DQaf6B_A0zYs6mLRO6BKdg6jACsICRqOsbmpIkQUA=w408-h302-k-no","/g/1tsyql72","en",,"25.7751129","-80.190772",,"Downtown Miami","Monday","Open 24 hours","Tuesday","Open 24 hours","Wednesday","Open 24 hours","Thursday","Open 24 hours","Friday","Open 24 hours","Saturday","Open 24 hours","Sunday","Open 24 hours",,"false","(305) 204-5000","+13052045000","ChIJwa26E5i32YgRGPMQprWdUwM",,,,"33131",,"17",,"416","409","4","3","0","0","2026-10-05T10:21:43.558Z","https://www.google.com/maps/search/criminal%20defense%20lawyer/@25.434682545874,-80.04899409033187,12z?hl=en","criminal defense lawyer",,"Florida","169 E Flagler St Ste 1600",,"false","Piotrowski Law","5","https://www.google.com/maps/search/?api=1&query=Piotrowski%20Law&query_place_id=ChIJwa26E5i32YgRGPMQprWdUwM","true","https://cplaw-miami.com/miami/"
,,,,,,,,,,,,,,,,,,,,,,,,,,,,"Miami Tower, 100 SE 2nd St #3400, Miami, FL 33131","10199852284359094205","Criminal justice attorney",,,,,,,,,,"Criminal justice attorney",,,"10961852921075398139","Miami","US",,,"https://lh3.googleusercontent.com/grass-cs/AABkmLezI7cow3ZOhyqZLm15EWA6iXDgzMPzRS8HQ6Q6YY50zGgEqw421x1dMGmtYIDNUElwVcDUiP-92wh70q6M9ROigSN2-F5gfCpPpIU8-7dsVO3DtrE1tLWZ2ExDDzHRgqtM22Iq=w408-h573-k-no","/g/1tgn5jvl","en",,"25.7720848","-80.1912988",,"Downtown Miami","Monday","9 AM to 5 PM","Tuesday","9 AM to 5 PM","Wednesday","9 AM to 5 PM","Thursday","9 AM to 5 PM","Friday","9 AM to 5 PM","Saturday","Closed","Sunday","Closed",,"false","(305) 854-5511","+13058545511","ChIJBaBpfmO22YgR-_XGQCdTIJg",,,,"33131",,"12",,"42","41","0","1","0","0","2026-10-05T10:21:45.146Z","https://www.google.com/maps/search/DUI%20attorney/@25.434682545874,-80.04899409033187,12z?hl=en","DUI attorney",,"Florida","Miami Tower, 100 SE 2nd St #3400",,"false","Law Offices of Robert S. Reiff, P.A.","4.9","https://www.google.com/maps/search/?api=1&query=Law%20Offices%20of%20Robert%20S.%20Reiff%2C%20P.A.&query_place_id=ChIJBaBpfmO22YgR-_XGQCdTIJg","false","http://www.duilawoffice.com/"
,,,,,,,,,,,,,,,,,,,,,,,,,,,,"2600 Douglas Rd Ste 502B, Coral Gables, FL 33134","2096696922575795918","Criminal justice attorney","Law firm","Attorney","Legal services","Trial attorney",,,,,,"Criminal justice attorney",,,"6004051713364184595","Coral Gables","US",,,"https://lh3.googleusercontent.com/grass-cs/AABkmLflOZI6eDx0fN2S_eEYie86AZ_A3u76JkBQQbd3hCRFKZZZV7KX6WBNjA4Vr4H4k-NMu1YA8Utb8RdI-359R9CVe4kaVQLtPnp4i2vlDO3Hgc56Nw3jtPgvydaCwN4nDaPiF8niIvCdx8Y=w408-h243-k-no","/g/11ks3j9qrw","en",,"25.747722","-80.2547399",,"Crafts","Monday","Open 24 hours","Tuesday","Open 24 hours","Wednesday","Open 24 hours","Thursday","Open 24 hours","Friday","Open 24 hours","Saturday","Open 24 hours","Sunday","Open 24 hours",,"false","(786) 936-1633","+17869361633","ChIJ-YoAaxS32YgRE84l9DitUlM",,,,"33134",,"14",,"45","45","0","0","0","0","2026-10-05T10:21:45.146Z","https://www.google.com/maps/search/DUI%20attorney/@25.434682545874,-80.04899409033187,12z?hl=en","DUI attorney",,"Florida","2600 Douglas Rd Ste 502B",,"false","Rossen Law Firm","5","https://www.google.com/maps/search/?api=1&query=Rossen%20Law%20Firm&query_place_id=ChIJ-YoAaxS32YgRE84l9DitUlM","true","https://www.rossenlawfirm.com/?utm_source=googlemybusiness&utm_medium=organic&utm_campaign=gbpcoral-gables"
,,,,,,,,,,,,,,,,,,,,,,,,,,,,"338 Minorca Ave, Coral Gables, FL 33134","1683289901493592752","Criminal justice attorney","Law firm","Legal services",,,,,,,,"Criminal justice attorney",,,"1692742135782075306","Coral Gables","US",,,"https://lh3.googleusercontent.com/gps-cs-s/AHRPTWlXbPG3rnyR37mDiubiokeoKavJNTO6LGQPOaRWJBNxL110mJYOhE5U1vb9e8i0QboBC8HmuUeKnvaiHhRsSCLVDeCV_fvWDrFg1G1fWO6UqpQXrPG5aVSUTgW4e2RK3RyrbSt2PQ=w426-h240-k-no","/g/1td33vtg","en",,"25.7534929","-80.2616142",,"Coral Gables Section","Monday","Open 24 hours","Tuesday","Open 24 hours","Wednesday","Open 24 hours","Thursday","Open 24 hours","Friday","Open 24 hours","Saturday","Open 24 hours","Sunday","Open 24 hours",,"false","(305) 442-0425","+13054420425","ChIJcVzrtpu32YgRqmugAwHUfRc",,,,"33134",,"7",,"113","110","1","0","1","1","2026-10-05T10:21:46.910Z","https://www.google.com/maps/search/criminal%20lawyer/@25.434682545874,-80.04899409033187,12z?hl=en","criminal lawyer",,"Florida","338 Minorca Ave",,"false","Alfredo A. Izaguirre, P.A.","4.9","https://www.google.com/maps/search/?api=1&query=Alfredo%20A.%20Izaguirre%2C%20P.A.&query_place_id=ChIJcVzrtpu32YgRqmugAwHUfRc","true","https://www.izaguirrelaw.com/?utm_campaign=gmb"
,,,,,,,,,,,,,,,,,,,,,,,,,,,,"12260 SW 8th St #124, Miami, FL 33184","14839093689817133612","Criminal justice attorney","Legal services","Law firm","Attorney",,,,,,,"Criminal justice attorney",,,"4701850103699653547","Miami","US",,,"https://lh3.googleusercontent.com/gps-cs-s/AHRPTWn0_EKwWVjOrd1r56X2Do1sHq3cYNFYBzwRl-0IVogYwWNFrWgI1AcrOeIl11DRLj2WKuKzQr8C1Ch9ep7sNCdMZYVpLqsKNxtGF6JqoPgIm3XYGnixxEGt6tG1oS9NlDEfLs8M6q46Rh4r=w408-h306-k-no","/g/1td3md7r","en",,"25.7606282","-80.3941396",,"West End","Monday","8 AM to 6 PM","Tuesday","8 AM to 6 PM","Wednesday","8 AM to 6 PM","Thursday","8 AM to 6 PM","Friday","8 AM to 6 PM","Saturday","9 AM to 2 PM","Sunday","Closed",,"false","(305) 370-3470","+13053703470","ChIJ0wIDmhm_2YgRq8MmAsJTQEE",,,,"33184",,"9",,"448","412","14","11","8","3","2026-10-05T10:21:47.787Z","https://www.google.com/maps/search/DUI%20attorney/@25.799317813859844,-80.38414492130116,17z?hl=en","DUI attorney",,"Florida","12260 SW 8th St #124",,"false","The Ticket Clinic - A Law Firm","4.8","https://www.google.com/maps/search/?api=1&query=The%20Ticket%20Clinic%20-%20A%20Law%20Firm&query_place_id=ChIJ0wIDmhm_2YgRq8MmAsJTQEE","false","https://www.theticketclinic.com/locations/tamiami-ticket-lawyer"
,,,,,,,,,,,,,,,,,,,,,,,,,,,,"1450 NW 87th Ave Ste 210, Doral, FL 33172","2777674912694056877","Immigration attorney","Bankruptcy attorney","Civil law attorney","Family law attorney","Law firm",,,,,,"Immigration attorney",,,"7705665040816699866","Doral","US",,,"https://streetviewpixels-pa.googleapis.com/v1/thumbnail?panoid=bMVgq58-QnYL6rJlqAzZjw&cb_client=search.gws-prod.gps&w=408&h=240&yaw=176.693&pitch=0&thumbfov=100","/g/11fk0b823q","en",,"25.7870253","-80.3374172",,,"Monday","9 AM to 5 PM","Tuesday","9 AM to 5 PM","Wednesday","9 AM to 5 PM","Thursday","9 AM to 5 PM","Friday","9 AM to 5 PM","Saturday","Closed","Sunday","Closed",,"false","(888) 885-3425","+18888853425","ChIJo-sXgxO52YgR2nkGPIcF8Go",,,,"33172",,"10",,"158","146","1","8","2","1","2026-10-05T10:21:47.787Z","https://www.google.com/maps/search/DUI%20attorney/@25.799317813859844,-80.38414492130116,17z?hl=en","DUI attorney",,"Florida","1450 NW 87th Ave Ste 210",,"false","PraDa Law","4.7","https://www.google.com/maps/search/?api=1&query=PraDa%20Law&query_place_id=ChIJo-sXgxO52YgR2nkGPIcF8Go","false","http://www.prada.law/"
,,,,,,,,,,,,,,,,,,,,,,,,,,,,"3785 NW 82nd Ave, Doral, FL 33166","17362154284461785128","Criminal justice attorney",,,,,,,,,,"Criminal justice attorney",,,"12506316179814607185","Doral","US",,,"https://streetviewpixels-pa.googleapis.com/v1/thumbnail?panoid=6uoevq-LUJ1qURJpT_fO-A&cb_client=search.gws-prod.gps&w=408&h=240&yaw=81.49958&pitch=0&thumbfov=100","/g/11bv1bzkkh","en",,"25.8084186","-80.3288395",,,"Monday","9 AM to 8 PM","Tuesday","9 AM to 8 PM","Wednesday","9 AM to 8 PM","Thursday","9 AM to 8 PM","Friday","9 AM to 8 PM","Saturday","Open 24 hours","Sunday","Open 24 hours",,"false","(305) 436-8005","+13054368005","ChIJVVQD1xbB2YgRUemR4k1cj60",,,,"33166",,"11",,"62","60","0","2","0","0","2026-10-05T10:21:47.787Z","https://www.google.com/maps/search/DUI%20attorney/@25.799317813859844,-80.38414492130116,17z?hl=en","DUI attorney",,"Florida","3785 NW 82nd Ave",,"false","Raymond A. Calderin, Attorney At Law","4.9","https://www.google.com/maps/search/?api=1&query=Raymond%20A.%20Calderin%2C%20Attorney%20At%20Law&query_place_id=ChIJVVQD1xbB2YgRUemR4k1cj60","false",
,,,,,,,,,,,,,,,,,,,,,,,,,,,,"1450 NW 87th Ave Ste 208, Doral, FL 33172","2681496281990689678","Criminal justice attorney","Legal services","Law firm","Attorney",,,,,,,"Criminal justice attorney",,,"12307163700715926560","Doral","US",,,"https://lh3.googleusercontent.com/gps-cs-s/AHRPTWk7GCjDI34b4sC-LOqTgrQTOHCr8yYqPrQqhDC6nLzrdTTAl18ShreE0CmLDux-g87vGeG7UQJGMh9ARwMxCX2JRaWTE55Dp2cIFXJl4seN2nxexw0w03bnGkaf1Oq1tfVCgJIOisfrdXE5=w408-h272-k-no","/g/1tg4xn8n","en",,"25.7870414","-80.3373747",,,"Monday","9 AM to 6 PM","Tuesday","9 AM to 6 PM","Wednesday","9 AM to 6 PM","Thursday","9 AM to 6 PM","Friday","9 AM to 6 PM","Saturday","9 AM to 2 PM","Sunday","Closed",,"false","(786) 360-0650","+17863600650","ChIJd3XRKli52YgRIDTB_S3Uy6o",,,,"33172",,"13",,"155","131","8","10","5","1","2026-10-05T10:21:47.787Z","https://www.google.com/maps/search/DUI%20attorney/@25.799317813859844,-80.38414492130116,17z?hl=en","DUI attorney",,"Florida","1450 NW 87th Ave Ste 208",,"false","The Ticket Clinic - A Law Firm","4.6","https://www.google.com/maps/search/?api=1&query=The%20Ticket%20Clinic%20-%20A%20Law%20Firm&query_place_id=ChIJd3XRKli52YgRIDTB_S3Uy6o","false","https://www.theticketclinic.com/locations/doral"
,,,,,,,,,,,,,,,,,,,,,,,,,,,,"8725 NW 18th Terrace Ste 304, Doral, FL 33172","11022024973215252353","Personal injury attorney","Civil law attorney","Law firm","Attorney","Legal services","Trial attorney",,,,,"Personal injury attorney",,,"8438537215369006134","Doral","US",,,"https://lh3.googleusercontent.com/gps-cs-s/AHRPTWkUFhaaYD6TplLoCq_h1fdva8qgUbDUPWefJXRv-iwhLNkUVGOz_-LlQ11j3GYjigJbtcJKb1e7ITltTjVMVPwHTnIMXJas07fxfqnBfwQb6QiAchJCqdbpORCJXas4I07qzl8JSQ=w408-h544-k-no","/g/11mv_4kc6j","en",,"25.7918377","-80.3378681",,,"Monday","Open 24 hours","Tuesday","Open 24 hours","Wednesday","Open 24 hours","Thursday","Open 24 hours","Friday","Open 24 hours","Saturday","Open 24 hours","Sunday","Open 24 hours",,"false","(305) 686-2571","+13056862571","ChIJwdCiivK52YgRNsz7WeO0G3U",,,,"33172",,"15",,"573","569","1","1","1","1","2026-10-05T10:21:47.787Z","https://www.google.com/maps/search/DUI%20attorney/@25.799317813859844,-80.38414492130116,17z?hl=en","DUI attorney",,"Florida","8725 NW 18th Terrace Ste 304",,"false","Jesus R. Gonzalez, PA - Tu Abogado de Accidentes","5","https://www.google.com/maps/search/?api=1&query=Jesus%20R.%20Gonzalez%2C%20PA%20-%20Tu%20Abogado%20de%20Accidentes&query_place_id=ChIJwdCiivK52YgRNsz7WeO0G3U","true","https://miatriallaw.com/?utm_source=google&utm_medium=organic&utm_campaign=gbp"
,,,,,,,,,,,,,,,,,,,,,,,,,,,,"8200 NW 41st St Suite 200, Doral, FL 33166",,"Criminal justice attorney","Law firm","Family law attorney",,,,,,,,"Criminal justice attorney",,,"4798848658661138877","Doral","US",,,"https://streetviewpixels-pa.googleapis.com/v1/thumbnail?panoid=eQDTC1aWvyU7FH5RXmP9WA&cb_client=search.gws-prod.gps&w=408&h=240&yaw=176.34169&pitch=0&thumbfov=100","/g/11xkynwr0h","en",,"25.8110581","-80.3306099",,,"Monday","9 AM to 5 PM","Tuesday","9 AM to 5 PM","Wednesday","9 AM to 5 PM","Thursday","9 AM to 5 PM","Friday","9 AM to 5 PM","Saturday","Closed","Sunday","Closed",,"false","(305) 358-8003","+13053588003","ChIJIdG7U1a52YgRvWFb_m3vmEI",,,,"33166",,"20",,"7","6","0","1","0","0","2026-10-05T10:21:47.787Z","https://www.google.com/maps/search/DUI%20attorney/@25.799317813859844,-80.38414492130116,17z?hl=en","DUI attorney",,"Florida","8200 NW 41st St Suite 200",,"false","Petkovich Law Firm P.A.","4.4","https://www.google.com/maps/search/?api=1&query=Petkovich%20Law%20Firm%20P.A.&query_place_id=ChIJIdG7U1a52YgRvWFb_m3vmEI","false","https://www.petkovichlawfirm.com/"
,,,,,,,,,,,,,,,,,,,,,,,,,,,,"11401 SW 40th St #250, Miami, FL 33165","17395541649732319564","Personal injury attorney","Legal services",,,,,,,,,"Personal injury attorney",,,"17292378942100169887","Miami","US",,,"https://lh3.googleusercontent.com/grass-cs/ACvplmPrSui5IL9TFsQZQaWProy6OXS2F5bwQIQk3jaoLFiePlMkQ8WO8A_aGCUj7H95ZYd5GbPoFNzFoJWdH8cGytVjt740d-4oxQw3l3W-iLkG0quwJh3XOOzENKT9SYi999OC6hchtZM1v64i=w408-h348-k-no","/g/11gff385r8","en",,"25.7327108","-80.3802183",,"University Park","Monday","Open 24 hours","Tuesday","Open 24 hours","Wednesday","Open 24 hours","Thursday","Open 24 hours","Friday","Open 24 hours","Saturday","Open 24 hours","Sunday","Open 24 hours",,"false","(305) 574-9302","+13055749302","ChIJI3pFGVu_2YgRn2RTZQff-u8",,,,"33165",,"14",,"732","692","9","30","1","0","2026-10-05T10:21:47.831Z","https://www.google.com/maps/search/criminal%20defense%20lawyer/@25.799317813859844,-80.38414492130116,17z?hl=en","criminal defense lawyer",,"Florida","11401 SW 40th St #250",,"false","The Law Office of Ralph Sanchez","4.8","https://www.google.com/maps/search/?api=1&query=The%20Law%20Office%20of%20Ralph%20Sanchez&query_place_id=ChIJI3pFGVu_2YgRn2RTZQff-u8","true","https://ralphsanchezlaw.com/"
,,,,,,,,,,,,,,,,,,,,,,,,,,,,"3105 NW 107th Ave Ste 103, Doral, FL 33172","14728464081014668377","Attorney",,,,,,,,,,"Attorney",,,"8360398786973056051","Doral","US",,,"https://lh3.googleusercontent.com/grass-cs/ACvplmPY2UYuR46ABPHQ7Jagt7pyu1Dl7mNQnH_rHXJQlP7TLDb52pHoPg69BNEmMnMDguLxTv0w7pycx3uKiAhbZrlkpK4p2K_derO-tOZZWuy3qjQ8bIqHMv6P5kNzj7OoG9QLh1gyKmcaW28N=w408-h280-k-no","/g/1td_j1d4","en",,"25.8028835","-80.3679964",,,"Monday","9 AM to 5 PM","Tuesday","9 AM to 5 PM","Wednesday","9 AM to 5 PM","Thursday","9 AM to 5 PM","Friday","9 AM to 5 PM","Saturday","Closed","Sunday","Closed",,"false","(305) 436-1410","+13054361410","ChIJC3cAVaG-2YgRM7wixmYaBnQ",,,,"33172",,"8",,"78","70","0","6","0","2","2026-10-05T10:21:51.330Z","https://www.google.com/maps/search/criminal%20lawyer/@25.799317813859844,-80.38414492130116,17z?hl=en","criminal lawyer",,"Florida","3105 NW 107th Ave Ste 103",,"false","Sanchez and Vadillo LLP","4.6","https://www.google.com/maps/search/?api=1&query=Sanchez%20and%20Vadillo%20LLP&query_place_id=ChIJC3cAVaG-2YgRM7wixmYaBnQ","false","https://www.svlawus.com/"
,,,,,,,,,,,,,,,,,,,,,,,,,,,,"1835 NW 112th Ave #164, Miami, FL 33172","12551951796139969843","Personal injury attorney","Employment attorney","Attorney",,,,,,,,"Personal injury attorney",,,"810053881039292483","Miami","US",,,"https://lh3.googleusercontent.com/grass-cs/ACvplmOwA7ApPUi3msu1lqYD9zOm0SjrmAylaA2fayNrr7P8hZ_x2P2mchZ4O67K3JqhsYXdGZZP1IN-olYhaWELwRepi7AHkb2UBeu25l6je0XPXMqEAkDkmXjMqy683rAQibU2HgwpSw=w457-h240-k-no","/g/11g8cxgdvr","en",,"25.7917118","-80.3761982",,,"Monday","Open 24 hours","Tuesday","Open 24 hours","Wednesday","Open 24 hours","Thursday","Open 24 hours","Friday","Open 24 hours","Saturday","Open 24 hours","Sunday","Open 24 hours",,"false","(800) 311-2742","+18003112742","ChIJfwWkcXy52YgRQwhGhLbjPQs",,,,"33172",,"9",,"63","59","0","3","0","1","2026-10-05T10:21:51.331Z","https://www.google.com/maps/search/criminal%20lawyer/@25.799317813859844,-80.38414492130116,17z?hl=en","criminal lawyer",,"Florida","1835 NW 112th Ave #164",,"false","Ovadia Law Group, PA","4.8","https://www.google.com/maps/search/?api=1&query=Ovadia%20Law%20Group%2C%20PA&query_place_id=ChIJfwWkcXy52YgRQwhGhLbjPQs","true","https://www.wesetthestandards.com/?utm_source=GMB&utm_medium=organic&utm_campaign=miami"
,,,,,,,,,,,,,,,,,,,,,,,,,,,,"3105 NW 107th Ave #400-D6, Doral, FL 33172","3808330760376009964","Law firm",,,,,,,,,,"Law firm",,,"9101981770015873415","Doral","US",,,"https://lh3.googleusercontent.com/grass-cs/ACvplmP5uN56sje2YK6giyGXJTiZnZ9lzuvQpqAWS2jxJkF_fyURswNpGy562YRhQaLYtsrGJ37B2LoXCq-4eDw-JpvcmAtC1J_RJfZDHDjj1ZjD9exntMk25Z8AcSi4uRlwVAdSQbqN=w408-h612-k-no","/g/11js8nr8l3","en",,"25.8028835","-80.3679964",,,"Monday","9 AM to 5 PM","Tuesday","9 AM to 5 PM","Wednesday","9 AM to 5 PM","Thursday","9 AM to 5 PM","Friday","9 AM to 5 PM","Saturday","Closed","Sunday","Closed",,"false","(305) 204-6448","+13052046448","ChIJEYIuBhC_2YgRh5ngCTK8UH4",,,,"33172",,"15",,"4","4","0","0","0","0","2026-10-05T10:21:51.331Z","https://www.google.com/maps/search/criminal%20lawyer/@25.799317813859844,-80.38414492130116,17z?hl=en","criminal lawyer",,"Florida","3105 NW 107th Ave #400-D6",,"false","The Law Firm of Gabrielle F. McCabe","5","https://www.google.com/maps/search/?api=1&query=The%20Law%20Firm%20of%20Gabrielle%20F.%20McCabe&query_place_id=ChIJEYIuBhC_2YgRh5ngCTK8UH4","false",
,,,,,,,,,,,,,,,,,,,,,,,,,,,,"1695 NW 110th Ave Ste 209, Doral, FL 33172","9671654904513594533","Immigration attorney",,,,,,,,,,"Immigration attorney",,,"16381125816940642740","Doral","US",,,"https://lh3.googleusercontent.com/grass-cs/ACvplmO2_cdB1x3vjHrn8VYxpCR_CP8gYoFVvH90fz18FDYQeXrYkJi7H3D4eT0muYNqUEZOod7qP-OkVc3g1vsyuZQrepxapgaJo2T8RFAIKXLUWcmuNtsOtN4zKLXmreB1oXfp9udzTA=w408-h272-k-no","/g/1tfv1c19","en",,"25.7890014","-80.3732594",,,"Monday","9 AM to 5 PM","Tuesday","9 AM to 5 PM","Wednesday","9 AM to 5 PM","Thursday","9 AM to 5 PM","Friday","9 AM to 5 PM","Saturday","Closed","Sunday","Closed",,"false","(305) 860-9333","+13058609333","ChIJt7OU4GG22YgRtEG6uyNzVeM",,,,"33172",,"19",,"182","167","4","9","1","1","2026-10-05T10:21:51.331Z","https://www.google.com/maps/search/criminal%20lawyer/@25.799317813859844,-80.38414492130116,17z?hl=en","criminal lawyer",,"Florida","1695 NW 110th Ave Ste 209",,"false","Lizette M. Sierra P.A.","4.8","https://www.google.com/maps/search/?api=1&query=Lizette%20M.%20Sierra%20P.A.&query_place_id=ChIJt7OU4GG22YgRtEG6uyNzVeM","false","http://www.lsierralaw.com/"
,,,,,,,,,,,,,,,,,,,,,,,,,,,,"8700 W Flagler St Ste. 380, Miami, FL 33174","13362312281283872747","Criminal justice attorney","Personal injury attorney","Immigration attorney",,,,,,,,"Criminal justice attorney",,,"6196452258430547922","Miami","US",,,"https://lh3.googleusercontent.com/grass-cs/ACvplmMnquEWu9sp6hcfuGPwNpIUwVfeed80agyZ3vyKHoXPH9QgVcI1ACothm5NKLWwXxuKg9OT_A1emyXM5684AS8qlUarzAB_dFrm0xod5KN83vf8Lj8vIFcFxuyGRafdIeL9aP0=w408-h544-k-no","/g/1th0z4pc","en",,"25.7685486","-80.337497",,,"Monday","8 AM to 7 PM","Tuesday","8 AM to 7 PM","Wednesday","8 AM to 7 PM","Thursday","8 AM to 7 PM","Friday","8 AM to 7 PM","Saturday","9 AM to 4 PM","Sunday","Closed",,"false","(305) 883-7272","+13058837272","ChIJYRCV3B252YgR0ndrs384_lU",,,,"33174",,"13",,"6932","6513","97","270","29","23","2026-10-05T10:21:51.966Z","https://www.google.com/maps/search/criminal%20lawyer/@25.807050348315908,-80.38414492130116,17z?hl=en","criminal lawyer",,"Florida","8700 W Flagler St Ste. 380",,"false","Alex Hanna Law","4.8","https://www.google.com/maps/search/?api=1&query=Alex%20Hanna%20Law&query_place_id=ChIJYRCV3B252YgR0ndrs384_lU","false","http://alexhanna.com/"
,,,,,,,,,,,,,,,,,,,,,,,,,,,,"8750 NW 36th St #570, Doral, FL 33178","16345392810970628187","Criminal justice attorney","Business attorney","Civil law attorney","Immigration attorney","Law firm",,,,,,"Criminal justice attorney",,,"11644707252836002209","Doral","US",,,"https://streetviewpixels-pa.googleapis.com/v1/thumbnail?panoid=BwyUX0abDtyUQ52JAde08g&cb_client=search.gws-prod.grass&w=408&h=240&yaw=77.41803&pitch=0&thumbfov=100","/g/11fthcnbr2","en",,"25.809595","-80.339001",,,"Monday","9 AM to 5 PM","Tuesday","9 AM to 5 PM","Wednesday","9 AM to 5 PM","Thursday","9 AM to 5 PM","Friday","9 AM to 5 PM","Saturday","Closed","Sunday","Closed",,"false","(305) 257-9718","+13052579718","ChIJ0wCQ0iO32YgRoWm01oxPmqE",,,,"33178",,"16",,"7","7","0","0","0","0","2026-10-05T10:21:51.966Z","https://www.google.com/maps/search/criminal%20lawyer/@25.807050348315908,-80.38414492130116,17z?hl=en","criminal lawyer",,"Florida","8750 NW 36th St #570",,"false","DMR Law","5","https://www.google.com/maps/search/?api=1&query=DMR%20Law&query_place_id=ChIJ0wCQ0iO32YgRoWm01oxPmqE","false","https://www.dmralaw.com/?utm_source=google&utm_medium=organic&utm_campaign=gbp-listing-miami"
,,,,,,,,,,,,,,,,,,,,,,,,,,,,"5245 NW 36th St Ste 230, Miami Springs, FL 33166","5689016610515649605","Criminal justice attorney",,,,,,,,,,"Criminal justice attorney",,,"4080825951383663720","Miami Springs","US",,,"https://lh3.googleusercontent.com/grass-cs/ACvplmMenX3OlssnLQSeNQD1g30S5ZGZQecD_nCYcnVa5aT14TmgztfNYB3SZkRNFcKUHGvNVj9Qou1tR_Z62xbK8NdQorHsCyz7gdkwgpJos2kta3cCOPxQkNftVB65k9BRT6AUGQk=w648-h240-k-no","/g/11fl7f7yh_","en",,"25.8081673","-80.2801618",,,"Monday","Open 24 hours","Tuesday","Open 24 hours","Wednesday","Open 24 hours","Thursday","Open 24 hours","Friday","Open 24 hours","Saturday","Open 24 hours","Sunday","Open 24 hours",,"false","(305) 791-6529","+13057916529","ChIJDef576-52YgRaDRr5pQBojg",,,,"33166",,"20",,"33","32","0","1","0","0","2026-10-05T10:21:55.370Z","https://www.google.com/maps/search/criminal%20lawyer/@25.814782882771972,-80.38414492130116,17z?hl=en","criminal lawyer",,"Florida","5245 NW 36th St Ste 230",,"false","Concepcion Law","4.9","https://www.google.com/maps/search/?api=1&query=Concepcion%20Law&query_place_id=ChIJDef576-52YgRaDRr5pQBojg","true","http://www.lconcepcionlaw.com/"
,,,,,,,,,,,,,,,,,,,,,,,,,,,,"1395 NW 15th St Fl 2, Miami, FL 33125","15378978566053842742","Criminal justice attorney",,,,,,,,,,"Criminal justice attorney",,,"17869439030152146249","Miami","US",,,"https://lh3.googleusercontent.com/grass-cs/ACvplmOOQ9y1sWgcp32IUYtE5kElFo_ZOKczRaUO-f-mnFipY7yDJLy7Lqo6prAl8ZtdQVnYLM0jgpWXBYzpNFQ0r2zPpjzNvuc2tB7slyUBnW3tVFu6kbOPcx1Nc3Yw18PZ7-ZREgqP=w408-h389-k-no","/g/1q5bmdl4f","en",,"25.7896058","-80.218906",,"Allapattah",,,,,,,,,,,,,,,,"false","(305) 326-0330","+13053260330","ChIJETSgV8S22YgRSS24Hx8A_fc",,,,"33125",,"20",,"346","338","1","7","0","0","2026-10-05T10:21:59.295Z","https://www.google.com/maps/search/criminal%20lawyer/@25.822515417228036,-80.38414492130116,17z?hl=en","criminal lawyer",,"Florida","1395 NW 15th St Fl 2",,"false","Kenneth L. Weisman","4.9","https://www.google.com/maps/search/?api=1&query=Kenneth%20L.%20Weisman&query_place_id=ChIJETSgV8S22YgRSS24Hx8A_fc",,
,,,,,,,,,,,,,,,,,,,,,,,,,,,,"2921 SW 27th Ave, Miami, FL 33133","17370552468578526478","Criminal justice attorney",,,,,,,,,,"Criminal justice attorney",,,"18407411930251334469","Miami","US",,,"https://lh3.googleusercontent.com/grass-cs/ACvplmMgVm0ZXxSUhXqsfEK__V5yxhrX_RPQKmh1cKnDAv8T9K0CSKcLELw2l6ZNI9fzLAByTinlbwRD16lglPkVzpuGvpeHEpwq-NQSkClNe5vs41mXTdVKvCbbTaKXcOnsq_ZGc_w=w436-h240-k-no","/g/11dzdf31sc","en",,"25.737222","-80.237581",,"Coconut Grove","Monday","7 AM to 6:30 PM","Tuesday","7 AM to 6:30 PM","Wednesday","7 AM to 6:30 PM","Thursday","7 AM to 6:30 PM","Friday","7 PM to 12 AM","Saturday","12 AM to 6:30 PM","Sunday","Closed",,"false","(305) 567-1011","+13055671011","ChIJ62UB_bW32YgRRRPruJ9DdP8",,,,"33133",,"19",,"19","19","0","0","0","0","2026-10-05T10:22:00.874Z","https://www.google.com/maps/search/drug%20crime%20lawyer/@25.8302479516841,-80.38414492130116,17z?hl=en","drug crime lawyer",,"Florida","2921 SW 27th Ave",,"false","The Criminal Defense Center PA","5","https://www.google.com/maps/search/?api=1&query=The%20Criminal%20Defense%20Center%20PA&query_place_id=ChIJ62UB_bW32YgRRRPruJ9DdP8","false","https://www.marklefcourtlegaldefense.com/"
,,,,,,,,,,,,,,,,,,,,,,,,,,,,"1014 W 49th St, Hialeah, FL 33012","1076454293975575732","Law firm",,,,,,,,,,"Law firm",,,"15907471278512532277","Hialeah","US",,,"https://lh3.googleusercontent.com/gps-cs-s/AHRPTWk6RS1nWlqXZzVO6lsdoYSmKzaMYxPB51zBE5VEJ9qNG-vdxqDLwjLJ4k7CLpictrTBnmKbkPmjVjA0VsMsq4YaZ13QWpYs05UemmfJFXu1CYivfQRfHPkLUAIhawPmVb0xeX3E=w415-h240-k-no","/g/1tdmwd_0","en",,"25.8664253","-80.3040423",,,"Monday","Open 24 hours","Tuesday","Open 24 hours","Wednesday","Open 24 hours","Thursday","Open 24 hours","Friday","Open 24 hours","Saturday","Closed","Sunday","Open 24 hours",,"false","(305) 822-2901","+13058222901","ChIJARt9ZEml2YgRNet3rtiwwtw",,,,"33012",,"16",,"178","174","1","2","0","1","2026-10-05T10:22:01.215Z","https://www.google.com/maps/search/criminal%20lawyer/@25.8302479516841,-80.38414492130116,17z?hl=en","criminal lawyer",,"Florida","1014 W 49th St",,"false","Jauregui Law","4.9","https://www.google.com/maps/search/?api=1&query=Jauregui%20Law&query_place_id=ChIJARt9ZEml2YgRNet3rtiwwtw","true","http://www.jaureguilaw.com/"
,,,,,,,,,,,,,,,,,,,,,,,,,,,,"3785 NW 82nd Ave Suite 403, Doral, FL 33166","7306843704187264201","Attorney","Law firm","Legal services",,,,,,,,"Attorney",,,"1180058401251070331","Doral","US",,,"https://lh3.googleusercontent.com/gps-cs-s/AHRPTWkhUYMNUkp8KSX092w9eCYUkVCcLqfLyikVKPzq3lK9OcWKyIYxnrGqKdPjjZqtZMzjJzRVYDpbSW2XqxC0Q8GadTHLijiQlEBQ4cd15Uw23sgO_oVPuM04d4CPWFxFLMVOwGkW=w408-h306-k-no","/g/11lsmszrm2","en",,"25.8084186","-80.3288395",,,"Monday","9 AM to 5:30 PM","Tuesday","9 AM to 5:30 PM","Wednesday","9 AM to 5:30 PM","Thursday","9 AM to 5:30 PM","Friday","9 AM to 5:30 PM","Saturday","Closed","Sunday","Closed",,"false","(305) 227-4271","+13052274271","ChIJIUvU6-O52YgRexHJHN1oYBA",,,,"33166",,"18",,"34","31","2","1","0","0","2026-10-05T10:22:01.215Z","https://www.google.com/maps/search/criminal%20lawyer/@25.8302479516841,-80.38414492130116,17z?hl=en","criminal lawyer",,"Florida","3785 NW 82nd Ave Suite 403",,"false","305 Ticket Defense","4.8","https://www.google.com/maps/search/?api=1&query=305%20Ticket%20Defense&query_place_id=ChIJIUvU6-O52YgRexHJHN1oYBA","false","http://www.305ticketdefense.com/"
,,,,,,,,,,,,,,,,,,,,,,,,,,,,"14 NE 1st Ave Ste 300, Miami, FL 33132","16196174755515687039","Criminal justice attorney","Law firm","Attorney","Legal services",,,,,,,"Criminal justice attorney",,,"16870001719047666634","Miami","US",,,"https://lh3.googleusercontent.com/grass-cs/ACvplmNx7G5uzHnF_MHhQkRxeCsm8nb29abKmkw7AmMyZVBlXrTqxbnu7XR4SpD-iftEsosSeJi5f3DYiK8BETxUlf6ASTUro9mNHKhWsA_xzRdwiopHqfObBtvEh_W0aZBqlDSt0Mci=w408-h306-k-no","/g/119vy2qy0","en",,"25.7743082","-80.1920771",,"Government Center","Monday","8 AM to 7 PM","Tuesday","8 AM to 7 PM","Wednesday","8 AM to 7 PM","Thursday","8 AM to 7 PM","Friday","8 AM to 7 PM","Saturday","Closed","Sunday","Closed",,"false","(305) 799-0111","+13057990111","ChIJI-cZR5S32YgRyrsQsC5JHuo",,,,"33132",,"16",,"258","256","0","2","0","0","2026-10-05T10:22:02.774Z","https://www.google.com/maps/search/criminal%20defense%20lawyer/@25.681863654126005,-80.32203469677728,12z?hl=en","criminal defense lawyer",,"Florida","14 NE 1st Ave Ste 300",,"false","The Law Offices of Richard L. Cooper, P.A.","5","https://www.google.com/maps/search/?api=1&query=The%20Law%20Offices%20of%20Richard%20L.%20Cooper%2C%20P.A.&query_place_id=ChIJI-cZR5S32YgRyrsQsC5JHuo","false","https://www.richardlcooper.com/?utm_source=google-local&utm_medium=organic&utm_campaign=1476"
,,,,,,,,,,,,,,,,,,,,,,,,,,,,"5975 Sunset Dr #502, South Miami, FL 33143","1137461559248860002","Criminal justice attorney","Law firm","Attorney","Legal services",,,,,,,"Criminal justice attorney",,,"11624824706334038144","South Miami","US",,,"https://lh3.googleusercontent.com/grass-cs/ACvplmODYZx1aZbQspIFbBw7QYdFKk2kGPr9XhbIUYNYOkQPp2XvIYvcVSxasMwfxpBJeMIen7rQpfVsxCZvj1xxyOlWi1SIRUU9yIClAYy3LqiVBa5lw5-VMUfrwm03SRplNc5QS3Kj=w456-h240-k-no","/g/11b76dzjkc","en",,"25.7047324","-80.2906451",,,"Monday","Open 24 hours","Tuesday","Open 24 hours","Wednesday","Open 24 hours","Thursday","Open 24 hours","Friday","Open 24 hours","Saturday","Open 24 hours","Sunday","Open 24 hours",,"false","(305) 665-9040","+13056659040","ChIJz3yM0u_H2YgRgJg5vXqsU6E",,,,"33143",,"22",,"152","152","0","0","0","0","2026-10-05T10:22:03.025Z","https://www.google.com/maps/search/DUI%20attorney/@25.681863654126005,-80.32203469677728,12z?hl=en","DUI attorney",,"Florida","5975 Sunset Dr #502",,"false","Hubbs Law, P.A.","5","https://www.google.com/maps/search/?api=1&query=Hubbs%20Law%2C%20P.A.&query_place_id=ChIJz3yM0u_H2YgRgJg5vXqsU6E","true","https://www.hubbslawfirm.com/"
,,,,,,,,,,,,,,,,,,,,,,,,,,,,"4649 Ponce de Leon Blvd Ste 301, Coral Gables, FL 33146","9262058509943052105","Criminal justice attorney","Law firm","Attorney",,,,,,,,"Criminal justice attorney",,,"2290661738527327768","Coral Gables","US",,,"https://lh3.googleusercontent.com/grass-cs/ACvplmPhztuW_GmS8XpAfW1EDqKYBCuvHBEA222cA9nZ3EsDB2VplV2I_t-M_c4mxK-0Un833-P-r-L31RbCKpUGFH3rDRVWbvko6yN1qHEovijXOUFNzYyGER8ia4MNvjOO6ZDa2ynn=w408-h306-k-no","/g/1262llp09","en",,"25.7265248","-80.2634506",,"Riviera","Monday","Open 24 hours","Tuesday","Open 24 hours","Wednesday","Open 24 hours","Thursday","Open 24 hours","Friday","Open 24 hours","Saturday","Open 24 hours","Sunday","Open 24 hours",,"false","(305) 665-3978","+13056653978","ChIJNQsT_5O32YgRGAaA-bYQyh8",,,,"33146",,"23",,"124","122","2","0","0","0","2026-10-05T10:22:03.025Z","https://www.google.com/maps/search/DUI%20attorney/@25.681863654126005,-80.32203469677728,12z?hl=en","DUI attorney",,"Florida","4649 Ponce de Leon Blvd Ste 301",,"false","The Law Office of Matthew E. Ladd","5","https://www.google.com/maps/search/?api=1&query=The%20Law%20Office%20of%20Matthew%20E.%20Ladd&query_place_id=ChIJNQsT_5O32YgRGAaA-bYQyh8","true","https://www.mllawmiami.com/"
,,,,,,,,,,,,,,,,,,,,,,,,,,,,"10631 N Kendall Dr #260, Miami, FL 33176","16260571059218636582","Law firm","Criminal justice attorney","Personal injury attorney","Real estate attorney",,,,,,,"Law firm",,,"2328511598093406662","Miami","US",,,"https://lh3.googleusercontent.com/grass-cs/ACvplmNIMyK5jB9PROYRDKdVqscxA1mL6NkeHZmF84r5qCiI5NFgb2e4nv864IN4tVxEIwuk0hrwnzKrR9QOPWk4OJ_zWZqZr6YfSixf7ai6g8bOmFwVPWNsYxgjYddtXQN9bq3cVdsojddF2vAb=w408-h258-k-no","/g/1tfmd0wn","en",,"25.688151","-80.364177",,,"Monday","8:30 AM to 6:30 PM","Tuesday","8:30 AM to 6:30 PM","Wednesday","8:30 AM to 6:30 PM","Thursday","8:30 AM to 6:30 PM","Friday","8:30 AM to 6:30 PM","Saturday","Closed","Sunday","Closed",,"false","(305) 262-2728","+13052622728","ChIJ78lTkzLH2YgRxhG8I_aIUCA",,,,"33176",,"24",,"341","325","5","10","1","0","2026-10-05T10:22:03.025Z","https://www.google.com/maps/search/DUI%20attorney/@25.681863654126005,-80.32203469677728,12z?hl=en","DUI attorney",,"Florida","10631 N Kendall Dr #260",,"false","Ferrer & Gonzalez, PL","4.9","https://www.google.com/maps/search/?api=1&query=Ferrer%20%26%20Gonzalez%2C%20PL&query_place_id=ChIJ78lTkzLH2YgRxhG8I_aIUCA","false","http://www.ferrerlaw.com/"
,,,,,,,,,,,,,,,,,,,,,,,,,,,,"9835 SW 72nd St Ste 205, Miami, FL 33173","2979495292039348190","Criminal justice attorney","Family law attorney",,,,,,,,,"Criminal justice attorney",,,"9156715987327031625","Miami","US",,,"https://lh3.googleusercontent.com/grass-cs/ACvplmOclhaQMNXm8Kkpx2PszQOuMhcxFMUODBg5vD8JxeaRl2eg4snuHn4q5Vca-azz6EDleI9R1XGu7bGB30RajMeo_aNnL86R0Ts7YSlp3t3cHIUBCrA0ZGjQFpCxvHG0dNxLCWazx4RDiaY=w408-h544-k-no","/g/1hc0ss1q0","en",,"25.7022259","-80.3530819",,,"Monday","9 AM to 5 PM","Tuesday","9 AM to 5 PM","Wednesday","9 AM to 5 PM","Thursday","9 AM to 5 PM","Friday","9 AM to 5 PM","Saturday","Closed","Sunday","Closed",,"false","(305) 630-9502","+13056309502","ChIJKd__QUbH2YgRSZnEFa0wE38",,,,"33173",,"25",,"86","83","1","2","0","0","2026-10-05T10:22:03.025Z","https://www.google.com/maps/search/DUI%20attorney/@25.681863654126005,-80.32203469677728,12z?hl=en","DUI attorney",,"Florida","9835 SW 72nd St Ste 205",,"false","Mirsky Law Firm","4.9","https://www.google.com/maps/search/?api=1&query=Mirsky%20Law%20Firm&query_place_id=ChIJKd__QUbH2YgRSZnEFa0wE38","false","http://mirskylawfirm.com/"
,,,,,,,,,,,,,,,,,,,,,,,,,,,,"14707 S Dixie Hwy #302, Miami, FL 33176","15472647842328625256","Criminal justice attorney","Family law attorney",,,,,,,,,"Criminal justice attorney",,,"12808099232961347439","Miami","US",,,"https://lh3.googleusercontent.com/grass-cs/ACvplmOB7KUYLqMyDbmrkPDaLhhr2_9B6bmPlZ5l8vV182ppd5olKRAp_djz50mbNt25n_ymC4zLuvCkuijOG_dt-nwJR6KVIF7NbVRHPHq-RZB2x1iXIavJJwHOyS00m_rCL0EAa7a1tw=w426-h240-k-no","/g/1thgc7x1","en",,"25.6333949","-80.3384999",,,"Monday","9 AM to 5 PM","Tuesday","9 AM to 5 PM","Wednesday","9 AM to 5 PM","Thursday","9 AM to 5 PM","Friday","9 AM to 5 PM","Saturday","Closed","Sunday","Closed",,"false","(305) 442-0200","+13054420200","ChIJKcO5XZnG2YgRbz-dZGSCv7E",,,,"33176",,"27",,"49","43","0","5","1","0","2026-10-05T10:22:03.025Z","https://www.google.com/maps/search/DUI%20attorney/@25.681863654126005,-80.32203469677728,12z?hl=en","DUI attorney",,"Florida","14707 S Dixie Hwy #302",,"false","Spatz Law Firm","4.6","https://www.google.com/maps/search/?api=1&query=Spatz%20Law%20Firm&query_place_id=ChIJKcO5XZnG2YgRbz-dZGSCv7E","false","https://www.spatzlawfirm.com/"
,,,,,,,,,,,,,,,,,,,,,,,,,,,,"2103 Coral Wy #401, Miami, FL 33145","8335366680119084910","Criminal justice attorney","Family law attorney","Law firm","Legal services",,,,,,,"Criminal justice attorney",,,"13587742301499743616","Miami","US",,,"https://lh3.googleusercontent.com/grass-cs/ACvplmMUKJP3Fqh-KweSH2SEXtHkmpos4tNWM72bqvx-3TKrazYKSgmarUAhsa_u6ecrxgLLxjyVeBYjqr2EgDpDcrcB82ouIa4aekFAUu0uH8MjdfpZ8VHapwZ_H1z357AFWYdBEUVWRA=w408-h408-k-no","/g/1q5bp7ypc","en",,"25.7509093","-80.2287232",,"Coral Way","Monday","9 AM to 5 PM","Tuesday","9 AM to 5 PM","Wednesday","9 AM to 5 PM","Thursday","9 AM to 5 PM","Friday","9 AM to 4 PM","Saturday","Closed","Sunday","Closed",,"false","(305) 521-0484","+13055210484","ChIJ529yWtS72YgRgN1w3KFbkbw",,,,"33145",,"28",,"127","125","1","0","1","0","2026-10-05T10:22:03.025Z","https://www.google.com/maps/search/DUI%20attorney/@25.681863654126005,-80.32203469677728,12z?hl=en","DUI attorney",,"Florida","2103 Coral Wy #401",,"false","The Kirlew Law Firm, PLLC","5","https://www.google.com/maps/search/?api=1&query=The%20Kirlew%20Law%20Firm%2C%20PLLC&query_place_id=ChIJ529yWtS72YgRgN1w3KFbkbw","false","http://www.kirlewlawfirm.com/?utm_source=gmb&utm_medium=organic&utm_content=listing&utm_campaign=local"
,,,,,,,,,,,,,,,,,,,,,,,,,,,,"122 Minorca Ave, Coral Gables, FL 33134","7441194847039050945","Attorney",,,,,,,,,,"Attorney",,,"454270280023082668","Coral Gables","US",,,"https://lh3.googleusercontent.com/grass-cs/ACvplmOXY7R83epvtFXQMooLBWbteIVis_zQjOoGPcwl-jiLavurzAVo-lJOrSse5n3IlfD656ldNbZGURxIR60H5Fe1ZhiGdcyf5f0mI_tiq8FzTLsxZY5GL6w09a3ePzM8lcNtd4n1=w408-h271-k-no","/g/1hcbjtdyb","en",,"25.7536878","-80.2574518",,"Coral Gables Section","Monday","8:30 AM to 5:30 PM","Tuesday","8:30 AM to 5:30 PM","Wednesday","8:30 AM to 5:30 PM","Thursday","8:30 AM to 5:30 PM","Friday","8:30 AM to 5:30 PM","Saturday","Closed","Sunday","Closed",,"false","(305) 442-0243","+13054420243","ChIJk3A6W3S32YgRrAbLsGnkTQY",,,,"33134",,"29",,"75","73","1","1","0","0","2026-10-05T10:22:03.025Z","https://www.google.com/maps/search/DUI%20attorney/@25.681863654126005,-80.32203469677728,12z?hl=en","DUI attorney",,"Florida","122 Minorca Ave",,"false","Traffic Law Firm","4.9","https://www.google.com/maps/search/?api=1&query=Traffic%20Law%20Firm&query_place_id=ChIJk3A6W3S32YgRrAbLsGnkTQY","false",
,,,,,,,,,,,,,,,,,,,,,,,,,,,,"9995 SW 72nd St STE 204, Miami, FL 33173","1970083074253793438","Attorney","General practice attorney",,,,,,,,,"Attorney",,,"10131280833664123252","Miami","US",,,"https://streetviewpixels-pa.googleapis.com/v1/thumbnail?panoid=DsRVIgkM6vhrCUmyVtmJkg&cb_client=search.gws-prod.grass&w=408&h=240&yaw=259.44513&pitch=0&thumbfov=100","/g/1tczr4ph","en",,"25.7019289","-80.3560272",,,"Monday","9 AM to 5 PM","Tuesday","9 AM to 5 PM","Wednesday","9 AM to 5 PM","Thursday","9 AM to 5 PM","Friday","9 AM to 5 PM","Saturday","10 AM to 2 PM","Sunday","Closed",,"false","(305) 598-4490","+13055984490","ChIJE9FHk0jH2YgRdAFGij2KmYw",,,,"33173",,"30",,"131","124","2","3","1","1","2026-10-05T10:22:03.025Z","https://www.google.com/maps/search/DUI%20attorney/@25.681863654126005,-80.32203469677728,12z?hl=en","DUI attorney",,"Florida","9995 SW 72nd St STE 204",,"false","Law Offices Alexander Ramey","4.9","https://www.google.com/maps/search/?api=1&query=Law%20Offices%20Alexander%20Ramey&query_place_id=ChIJE9FHk0jH2YgRdAFGij2KmYw","false","https://miamitrafficticketattorney.com/"
,,,,,,,,,,,,,,,,,,,,,,,,,,,,"701 Brickell Ave Ste 1550, Miami, FL 33131","17738049191036321200","Criminal justice attorney","Law firm","Attorney","Legal services","Trial attorney",,,,,,"Criminal justice attorney",,,"15581326351610645159","Miami","US",,,"https://lh3.googleusercontent.com/grass-cs/ACvplmO5JerjmyaIPoKL7gp78hTl4ExNrnWeGWJ8t3faaEOYzdw26BCiPJ0sVaL41blbiQ0nXGF-BEGE9J0b902s1sZGElmPxXbT_WxozY5Svs-1zEoIGlfdEreU4r0kckp1A055TaPrLg=w426-h240-k-no","/g/1tfqb0h_","en",,"25.7668326","-80.188727",,"Downtown Miami","Monday","9 AM to 6 PM","Tuesday","9 AM to 6 PM","Wednesday","9 AM to 6 PM","Thursday","9 AM to 6 PM","Friday","9 AM to 6 PM","Saturday","Closed","Sunday","Closed",,"false","(305) 373-4400","+13053734400","ChIJFaZRCoO22YgRp4ovbcP9O9g",,,,"33131",,"36",,"26","26","0","0","0","0","2026-10-05T10:22:03.026Z","https://www.google.com/maps/search/DUI%20attorney/@25.681863654126005,-80.32203469677728,12z?hl=en","DUI attorney",,"Florida","701 Brickell Ave Ste 1550",,"false","Law Offices Of Barry M. Wax","5","https://www.google.com/maps/search/?api=1&query=Law%20Offices%20Of%20Barry%20M.%20Wax&query_place_id=ChIJFaZRCoO22YgRp4ovbcP9O9g","false","https://barrywax.com/?utm_source=google-local&utm_medium=organic&utm_campaign=3584"
,,,,,,,,,,,,,,,,,,,,,,,,,,,,"33 SW 2nd Ave Ste 1100, Miami, FL 33130","3273667004012061496","Law firm",,,,,,,,,,"Law firm",,,"12766413201129931593","Miami","US",,,"https://lh3.googleusercontent.com/grass-cs/ACvplmPOYuLJlKv0gaUE0IrDNdenVgcYwCIXEohMvoVrhm63rR4mjyXyvlH0dQvnQPZEQezSDA_gOPjPxqAI2nfBfvEAId0hn7HO1pfr1ZL4X84LJ4JE7U-atC5s257_SJsenHcPhtvM=w408-h408-k-no","/g/11kkhp4961","en",,"25.7735772","-80.1974663",,"Government Center","Monday","Open 24 hours","Tuesday","Open 24 hours","Wednesday","Open 24 hours","Thursday","Open 24 hours","Friday","Open 24 hours","Saturday","Open 24 hours","Sunday","Open 24 hours",,"false","(786) 420-3014","+17864203014","ChIJr8-fmFbFwogRSQM1xSppK7E",,,,"33130",,"38",,"125","120","0","5","0","0","2026-10-05T10:22:03.026Z","https://www.google.com/maps/search/DUI%20attorney/@25.681863654126005,-80.32203469677728,12z?hl=en","DUI attorney",,"Florida","33 SW 2nd Ave Ste 1100",,"false","AsiliA Law Firm, P.A.","4.8","https://www.google.com/maps/search/?api=1&query=AsiliA%20Law%20Firm%2C%20P.A.&query_place_id=ChIJr8-fmFbFwogRSQM1xSppK7E","true","https://www.asilialaw.com/"
,,,,,,,,,,,,,,,,,,,,,,,,,,,,"2525 Ponce de Leon Blvd Suit 300, Coral Gables, FL 33134","9562507522937721909","Criminal justice attorney",,,,,,,,,,"Criminal justice attorney",,,"13305876925692053920","Coral Gables","US",,,"https://lh3.googleusercontent.com/grass-cs/ACvplmN20lYVldWmNnrLKwkf3Uj6wyS2JhHsy_waYqEgRLo7QIG2yrssWbTUIm1O_XYHwK7cVSd0cOqi70cN3fTJMjJhrO7MGRSDrO3-Z4GWWTZRyZ4L2fxWkQ3Mqcj2zbYHzaYelE5CYWd7kBbS=w408-h511-k-no","/g/11rkmtsx2l","en",,"25.7484691","-80.2581627",,"Crafts","Monday","Open 24 hours","Tuesday","Open 24 hours","Wednesday","Open 24 hours","Thursday","Open 24 hours","Friday","Open 24 hours","Saturday","Open 24 hours","Sunday","Open 24 hours",,"false","(305) 224-6249","+13052246249","ChIJN0r2jXbB2YgRoAnx_JD4p7g",,,,"33134",,"39",,"34","34","0","0","0","0","2026-10-05T10:22:03.026Z","https://www.google.com/maps/search/DUI%20attorney/@25.681863654126005,-80.32203469677728,12z?hl=en","DUI attorney",,"Florida","2525 Ponce de Leon Blvd Suit 300",,"false","Beaton Law Firm","5","https://www.google.com/maps/search/?api=1&query=Beaton%20Law%20Firm&query_place_id=ChIJN0r2jXbB2YgRoAnx_JD4p7g","true","https://beatonlawfirm.com/?utm_source=organic&utm_medium=gbp&utm_campaign=seo"
,,,,,,,,,,,,,,"Monday","Open 24 hours","Tuesday","Open 24 hours","Wednesday","Open 24 hours","Thursday","Open 24 hours","Friday","Open 24 hours","Saturday","Open 24 hours","Sunday","Open 24 hours","4000 Ponce de Leon Blvd #470, Coral Gables, FL 33146","14943054104426101236","Criminal justice attorney",,,,,,,,,,"Criminal justice attorney",,,"12760907633615389920","Coral Gables","US",,,"https://streetviewpixels-pa.googleapis.com/v1/thumbnail?panoid=chIr4PWJFXrldt3dBulFVw&cb_client=search.gws-prod.grass&w=408&h=240&yaw=263.2652&pitch=0&thumbfov=100","/g/11gjs28jh6","en",,"25.747722","-80.2547399",,"Crafts","Monday","Open 24 hours","Tuesday","Open 24 hours","Wednesday","Open 24 hours","Thursday","Open 24 hours","Friday","Open 24 hours","Saturday","Open 24 hours","Sunday","Open 24 hours",,"false","(305) 330-5445","+13053305445","ChIJ_____8K22YgR4EQ38eHZF7E",,,,"33146",,"40",,"18","18","0","0","0","0","2026-10-05T10:22:03.026Z","https://www.google.com/maps/search/DUI%20attorney/@25.681863654126005,-80.32203469677728,12z?hl=en","DUI attorney",,"Florida","4000 Ponce de Leon Blvd #470",,"false","MPM Law","5","https://www.google.com/maps/search/?api=1&query=MPM%20Law&query_place_id=ChIJ_____8K22YgR4EQ38eHZF7E","true","https://southfldefense.com/"
,,,,,,,,,,,,,,"Monday","9:30 AM–6:30 PM","Tuesday","9:30 AM–6:30 PM","Wednesday","9:30 AM–6:30 PM","Thursday","9:30 AM–6:30 PM","Friday","9:30 AM–6:30 PM","Saturday","Closed","Sunday","Closed","8900 SW 117th Ave Suite C-205, Miami, FL 33186","13522996025086241372","Criminal justice attorney","Law firm","Estate planning attorney","Attorney","Real estate attorney",,,,,,"Criminal justice attorney",,,"12198244842318994368","Miami","US",,,"https://streetviewpixels-pa.googleapis.com/v1/thumbnail?panoid=1LLZUsBCGbiE2t7D0mbG3A&cb_client=search.gws-prod.gps&w=408&h=240&yaw=133.95142&pitch=0&thumbfov=100","/g/1th5_ly1","en",,"25.6851304","-80.3850427",,,"Monday","9 AM to 5 PM","Tuesday","9 AM to 5 PM","Wednesday","9 AM to 5 PM","Thursday","9 AM to 5 PM","Friday","9 AM to 5 PM","Saturday","Closed","Sunday","Closed",,"false","(305) 752-0044","+13057520044","ChIJacnS5qXH2YgRwBuqFQ7fSKk",,,,"33186",,"6",,"75","73","1","1","0","0","2026-10-05T10:22:03.650Z","https://www.google.com/maps/search/criminal%20defense%20lawyer/@25.681863654126005,-80.59507530322269,12z?hl=en","criminal defense lawyer",,"Florida","8900 SW 117th Ave Suite C-205",,"false","Arthur Spiegel, Esq., PA","4.9","https://www.google.com/maps/search/?api=1&query=Arthur%20Spiegel%2C%20Esq.%2C%20PA&query_place_id=ChIJacnS5qXH2YgRwBuqFQ7fSKk","false","https://www.arthurspiegellaw.com/"
,,,,,,,,,,,,,,,,,,,,,,,,,,,,"13501 SW 128th St Ste 205, Miami, FL 33186","11451220095373976897","Law firm",,,,,,,,,,"Law firm",,,"3713468347885535269","Miami","US",,,"https://lh3.googleusercontent.com/gps-cs-s/ANWiy9QJ5pbgfNhhUkaGA9-fgT2vlgrFYLdTo4BaqYB49MG6fklZTvLdvgwQPIutvqeK1JKklz1-78MXzkHawf8m8QM9CeTu4JMwaOlTBqKXRpo93FLalRoGlmmwNho3oNYgLkzy2lr_NXTrP90=w408-h612-k-no","/g/11thng2vl4","en",,"25.6486641","-80.4144699",,"West End","Monday","8 AM to 6 PM","Tuesday","8 AM to 6 PM","Wednesday","8 AM to 6 PM","Thursday","8 AM to 6 PM","Friday","8 AM to 6 PM","Saturday","Closed","Sunday","Closed",,"false","(786) 263-9240","+17862639240","ChIJuU2DgonB2YgRJcBfoMnjiDM",,,,"33186",,"8",,"62","62","0","0","0","0","2026-10-05T10:22:03.650Z","https://www.google.com/maps/search/criminal%20defense%20lawyer/@25.681863654126005,-80.59507530322269,12z?hl=en","criminal defense lawyer",,"Florida","13501 SW 128th St Ste 205",,"false","Patrick Wilson Law, PLLC","5","https://www.google.com/maps/search/?api=1&query=Patrick%20Wilson%20Law%2C%20PLLC&query_place_id=ChIJuU2DgonB2YgRJcBfoMnjiDM","false","http://www.patrickwilsonlaw.com/"
,,,,,,,,,,,,,,,,,,,,,,,,,,,,"13701 SW 88th St #201, Miami, FL 33186","16772613638156791742","Criminal justice attorney","Personal injury attorney","Divorce lawyer","Estate planning attorney","Family law attorney","Law firm","Attorney","Real estate attorney",,,"Criminal justice attorney",,,"13330634541016919793","Miami","US",,,"https://lh3.googleusercontent.com/gps-cs-s/ANWiy9QACFAuqhZlrjkEzdsA18PWtq-POhRHxpotf_Kw1uy-x_piOfRzYqLYOHXLmGvrATW3d-G-QFD-Pi8rKskq6jqnyS8wU_1q_byOVsbT_3URDkuhgXGh6ZzdeIhKTSnXYOVv4WkL=w408-h567-k-no","/g/1tf48z3j","en",,"25.6858077","-80.4171356",,"West End","Monday","9 AM to 5 PM","Tuesday","9 AM to 5 PM","Wednesday","9 AM to 5 PM","Thursday","9 AM to 5 PM","Friday","9 AM to 5 PM","Saturday","Closed","Sunday","Closed",,"false","(305) 388-7050","+13053887050","ChIJoYgCP1HA2YgR8a7df3zt_7g",,,,"33186",,"9",,"314","305","4","5","0","0","2026-10-05T10:22:03.650Z","https://www.google.com/maps/search/criminal%20defense%20lawyer/@25.681863654126005,-80.59507530322269,12z?hl=en","criminal defense lawyer",,"Florida","13701 SW 88th St #201",,"false","Richard J Markowitz PA","4.9","https://www.google.com/maps/search/?api=1&query=Richard%20J%20Markowitz%20PA&query_place_id=ChIJoYgCP1HA2YgR8a7df3zt_7g","false","https://www.facebook.com/RichardMarkowitzLaw"
,,,,,,,,,,,,,,,,,,,,,,,,,,,,"12925 SW 132nd St suite 4, Miami, FL 33186",,"Criminal justice attorney","Law firm","Attorney","Real estate attorney",,,,,,,"Criminal justice attorney",,,"7201037258628422870","Miami","US",,,"https://streetviewpixels-pa.googleapis.com/v1/thumbnail?panoid=zBWDc2A2kCQe01kVZ24DAQ&cb_client=search.gws-prod.gps&w=408&h=240&yaw=219.57527&pitch=0&thumbfov=100","/g/1td4391_","en",,"25.6456455","-80.4032219",,"West End","Monday","Open 24 hours","Tuesday","Open 24 hours","Wednesday","Open 24 hours","Thursday","Open 24 hours","Friday","Open 24 hours","Saturday","Open 24 hours","Sunday","Open 24 hours",,"false","(305) 378-5950","+13053785950","ChIJC6Xi4XDB2YgR1lzm5js572M",,,,"33186",,"11",,"15","14","0","1","0","0","2026-10-05T10:22:03.650Z","https://www.google.com/maps/search/criminal%20defense%20lawyer/@25.681863654126005,-80.59507530322269,12z?hl=en","criminal defense lawyer",,"Florida","12925 SW 132nd St suite 4",,"false","LAW OFFICES OF BEATRIZ A. LLORENTE, P.A.","4.7","https://www.google.com/maps/search/?api=1&query=LAW%20OFFICES%20OF%20BEATRIZ%20A.%20LLORENTE%2C%20P.A.&query_place_id=ChIJC6Xi4XDB2YgR1lzm5js572M","true",
,,,,,,,,,,,,,,,,,,,,,,,,,,,,"8306 Mills Dr #306, Miami, FL 33183","5146010106657627800","Legal services",,,,,,,,,,"Legal services",,,"8291937561049197139","Miami","US",,,"https://streetviewpixels-pa.googleapis.com/v1/thumbnail?panoid=_N3HmjNwzuJZ_G64iuOWdw&cb_client=search.gws-prod.gps&w=408&h=240&yaw=308.39798&pitch=0&thumbfov=100","/g/11j6tvk7lm","en",,"25.6908991","-80.3876853",,,"Monday","9 AM to 5 PM","Tuesday","9 AM to 5 PM","Wednesday","9 AM to 5 PM","Thursday","9 AM to 5 PM","Friday","9 AM to 4 PM","Saturday","Closed","Sunday","Closed",,"false","(786) 326-0708","+17863260708","ChIJa82YCynB2YgRU2oOekfhEnM",,,,"33183",,"14",,"115","114","0","1","0","0","2026-10-05T10:22:03.650Z","https://www.google.com/maps/search/criminal%20defense%20lawyer/@25.681863654126005,-80.59507530322269,12z?hl=en","criminal defense lawyer",,"Florida","8306 Mills Dr #306",,"false","David B. Brenner, P.A.","5","https://www.google.com/maps/search/?api=1&query=David%20B.%20Brenner%2C%20P.A.&query_place_id=ChIJa82YCynB2YgRU2oOekfhEnM","false",
"Monday","9 AM–5 PM","Tuesday","9 AM–5 PM","Wednesday","9 AM–5 PM","Thursday","9 AM–5 PM","Friday","9 AM–5 PM","Saturday","Closed","Sunday","Closed","Monday","Open 24 hours","Tuesday","Open 24 hours","Wednesday","Open 24 hours","Thursday","Open 24 hours","Friday","Open 24 hours","Saturday","Closed","Sunday","Open 24 hours","760 NW 107th Ave Suite 330, Miami, FL 33172","14910385442690804232","Criminal justice attorney",,,,,,,,,,"Criminal justice attorney",,,"8180487149642641894","Miami","US",,,"https://lh3.googleusercontent.com/gps-cs-s/ANWiy9RfYtInGVOdiB-KfoAF53ULv0ihcfZLroVs3OUWnEYgPNAlHmBJLlGFDTefe8DbHeyDJsJ_I1OS4GsR7x1kNh8K96yFuyhO_oyqcCsaJoX0duJU20iIm9rcsvEqTrBNnvAIhrhdBValr3jg=w408-h446-k-no","/g/1tfs1wkq","en",,"25.6340465","-80.4050487",,"West End","Monday","Open 24 hours","Tuesday","Open 24 hours","Wednesday","Open 24 hours","Thursday","Open 24 hours","Friday","Open 24 hours","Saturday","Open 24 hours","Sunday","Open 24 hours",,"false","(786) 400-2589","+17864002589","ChIJN4BuSRW_2YgR5vEYdLjthnE",,,,"33172",,"15",,"11","10","0","1","0","0","2026-10-05T10:22:03.650Z","https://www.google.com/maps/search/criminal%20defense%20lawyer/@25.681863654126005,-80.59507530322269,12z?hl=en","criminal defense lawyer",,"Florida","760 NW 107th Ave Suite 330",,"false","The Law Offices of Alejandro D. De Varona, P.A.","4.6","https://www.google.com/maps/search/?api=1&query=The%20Law%20Offices%20of%20Alejandro%20D.%20De%20Varona%2C%20P.A.&query_place_id=ChIJN4BuSRW_2YgR5vEYdLjthnE","true","https://adevaronalaw.com/"
,,,,,,,,,,,,,,,,,,,,,,,,,,,,"2460 SW 137th Ave, Miami, FL 33175","2247184367574167174","Attorney",,,,,,,,,,"Attorney",,,"14346242972177891924","Miami","US",,,"https://streetviewpixels-pa.googleapis.com/v1/thumbnail?panoid=O-l-4q1eg9lFh_WTMCIbFQ&cb_client=search.gws-prod.gps&w=408&h=240&yaw=96.895744&pitch=0&thumbfov=100","/g/11pwydntkx","en",,"25.7446236","-80.4171386",,"West End","Monday","Open 24 hours","Tuesday","Open 24 hours","Wednesday","Open 24 hours","Thursday","Open 24 hours","Friday","Open 24 hours","Saturday","Closed","Sunday","Closed",,"false","(786) 326-9454","+17863269454","ChIJYWhupRC_2YgRVIIbOvkXGMc",,,,"33175",,"16",,"3","3","0","0","0","0","2026-10-05T10:22:03.650Z","https://www.google.com/maps/search/criminal%20defense%20lawyer/@25.681863654126005,-80.59507530322269,12z?hl=en","criminal defense lawyer",,"Florida","2460 SW 137th Ave",,"false","Gabriela Teresa Gonzalez Lawyer, P.A.","5","https://www.google.com/maps/search/?api=1&query=Gabriela%20Teresa%20Gonzalez%20Lawyer%2C%20P.A.&query_place_id=ChIJYWhupRC_2YgRVIIbOvkXGMc","true","http://www.ggatlaw.com/"
,,,,,,,,,,,,,,,,,,,,,,,,,,,,"11050 N Kendall Dr, Miami, FL 33176","1475197233900037984","Attorney",,,,,,,,,,"Attorney",,,"6163803013359079267","Miami","US",,,"https://streetviewpixels-pa.googleapis.com/v1/thumbnail?panoid=ID0lQVctIJ2jzN2zdsTe2A&cb_client=search.gws-prod.gps&w=408&h=240&yaw=39.484398&pitch=0&thumbfov=100","/g/1tfb7c8x","en",,"25.6856737","-80.3751466",,,"Monday","9 AM to 6 PM","Tuesday","9 AM to 6 PM","Wednesday","9 AM to 6 PM","Thursday","9 AM to 6 PM","Friday","9 AM to 6 PM","Saturday","Closed","Sunday","Closed",,"false","(305) 446-1546","+13054461546","ChIJweIKznW32YgRYw_A9C46ilU",,,,"33176",,"18",,"162","158","3","1","0","0","2026-10-05T10:22:03.650Z","https://www.google.com/maps/search/criminal%20defense%20lawyer/@25.681863654126005,-80.59507530322269,12z?hl=en","criminal defense lawyer",,"Florida","11050 N Kendall Dr",,"false","Duque & Associates","5","https://www.google.com/maps/search/?api=1&query=Duque%20%26%20Associates&query_place_id=ChIJweIKznW32YgRYw_A9C46ilU","false",
,,,,,,,,,,,,,,,,,,,,,,,,,,,,"12150 SW 128th Ct Ste 225, Miami, FL 33186","12838898268772577359","Personal injury attorney","Elder law attorney","Law firm","Attorney","Legal services","Medical lawyer","Trial attorney",,,,"Personal injury attorney",,,"11903117418903557279","Miami","US",,,"https://lh3.googleusercontent.com/gps-cs-s/ANWiy9TCkwq4CZn5G_eyEbwNx1MR5tZHm9cbHmyj7TMx20kNxYMkCApjwwquQfJucFdOt5-onrMRjbPKrSkRTeGz-b724w1uG83H5K53WpdFw0_9ix50nRMPdX-EmZsy2eRY9v_7fMW_dV67hgrN=w408-h306-k-no","/g/1tfwqs5c","en",,"25.6554871","-80.4031784",,"West End","Monday","Open 24 hours","Tuesday","Open 24 hours","Wednesday","Open 24 hours","Thursday","Open 24 hours","Friday","Open 24 hours","Saturday","Open 24 hours","Sunday","Open 24 hours",,"false","(305) 771-0979","+13057710979","ChIJP5HQ34C22YgRn9SCITpeMKU",,,,"33186",,"19",,"141","136","0","5","0","0","2026-10-05T10:22:03.650Z","https://www.google.com/maps/search/criminal%20defense%20lawyer/@25.681863654126005,-80.59507530322269,12z?hl=en","criminal defense lawyer",,"Florida","12150 SW 128th Ct Ste 225",,"false","Hickey Law Firm Accident and Injury Trial Lawyers","4.9","https://www.google.com/maps/search/?api=1&query=Hickey%20Law%20Firm%20Accident%20and%20Injury%20Trial%20Lawyers&query_place_id=ChIJP5HQ34C22YgRn9SCITpeMKU","true","https://www.hickeylawfirm.com/?utm_source=google&utm_medium=organic&utm_campaign=gmb-office-miami"
,,,,,,,,,,,,,,,,,,,,,,,,,,,,"13550 SW 120th St #514, Miami, FL 33186","10983418601542176792","Criminal justice attorney","Legal services","Law firm","Attorney",,,,,,,"Criminal justice attorney",,,"336213292066184277","Miami","US",,,"https://lh3.googleusercontent.com/gps-cs-s/ANWiy9QtPCWWw3ZeOD2kl4pJTXmX6WpVxlVLHDx286XT2pga-uVnoX2FElBLZfYvRRXKfzgli3pC21XbwneKAK5j6dyNwPcihE37Ngdd00oYxXZCZXEB9RPffAfwTwsOBizHZCKyVnLUY3z9y7u6=w408-h272-k-no","/g/1tfdf84_","en",,"25.6550934","-80.4151015",,"West End","Monday","8 AM to 6 PM","Tuesday","8 AM to 6 PM","Wednesday","8 AM to 6 PM","Thursday","8 AM to 6 PM","Friday","8 AM to 6 PM","Saturday","Closed","Sunday","Closed",,"false","(305) 760-6560","+13057606560","ChIJTUGiv6HB2YgRVZxeMjV4qgQ",,,,"33186",,"20",,"145","125","6","10","3","1","2026-10-05T10:22:03.650Z","https://www.google.com/maps/search/criminal%20defense%20lawyer/@25.681863654126005,-80.59507530322269,12z?hl=en","criminal defense lawyer",,"Florida","13550 SW 120th St #514",,"false","The Ticket Clinic - A Law Firm","4.6","https://www.google.com/maps/search/?api=1&query=The%20Ticket%20Clinic%20-%20A%20Law%20Firm&query_place_id=ChIJTUGiv6HB2YgRVZxeMjV4qgQ","false","https://www.theticketclinic.com/locations/kendall"
,,,,,,,,,,,,,,,,,,,,,,,,,,,,"1111 Brickell Ave Ste 1100, Miami, FL 33131","2824002842943617713","Criminal justice attorney",,,,,,,,,,"Criminal justice attorney",,,"18119227005910268618","Miami","US",,,"https://streetviewpixels-pa.googleapis.com/v1/thumbnail?panoid=SjKzeHwn3kiwNBLFWulCdw&cb_client=search.gws-prod.grass&w=408&h=240&yaw=148.3827&pitch=0&thumbfov=100","/g/12qfhttdj","en",,"25.7625","-80.190689",,"Downtown Miami","Monday","Open 24 hours","Tuesday","Open 24 hours","Wednesday","Open 24 hours","Thursday","Open 24 hours","Friday","Open 24 hours","Saturday","Open 24 hours","Sunday","Open 24 hours",,"false","(305) 921-4414","+13059214414","ChIJs3vNeIG22YgRyjryS_ZsdPs",,,,"33131",,"14",,"21","21","0","0","0","0","2026-10-05T10:22:03.829Z","https://www.google.com/maps/search/drug%20crime%20lawyer/@25.681863654126005,-80.32203469677728,12z?hl=en","drug crime lawyer",,"Florida","1111 Brickell Ave Ste 1100",,"false","Joffe Law, P.A.","5","https://www.google.com/maps/search/?api=1&query=Joffe%20Law%2C%20P.A.&query_place_id=ChIJs3vNeIG22YgRyjryS_ZsdPs","true","https://joffefederaldefense.com/miami/"
,,,,,,,,,,,,,,,,,,,,,,,,,,,,"55 Merrick Wy Ste 212, Coral Gables, FL 33134","1565458254221634263","Criminal justice attorney",,,,,,,,,,"Criminal justice attorney",,,"5061670850498362411","Coral Gables","US",,,"https://lh3.googleusercontent.com/grass-cs/ACvplmN5grH7MqVsuKC4nnG7R2hpa4IYQdOPOtHjzTnvSZOo_lHFfr5b-90z27tTWY_bb1VFFHNdPF3kcucr5JrTPlKhEgt_1XzxC3zE57nHAaJuDErgl5hjyKMApkA2JzZ9UttkDaQZPQ=w408-h544-k-no","/g/11cs4gzx96","en",,"25.7509479","-80.2554398",,"Coral Gables Section","Monday","Open 24 hours","Tuesday","Open 24 hours","Wednesday","Open 24 hours","Thursday","Open 24 hours","Friday","Open 24 hours","Saturday","Open 24 hours","Sunday","Open 24 hours",,"false","(305) 461-1066","+13054611066","ChIJ8f87bZi32YgRK3znFdKqPkY",,,,"33134",,"41",,"60","59","0","1","0","0","2026-10-05T10:22:04.057Z","https://www.google.com/maps/search/DUI%20attorney/@25.681863654126005,-80.32203469677728,12z?hl=en","DUI attorney",,"Florida","55 Merrick Wy Ste 212",,"false","Ricardo P. Hermida, Abogado Criminalista en Miami","4.9","https://www.google.com/maps/search/?api=1&query=Ricardo%20P.%20Hermida%2C%20Abogado%20Criminalista%20en%20Miami&query_place_id=ChIJ8f87bZi32YgRK3znFdKqPkY","true","https://www.sucasocriminal.com/"
,,,,,,,,,,,,,,,,,,,,,,,,,,,,"66 W Flagler St 7th floor, Miami, FL 33130","14104870521078426700","Trial attorney",,,,,,,,,,"Trial attorney",,,"4528441108571507912","Miami","US",,,"https://lh3.googleusercontent.com/grass-cs/ACvplmNC23ILxR12N4NyiU5vXhacHcpzSRKwDX6C4wUKkcBDOaQyEDy0337KjwuCVCWXHj5cBOEbT8vyzZjassDGodfz2LNgyxijmu91WrVaIfSG-seXoH2ArdhAVk7F3gnLfKlZd_UIW53UGqR_=w408-h544-k-no","/g/11bbx008vs","en",,"25.7738472","-80.1949569",,"Government Center","Monday","Open 24 hours","Tuesday","Open 24 hours","Wednesday","Open 24 hours","Thursday","Open 24 hours","Friday","Open 24 hours","Saturday","Open 24 hours","Sunday","Open 24 hours",,"false","(305) 374-6683","+13053746683","ChIJF3pAo4O22YgRyEyuDjJB2D4",,,,"33130",,"45",,"155","147","1","7","0","0","2026-10-05T10:22:04.057Z","https://www.google.com/maps/search/DUI%20attorney/@25.681863654126005,-80.32203469677728,12z?hl=en","DUI attorney",,"Florida","66 W Flagler St 7th floor",,"false","Thomas Mote Law","4.8","https://www.google.com/maps/search/?api=1&query=Thomas%20Mote%20Law&query_place_id=ChIJF3pAo4O22YgRyEyuDjJB2D4","true","https://thomasmotelaw.com/"
,,,,,,,,,,,,,,,,,,,,,,,,,,,,"200 SE 1st St Ste 505, Miami, FL 33131",,"Attorney",,,,,,,,,,"Attorney",,,"13295298706274229145","Miami","US",,,"https://lh3.googleusercontent.com/grass-cs/ACvplmOWCMonKeMoqEvu0f3jakhaP9i9g2tX8vZkfEvBemmlGG87yvc_Le4m4aGHeWgC-OGjlV8XNbFz7XJd_rCr5kXv6zdSVGSd_QWeTcqT10nKIh5tqvhOYXojWg0qQyohymZjxflxkw=w408-h306-k-no","/g/12602h5w2","en",,"25.7732146","-80.1899182",,"Downtown Miami",,,,,,,,,,,,,,,,"false","(305) 523-2250","+13055232250","ChIJe_9myZ222YgRmZsvWrtjgrg",,,,"33131",,"46",,"36","31","2","3","0","0","2026-10-05T10:22:04.057Z","https://www.google.com/maps/search/DUI%20attorney/@25.681863654126005,-80.32203469677728,12z?hl=en","DUI attorney",,"Florida","200 SE 1st St Ste 505",,"false","Jonathan S Schwartz Pa","4.6","https://www.google.com/maps/search/?api=1&query=Jonathan%20S%20Schwartz%20Pa&query_place_id=ChIJe_9myZ222YgRmZsvWrtjgrg",,
"Monday","Open 24 hours","Tuesday","Open 24 hours","Wednesday","Open 24 hours","Thursday","Open 24 hours","Friday","Open 24 hours","Saturday","Open 24 hours","Sunday","Open 24 hours","Monday","Open 24 hours","Tuesday","Open 24 hours","Wednesday","Open 24 hours","Thursday","Open 24 hours","Friday","Open 24 hours","Saturday","Open 24 hours","Sunday","Open 24 hours","169 E Flagler St #700, Miami, FL 33131","8179306339917244596","Divorce lawyer","Criminal justice attorney","Divorce service","Family law attorney","Trial attorney",,,,,,"Divorce lawyer",,,"12852583490171633515","Miami","US",,,"https://lh3.googleusercontent.com/grass-cs/ACvplmMMJ1fmgAgH5o1t7XLaFHtjoERfB1TfNUn0Zr0Wimi7MuQuvgA8_fb0SyAql6FfabrfgvaAYOrx4ELxDk-hp-MKdZ5L0v6IYCyRZKCbuV_TWuuXH6JJBEf-IKCNJewv04bcea0PVVVMhTTO=w408-h271-k-no","/g/11vspg40nw","en",,"25.7745326","-80.1906444",,"Downtown Miami","Monday","Open 24 hours","Tuesday","Open 24 hours","Wednesday","Open 24 hours","Thursday","Open 24 hours","Friday","Open 24 hours","Saturday","Open 24 hours","Sunday","Open 24 hours",,"false","(786) 432-0650","+17864320650","ChIJJxhOHdC32YgRa_-6oZaMXbI",,,,"33131",,"47",,"310","303","0","7","0","0","2026-10-05T10:22:04.057Z","https://www.google.com/maps/search/DUI%20attorney/@25.681863654126005,-80.32203469677728,12z?hl=en","DUI attorney",,"Florida","169 E Flagler St #700",,"false","Miami Divorce & Criminal Defense Attorney At Law, Ramie Altawil","4.9","https://www.google.com/maps/search/?api=1&query=Miami%20Divorce%20%26%20Criminal%20Defense%20Attorney%20At%20Law%2C%20Ramie%20Altawil&query_place_id=ChIJJxhOHdC32YgRa_-6oZaMXbI","true","https://thepathtojustice.com/?utm_source=GBP&utm_medium=organic&utm_campaign=Miami"
,,,,,,,,,,,,,,"Monday","Open 24 hours","Tuesday","Open 24 hours","Wednesday","Open 24 hours","Thursday","Open 24 hours","Friday","Open 24 hours","Saturday","Open 24 hours","Sunday","Open 24 hours","75 Valencia Ave #800, Coral Gables, FL 33134","16040130422933107396","Criminal justice attorney","Law firm","Attorney","Legal services","Trial attorney",,,,,,"Criminal justice attorney",,,"4792557505850615696","Coral Gables","US",,,"https://lh3.googleusercontent.com/grass-cs/ACvplmOWf0sBl7TRaW6bxxtqABWoCzSjT5nhmiqovRbmp5nm8754Y76tlkNi7YZmoxqbcNjW-7rZrjMouNT2UKPvcvbdwPcuuqk37qjgJA3Ru3JgWES-RXb7ePlt57cA3uax68Zb3HOs_STx0573=w408-h611-k-no","/g/11jb4m1vhr","en",,"25.7482719","-80.2560906",,"Crafts","Monday","Open 24 hours","Tuesday","Open 24 hours","Wednesday","Open 24 hours","Thursday","Open 24 hours","Friday","Open 24 hours","Saturday","Open 24 hours","Sunday","Open 24 hours",,"false","(305) 456-7576","+13054567576","ChIJCzPdqLe32YgRkKfb1aiVgkI",,,,"33134",,"48",,"41","40","0","1","0","0","2026-10-05T10:22:04.057Z","https://www.google.com/maps/search/DUI%20attorney/@25.681863654126005,-80.32203469677728,12z?hl=en","DUI attorney",,"Florida","75 Valencia Ave #800",,"false","El-Naffy Law, PA","4.9","https://www.google.com/maps/search/?api=1&query=El-Naffy%20Law%2C%20PA&query_place_id=ChIJCzPdqLe32YgRkKfb1aiVgkI","true","https://elnaffylaw.com/"
,,,,,,,,,,,,,,,,,,,,,,,,,,,,"2103 Coral Wy #401, Miami, FL 33145","768454814480646414","Criminal justice attorney","Law firm","Attorney","Legal services",,,,,,,"Criminal justice attorney",,,"12421624940923643561","Miami","US",,,"https://lh3.googleusercontent.com/grass-cs/ACvplmMgpqyFsLj1ebpwYvtxheh7NFxesq7Kx5XEXxJDIk9yqiZxGbMryHUjAMWpTuH0743m9-osiK2h9_bDZj6MfeQs8WxAoyMDzX8yHn6CoqxtoHYShAQMKX2SFVE1R2iIZdBDO-b0og=w408-h291-k-no","/g/11r_t75fpp","en",,"25.7509509","-80.2285915",,"Coral Way","Monday","9 AM to 5 PM","Tuesday","9 AM to 5 PM","Wednesday","9 AM to 5 PM","Thursday","9 AM to 5 PM","Friday","9 AM to 5 PM","Saturday","Closed","Sunday","Closed",,"false","(305) 393-0751","+13053930751","ChIJL0R-O9C32YgRqebiOBJ6Yqw",,,,"33145",,"49",,"45","45","0","0","0","0","2026-10-05T10:22:04.057Z","https://www.google.com/maps/search/DUI%20attorney/@25.681863654126005,-80.32203469677728,12z?hl=en","DUI attorney",,"Florida","2103 Coral Wy #401",,"false","Prya Murad Law","5","https://www.google.com/maps/search/?api=1&query=Prya%20Murad%20Law&query_place_id=ChIJL0R-O9C32YgRqebiOBJ6Yqw","false","https://www.pryamuradlaw.com/?utm_source=gmb&utm_medium=organic&utm_content=listing&utm_campaign=local"
,,,,,,,,,,,,,,,,,,,,,,,,,,,,"1382 NW 16th St, Miami, FL 33125","13775358272629028058","Attorney referral service",,,,,,,,,,"Attorney referral service",,,"1279943426977616471","Miami","US",,,"https://streetviewpixels-pa.googleapis.com/v1/thumbnail?panoid=5JXOxxF77kuqFgVsDXkC2w&cb_client=search.gws-prod.grass&w=408&h=240&yaw=165.73083&pitch=0&thumbfov=100","/g/12lkllfh2","en",,"25.7900323","-80.2187399",,"Allapattah","Monday","12:30 AM to 12 AM","Tuesday","12:30 AM to 12 AM","Wednesday","12:30 AM to 12 AM","Thursday","12:30 AM to 12 AM","Friday","12:30 AM to 12 AM","Saturday","12:30 AM to 12 AM","Sunday","12:30 AM to 12 AM",,"false","(877) 788-1589","+18777881589","ChIJUShS8MS22YgRV9KY8cNFwxE",,,,"33125",,"50",,"3","2","0","1","0","0","2026-10-05T10:22:04.057Z","https://www.google.com/maps/search/DUI%20attorney/@25.681863654126005,-80.32203469677728,12z?hl=en","DUI attorney",,"Florida","1382 NW 16th St",,"false","Who Is In Jails - Attorney Referals Miami","3.7","https://www.google.com/maps/search/?api=1&query=Who%20Is%20In%20Jails%20-%20Attorney%20Referals%20Miami&query_place_id=ChIJUShS8MS22YgRV9KY8cNFwxE","true",
,,,,,,,,,,,,,,,,,,,,,,,,,,,,"100 Biscayne Blvd #1300, Miami, FL 33132","334879224339170689","Criminal justice attorney","Attorney",,,,,,,,,"Criminal justice attorney",,,"2280992688285882382","Miami","US",,,"https://streetviewpixels-pa.googleapis.com/v1/thumbnail?panoid=XB8ICMfpgvov0VaWdVeO0Q&cb_client=search.gws-prod.grass&w=408&h=240&yaw=262.40735&pitch=0&thumbfov=100","/g/1tg516xj","en",,"25.7756219","-80.1882208",,"Downtown Miami","Monday","9 AM to 5 PM","Tuesday","9 AM to 5 PM","Wednesday","9 AM to 5 PM","Thursday","9 AM to 5 PM","Friday","9 AM to 5 PM","Saturday","Closed","Sunday","Closed",,"false","(305) 379-5661","+13053795661","ChIJf33fg5622YgRDhiLyMO2px8",,,,"33132",,"52",,"19","18","1","0","0","0","2026-10-05T10:22:04.057Z","https://www.google.com/maps/search/DUI%20attorney/@25.681863654126005,-80.32203469677728,12z?hl=en","DUI attorney",,"Florida","100 Biscayne Blvd #1300",,"false","Frank Schwartz, P.A.","4.9","https://www.google.com/maps/search/?api=1&query=Frank%20Schwartz%2C%20P.A.&query_place_id=ChIJf33fg5622YgRDhiLyMO2px8","false","https://miami-criminal-defense-attorney.com/"
,,,,,,,,,,,,,,,,,,,,,,,,,,,,"55 Merrick Wy Ste 212, Coral Gables, FL 33134","11484367166598370232","Criminal justice attorney","Law firm",,,,,,,,,"Criminal justice attorney",,,"12476290371994705639","Coral Gables","US",,,"https://streetviewpixels-pa.googleapis.com/v1/thumbnail?panoid=pE9F2w-mFhNLEX8KHn8mRQ&cb_client=search.gws-prod.grass&w=408&h=240&yaw=43.415974&pitch=0&thumbfov=100","/g/11nxc9_j40","en",,"25.7509479","-80.2554398",,"Coral Gables Section","Monday","9 AM to 5 PM","Tuesday","9 AM to 5 PM","Wednesday","9 AM to 5 PM","Thursday","9 AM to 5 PM","Friday","9 AM to 5 PM","Saturday","Closed","Sunday","Closed",,"false","(305) 577-3440","+13055773440","ChIJ2ZI4PMG32YgR595euf2vJK0",,,,"33134",,"53",,"24","22","0","2","0","0","2026-10-05T10:22:04.057Z","https://www.google.com/maps/search/DUI%20attorney/@25.681863654126005,-80.32203469677728,12z?hl=en","DUI attorney",,"Florida","55 Merrick Wy Ste 212",,"false","Prieto Law Firm","4.7","https://www.google.com/maps/search/?api=1&query=Prieto%20Law%20Firm&query_place_id=ChIJ2ZI4PMG32YgR595euf2vJK0","false","http://fplaw.co/"
,,,,,,,,,,,,,,,,,,,,,,,,,,,,"2420 Coral Wy, Miami, FL 33145","5488797685179422649","Criminal justice attorney",,,,,,,,,,"Criminal justice attorney",,,"12346857827346295978","Miami","US",,,"https://lh3.googleusercontent.com/grass-cs/ACvplmMQilWx0SdE9WhvSI0zoCI3c3rWmN6sKU6cZ1J_LcLfTsqFyUp3hAnVGjZX4usbByFvoyzx1FkumQDQI-64BG9NMqCFlr13rEV-2RjLemhaRf9YjvO3uJYXrAplMmIOZZqHn_B6ySbunggE=w408-h272-k-no","/g/1tqcm041","en",,"25.7501596","-80.2349568",,"Coral Way","Monday","Open 24 hours","Tuesday","Open 24 hours","Wednesday","Open 24 hours","Thursday","Open 24 hours","Friday","Open 24 hours","Saturday","Open 24 hours","Sunday","Open 24 hours",,"false","(305) 444-3844","+13054443844","ChIJq6qqqs632YgRqiw6C8fZWKs",,,,"33145",,"54",,"12","12","0","0","0","0","2026-10-05T10:22:04.057Z","https://www.google.com/maps/search/DUI%20attorney/@25.681863654126005,-80.32203469677728,12z?hl=en","DUI attorney",,"Florida","2420 Coral Wy",,"false","The Law Office of Erick Cruz, P.A.","5","https://www.google.com/maps/search/?api=1&query=The%20Law%20Office%20of%20Erick%20Cruz%2C%20P.A.&query_place_id=ChIJq6qqqs632YgRqiw6C8fZWKs","true","http://www.erickcruzlaw.com/"
,,,,,,,,,,,,,,,,,,,,,,,,,,,,"175 SW 7th St #2410, Miami, FL 33130","15744404718841076187","Consultant","Land planning authority",,,,,,,,,"Consultant",,,"13185473026447540639","Miami","US",,,"https://lh3.googleusercontent.com/grass-cs/ACvplmNhngkhuA8z6N7gl4V9G7MPy8mRmumDXB3NH0-muCggV8fV-S2KvL_V_oxb4IbFRFeh6uXbFGbAntlPwstupRQ_sjnZrxwI5HU9BVZLxWXatpKCp9kRZItsYcoyHDZkO13htiov=w420-h240-k-no","/g/11bvvx_6sj","en",,"25.7675501","-80.1968495",,"Downtown Miami","Monday","Open 24 hours","Tuesday","Open 24 hours","Wednesday","Open 24 hours","Thursday","Open 24 hours","Friday","Open 24 hours","Saturday","Open 24 hours","Sunday","Open 24 hours",,"false","(305) 857-0034","+13058570034","ChIJodcwFoW22YgRn4HmoNs1_LY",,,,"33130",,"55",,"14","13","0","1","0","0","2026-10-05T10:22:04.057Z","https://www.google.com/maps/search/DUI%20attorney/@25.681863654126005,-80.32203469677728,12z?hl=en","DUI attorney",,"Florida","175 SW 7th St #2410",,"false","Michael C. Grieco, P.A.","4.7","https://www.google.com/maps/search/?api=1&query=Michael%20C.%20Grieco%2C%20P.A.&query_place_id=ChIJodcwFoW22YgRn4HmoNs1_LY","true",
,,,,,,,,,,,,,,,,,,,,,,,,,,,,"1 NE 2nd Ave STE 200, Miami, FL 33131","5221240387519881407","Criminal justice attorney","Attorney",,,,,,,,,"Criminal justice attorney",,,"6885795093836547751","Miami","US",,,"https://lh3.googleusercontent.com/grass-cs/ACvplmP8Qy6G_9b45A2c_GIRe4jFL7nzYUonZ_kkOk8936vukui3f31yc-YKZJtyelqS3aT2-0gA6eQiEd6Jb2_dK_jPZpOkKO7LNV6_VCYCGSUBmogw6fPNZ_K7wRaH9boVA8mleiw=w408-h272-k-no","/g/1tg3606d","en",,"25.7746291","-80.1900338",,"Downtown Miami","Monday","9 AM to 6 PM","Tuesday","9 AM to 6 PM","Wednesday","9 AM to 6 PM","Thursday","9 AM to 6 PM","Friday","9 AM to 6 PM","Saturday","Closed","Sunday","Closed",,"false","(305) 757-3331","+13057573331","ChIJUxM82NSz2YgRp0ZBxCdCj18",,,,"33131",,"57",,"54","51","1","2","0","0","2026-10-05T10:22:04.057Z","https://www.google.com/maps/search/DUI%20attorney/@25.681863654126005,-80.32203469677728,12z?hl=en","DUI attorney",,"Florida","1 NE 2nd Ave STE 200",,"false","Law Office of Paul J Donnelly PA","4.8","https://www.google.com/maps/search/?api=1&query=Law%20Office%20of%20Paul%20J%20Donnelly%20PA&query_place_id=ChIJUxM82NSz2YgRp0ZBxCdCj18","false","http://www.criminalattorneymiami.net/"
,,,,,,,,,,,,,,,,,,,,,,,,,,,,"2250 SW 3rd Ave 4th floor, Miami, FL 33129","6107569964111306657","Legal services",,,,,,,,,,"Legal services",,,"5226669131406446903","Miami","US",,,"https://lh3.googleusercontent.com/grass-cs/ACvplmOO0ln1r1KiIYHRgFfOmnHDobzYMT1be78OKcw_HZsUxGmZHHgqMyu9N7nbqdJZuZ0HkCC4Ncehj9iyApJtarInMU0b3ZSs3FczZsnpoAMvGWa_9jllR_tfiS_sIt2gRl7m4JrI=w408-h272-k-no","/g/11csryd9dr","en",,"25.7575802","-80.2055465",,"Coral Way","Monday","9 AM to 5 PM","Tuesday","9 AM to 5 PM","Wednesday","9 AM to 5 PM","Thursday","9 AM to 5 PM","Friday","9 AM to 5 PM","Saturday","Closed","Sunday","Closed",,"false","(305) 858-9550","+13058589550","ChIJbRTI4GG22YgRNxH7B-LbiEg",,,,"33129",,"58",,"5","4","0","0","1","0","2026-10-05T10:22:04.057Z","https://www.google.com/maps/search/DUI%20attorney/@25.681863654126005,-80.32203469677728,12z?hl=en","DUI attorney",,"Florida","2250 SW 3rd Ave 4th floor",,"false","Tunkey Law","4.6","https://www.google.com/maps/search/?api=1&query=Tunkey%20Law&query_place_id=ChIJbRTI4GG22YgRNxH7B-LbiEg","false","http://tunkeylaw.com/"
,,,,,,,,,,,,,,,,,,,,,,,,,,,,"420 SW 7th St Suite 1115, Miami, FL 33130","16273170678080179453","Trial attorney",,,,,,,,,,"Trial attorney",,,"17882581553090187735","Miami","US",,,"https://lh3.googleusercontent.com/grass-cs/ACvplmOeAz9uhy1TOlK4R0VbI_ElLhjTSfzO1ZAWTPXSmuBdJym5Ikf5SBj3G6T2TgU1jXt7wLNJ5a3DNtAEVLyIpKja91xR5cZTcKrMMsTzOx1Q0TDLe5auMMScFtd-iGJqblgDVwwE2A=w408-h883-k-no","/g/11b6yrvr5c","en",,"25.7668102","-80.2012928",,"Little Havana","Monday","Open 24 hours","Tuesday","Open 24 hours","Wednesday","Open 24 hours","Thursday","Open 24 hours","Friday","Open 24 hours","Saturday","Open 24 hours","Sunday","Open 24 hours",,"false","(305) 804-2436","+13058042436","ChIJ0ZOzVpq32YgR19HkMi2xK_g",,,,"33130",,"59",,"146","144","0","2","0","0","2026-10-05T10:22:04.057Z","https://www.google.com/maps/search/DUI%20attorney/@25.681863654126005,-80.32203469677728,12z?hl=en","DUI attorney",,"Florida","420 SW 7th St Suite 1115",,"false","Law Office of Scott F. Kotler, P.A","4.9","https://www.google.com/maps/search/?api=1&query=Law%20Office%20of%20Scott%20F.%20Kotler%2C%20P.A&query_place_id=ChIJ0ZOzVpq32YgR19HkMi2xK_g","true","https://www.skotlerlaw.com/"
,,,,,,,,,,,,,,,,,,,,,,,,,,,,"351 NW 42nd Ave, Miami, FL 33126","6814812823956438311","Personal injury attorney",,,,,,,,,,"Personal injury attorney",,,"5747813051098710375","Miami","US",,,"https://lh3.googleusercontent.com/grass-cs/ACvplmPEwfONGlWXaCedTvgvTqHEPNDmJM7g1ImqIfBjew-8HmPKkozEF5dYYrRjuUFQHPg52Fl2qDvXHKPVEQOs0Uspf6_IO_ByMfAtDcTsVJqVsQmy_PIPyst__uZyKj0VRweR2h5GSg4D7LFQ=w465-h240-k-no","/g/1tjdg_kl","en",,"25.775773","-80.263666",,"Flagami","Monday","Open 24 hours","Tuesday","Open 24 hours","Wednesday","Open 24 hours","Thursday","Open 24 hours","Friday","Open 24 hours","Saturday","Open 24 hours","Sunday","Open 24 hours",,"false","(305) 631-1911","+13056311911","ChIJESmju2-32YgRZ8EXSoRVxE8",,,,"33126",,"60",,"1309","1294","1","12","1","1","2026-10-05T10:22:04.057Z","https://www.google.com/maps/search/DUI%20attorney/@25.681863654126005,-80.32203469677728,12z?hl=en","DUI attorney",,"Florida","351 NW 42nd Ave",,"false","Suarez And Montero Car Accident Lawyer Miami .Com","5","https://www.google.com/maps/search/?api=1&query=Suarez%20And%20Montero%20Car%20Accident%20Lawyer%20Miami%20.Com&query_place_id=ChIJESmju2-32YgRZ8EXSoRVxE8","true","http://www.jaime-suarez.com/"
,,,,,,,,,,,,,,,,,,,,,,,,,,,,"14 NE 1st Ave #301, Miami, FL 33132","4284666161476243552","Criminal justice attorney","Law firm","Attorney","Legal services",,,,,,,"Criminal justice attorney",,,"2581663778461796972","Miami","US",,,"https://lh3.googleusercontent.com/grass-cs/ACvplmNT7wSJ3PTFxkhl_Zk1aLD-CsY8K1udlnCHF5f_IKzNKTCymx73WkKAZE4vG5u77PeO281bkSb49AUEZmokWBokL4iBULQ4o3LtxlPF-aW_SEkmqgjd_z5mK-KjmTCPdZI5TXULDRKgbWQ=w408-h544-k-no","/g/1w0r0qbs","en",,"25.7744725","-80.19207",,"Government Center","Monday","Open 24 hours","Tuesday","Open 24 hours","Wednesday","Open 24 hours","Thursday","Open 24 hours","Friday","Open 24 hours","Saturday","Open 24 hours","Sunday","Open 24 hours",,"false","(305) 379-4441","+13053794441","ChIJ76IRFIW22YgRbEq1PIfp0yM",,,,"33132",,"21",,"96","88","2","6","0","0","2026-10-05T10:22:04.327Z","https://www.google.com/maps/search/criminal%20defense%20lawyer/@25.681863654126005,-80.32203469677728,12z?hl=en","criminal defense lawyer",,"Florida","14 NE 1st Ave #301",,"false","Frank J. Gaviria, P.A","4.7","https://www.google.com/maps/search/?api=1&query=Frank%20J.%20Gaviria%2C%20P.A&query_place_id=ChIJ76IRFIW22YgRbEq1PIfp0yM","true","https://frankgaviria.com/?utm_source=google-local&utm_medium=organic&utm_campaign=4304"
,,,,,,,,,,,,,,,,,,,,,,,,,,,,"4000 Ponce de Leon Blvd Ste 480, Coral Gables, FL 33146","8517620707728818086","Criminal justice attorney",,,,,,,,,,"Criminal justice attorney",,,"3400024545980792117","Coral Gables","US",,,"https://lh3.googleusercontent.com/grass-cs/ACvplmPZLhQWZWLF2w-rzkOZLXPG0ONTyHJWxNNoUEwdJPTSY_RK8dx12B5rV3135dDGwbA826TyARF7_WjtvuqhC3Z7bsZtdrciCDIWwGhIFs66XcYuQaZHAvJ5Y87c-l3GJqnk_uoWHQ=w408-h272-k-no","/g/1tgk1fnr","en",,"25.7340275","-80.2590105",,"Industrial Section","Monday","Open 24 hours","Tuesday","Open 24 hours","Wednesday","Open 24 hours","Thursday","Open 24 hours","Friday","Open 24 hours","Saturday","Open 24 hours","Sunday","Open 24 hours",,"false","(305) 377-1777","+13053771777","ChIJP5HQ34C22YgRNT3Lek9QLy8",,,,"33146",,"31",,"44","36","0","8","0","0","2026-10-05T10:22:04.327Z","https://www.google.com/maps/search/criminal%20defense%20lawyer/@25.681863654126005,-80.32203469677728,12z?hl=en","criminal defense lawyer",,"Florida","4000 Ponce de Leon Blvd Ste 480",,"false","Bruce H. Lehr","4.3","https://www.google.com/maps/search/?api=1&query=Bruce%20H.%20Lehr&query_place_id=ChIJP5HQ34C22YgRNT3Lek9QLy8","true","http://www.lehrlevimendez.com/"
,,,,,,,,,,,,,,,,,,,,,,,,,,,,"1688 Meridian Ave STE 700, Miami Beach, FL 33139","11410945315166928915","Criminal justice attorney",,,,,,,,,,"Criminal justice attorney",,,"1940763489720885949","Miami Beach","US",,,"https://lh3.googleusercontent.com/grass-cs/ACvplmOR_fl7VSofqi5aDmUYIE56SdyIWnP-eCqDSkADgdOojJdmNYSF8nHOjYo1WZWw2QOatSNsV3OEXCdfkf23NtZflItxNWITZjyT51qM-5_3UI2jL14BWHhckAg2y33QFVzXV2lrWlEHeQgD=w537-h240-k-no","/g/1q62jz8d_","en",,"25.7918783","-80.1369366",,"Lincoln Road","Monday","Open 24 hours","Tuesday","Open 24 hours","Wednesday","Open 24 hours","Thursday","Open 24 hours","Friday","Open 24 hours","Saturday","Open 24 hours","Sunday","Open 24 hours",,"false","(305) 610-5526","+13056105526","ChIJ4zjHxGGs2YgRvWLcfRz67ho",,,,"33139",,"40",,"40","40","0","0","0","0","2026-10-05T10:22:04.328Z","https://www.google.com/maps/search/criminal%20defense%20lawyer/@25.681863654126005,-80.32203469677728,12z?hl=en","criminal defense lawyer",,"Florida","1688 Meridian Ave STE 700",,"false","The Brody Law Firm","5","https://www.google.com/maps/search/?api=1&query=The%20Brody%20Law%20Firm&query_place_id=ChIJ4zjHxGGs2YgRvWLcfRz67ho","true","https://www.brodylawyer.com/"
,,,,,,,,,,,,,,,,,,,,,,,,,,,,"2470 SW 137th Ave, Miami, FL 33175","16661970493569493150","Family law attorney","Divorce lawyer","Estate litigation attorney","Estate planning attorney",,,,,,,"Family law attorney",,,"18167766776655473804","Miami","US",,,"https://lh3.googleusercontent.com/gps-cs-s/ANWiy9TlgYUyk0MaStol9Tn9lKen-KN3fGdXnbjTyCNCIij81GbO7t_dV3H-UOZJxuTfrrdkEZbsX9L5auph12xcBylnOAs3tbKXLUz4qf4mGwUIoLOs0pzciXxELAOfZNewnqK57da4X2D7ylj5=w408-h510-k-no","/g/11q22269b7","en",,"25.7446958","-80.4169577",,"West End","Monday","9 AM to 6 PM","Tuesday","9 AM to 6 PM","Wednesday","9 AM to 6 PM","Thursday","9 AM to 6 PM","Friday","9 AM to 6 PM","Saturday","Closed","Sunday","Closed",,"false","(786) 438-9788","+17864389788","ChIJOcDEs4PZK48RjGyxXKDfIPw",,,,"33175",,"21",,"101","93","1","7","0","0","2026-10-05T10:22:04.570Z","https://www.google.com/maps/search/criminal%20defense%20lawyer/@25.681863654126005,-80.59507530322269,12z?hl=en","criminal defense lawyer",,"Florida","2470 SW 137th Ave",,"false","Rodriguez Law Firm, PA","4.7","https://www.google.com/maps/search/?api=1&query=Rodriguez%20Law%20Firm%2C%20PA&query_place_id=ChIJOcDEs4PZK48RjGyxXKDfIPw","false","http://www.rodriguezlawfirmpa.com/"
,,,,,,,,,,,,,,,,,,,,,,,,,,,,"12930 SW 128th St STE 103, Miami, FL 33186",,"Attorney",,,,,,,,,,"Attorney",,,"12017873766067844669","Miami","US",,,"https://streetviewpixels-pa.googleapis.com/v1/thumbnail?panoid=JHrMQOjV7J_G5Ylf3spN-w&cb_client=search.gws-prod.gps&w=408&h=240&yaw=96.54075&pitch=0&thumbfov=100","/g/1vfn7g68","en",,"25.6484272","-80.4042186",,"West End","Monday","9 AM to 5:30 PM","Tuesday","9 AM to 5:30 PM","Wednesday","9 AM to 5:30 PM","Thursday","9 AM to 5:30 PM","Friday","9 AM to 5:30 PM","Saturday","Closed","Sunday","Closed",,"false","(305) 251-2302","+13052512302","ChIJLwLI2nPB2YgRPbb1TYQQyKY",,,,"33186",,"22",,"15","14","0","1","0","0","2026-10-05T10:22:04.570Z","https://www.google.com/maps/search/criminal%20defense%20lawyer/@25.681863654126005,-80.59507530322269,12z?hl=en","criminal defense lawyer",,"Florida","12930 SW 128th St STE 103",,"false","Beguiristain Martin J","4.7","https://www.google.com/maps/search/?api=1&query=Beguiristain%20Martin%20J&query_place_id=ChIJLwLI2nPB2YgRPbb1TYQQyKY","false",
,,,,,,,,,,,,,,,,,,,,,,,,,,,,"10661 N Kendall Dr suite 223, Miami, FL 33176","7443089940509944483","Legal services",,,,,,,,,,"Legal services",,,"4843968792025312050","Miami","US",,,"https://lh3.googleusercontent.com/gps-cs-s/ANWiy9RUL37H-lwDhp4gQA5l4E7TbN5x0BN2pL1ewIwC2Ja2-HKqsUg37XqWckjxggkBYhhX8MVxRz-aYi0z6CsDvej9BqEDQ7JNvOpql3soWagAgo-uF0xXRzANLQrCnEJPO_mSmBkeCA=w408-h510-k-no","/g/11c1p5xk9_","en",,"25.6879833","-80.3653737",,,"Monday","9 AM to 5 PM","Tuesday","9 AM to 5 PM","Wednesday","9 AM to 5 PM","Thursday","9 AM to 5 PM","Friday","9 AM to 5 PM","Saturday","Closed","Sunday","Closed",,"false","(305) 722-0733","+13057220733","ChIJVVUltjLH2YgRMiu_r_M7OUM",,,,"33176",,"23",,"60","60","0","0","0","0","2026-10-05T10:22:04.570Z","https://www.google.com/maps/search/criminal%20defense%20lawyer/@25.681863654126005,-80.59507530322269,12z?hl=en","criminal defense lawyer",,"Florida","10661 N Kendall Dr suite 223",,"false","Law Offices of Grace M. Gomez Molinaro","5","https://www.google.com/maps/search/?api=1&query=Law%20Offices%20of%20Grace%20M.%20Gomez%20Molinaro&query_place_id=ChIJVVUltjLH2YgRMiu_r_M7OUM","false","http://gomezimmigration.com/"
,,,,,,,,,,,,,,,,,,,,,,,,,,,,"2464 SW 137th Ave, Miami, FL 33175","12260562476110332088","Attorney",,,,,,,,,,"Attorney",,,"9562514407782766809","Miami","US",,,"https://streetviewpixels-pa.googleapis.com/v1/thumbnail?panoid=lsxz-uO_fQekqvponNLZyA&cb_client=search.gws-prod.gps&w=408&h=240&yaw=253.45508&pitch=0&thumbfov=100","/g/1262821l7","en",,"25.7445671","-80.4169535",,"West End","Monday","8:30 AM to 3:30 PM","Tuesday","8:30 AM to 3 PM","Wednesday","8:30 AM to 3:30 PM","Thursday","8:30 AM to 3 PM","Friday","Closed","Saturday","Closed","Sunday","Closed",,"false","(305) 325-8600","+13053258600","ChIJxeVIMZm_2YgR2VhygzDgtIQ",,,,"33175",,"25",,"30","29","0","1","0","0","2026-10-05T10:22:04.570Z","https://www.google.com/maps/search/criminal%20defense%20lawyer/@25.681863654126005,-80.59507530322269,12z?hl=en","criminal defense lawyer",,"Florida","2464 SW 137th Ave",,"false","Julio Gutierrez Law Offices PA","4.9","https://www.google.com/maps/search/?api=1&query=Julio%20Gutierrez%20Law%20Offices%20PA&query_place_id=ChIJxeVIMZm_2YgR2VhygzDgtIQ","false","http://thelawdoctor.net/"
,,,,,,,,,,,,,,,,,,,,,,,,,,,,"10720 Caribbean Blvd Suite 540, Cutler Bay, FL 33189",,"Legal services",,,,,,,,,,"Legal services",,,"14052659385220204175","Cutler Bay","US",,,"https://streetviewpixels-pa.googleapis.com/v1/thumbnail?panoid=Fw0KsgV_4mhFmwdGZMRxhQ&cb_client=search.gws-prod.gps&w=408&h=240&yaw=169.98085&pitch=0&thumbfov=100","/g/11rnb3qp32","en",,"25.5762951","-80.3656315",,,"Monday","9 AM to 5:30 PM","Tuesday","9 AM to 5:30 PM","Wednesday","9 AM to 5:30 PM","Thursday","9 AM to 5:30 PM","Friday","9 AM to 5:30 PM","Saturday","Closed","Sunday","Closed",,"false","(305) 809-7516","+13058097516","ChIJvfTE44HE2YgRjwactUETBcM",,,,"33189",,"26",,"22","18","1","3","0","0","2026-10-05T10:22:04.570Z","https://www.google.com/maps/search/criminal%20defense%20lawyer/@25.681863654126005,-80.59507530322269,12z?hl=en","criminal defense lawyer",,"Florida","10720 Caribbean Blvd Suite 540",,"false","Cooke Carbonell, LLP","4.4","https://www.google.com/maps/search/?api=1&query=Cooke%20Carbonell%2C%20LLP&query_place_id=ChIJvfTE44HE2YgRjwactUETBcM","false","http://www.cookecarbonell.com/"
,,,,,,,,,,,,,,,,,,,,,,,,,,,,"11430 N Kendall Dr Suite #300, Miami, FL 33176","13620262777019469254","Law firm",,,,,,,,,,"Law firm",,,"14314519003980457739","Miami","US",,,"https://streetviewpixels-pa.googleapis.com/v1/thumbnail?panoid=xw9-85GCP4OJOOPcz1qN4w&cb_client=search.gws-prod.gps&w=408&h=240&yaw=194.11069&pitch=0&thumbfov=100","/g/11fx7t3tc1","en",,"25.6850233","-80.3817839",,,"Monday","9 AM to 5 PM","Tuesday","9 AM to 5 PM","Wednesday","9 AM to 5 PM","Thursday","9 AM to 5 PM","Friday","9 AM to 5 PM","Saturday","Closed","Sunday","Closed",,"false","(305) 670-1880","+13056701880","ChIJKXHfb6u-2YgRC2fVSjFjp8Y",,,,"33176",,"27",,"7","7","0","0","0","0","2026-10-05T10:22:04.570Z","https://www.google.com/maps/search/criminal%20defense%20lawyer/@25.681863654126005,-80.59507530322269,12z?hl=en","criminal defense lawyer",,"Florida","11430 N Kendall Dr Suite #300",,"false","Law Offices of Corredor & Husseini P.A","5","https://www.google.com/maps/search/?api=1&query=Law%20Offices%20of%20Corredor%20%26%20Husseini%20P.A&query_place_id=ChIJKXHfb6u-2YgRC2fVSjFjp8Y","false","https://www.corredorlaw.com/"
,,,,,,,,,,,,,,,,,,,,,,,,,,,,"7990 SW 117th Ave, Miami, FL 33183","17882551217603466858","Family law attorney","Divorce lawyer","Estate planning attorney","Attorney",,,,,,,"Family law attorney",,,"2082053347492607972","Miami","US",,,"https://lh3.googleusercontent.com/gps-cs-s/ANWiy9RJ4QLTpkNM02K_mV551htm984YOV1fGfOlCdeta-XzPrmmmzt_KVqfWgNkV-ChcYnjMZ6yucYBswmkgnlJgAd_u0LTW6HVfvS_rto9IwgaW8hhuCHbMqEoDM42-qhWlqhejTEM=w408-h408-k-no","/g/1vyn4nk9","en",,"25.6942185","-80.3824849",,,"Monday","8:30 AM to 5:30 PM","Tuesday","8:30 AM to 5:30 PM","Wednesday","8:30 AM to 5:30 PM","Thursday","8:30 AM to 5:30 PM","Friday","8:30 AM to 5:30 PM","Saturday","Closed","Sunday","Closed",,"false","(786) 591-1849","+17865911849","ChIJ4UPmUsHA2YgR5Le1BH3w5Bw",,,,"33183",,"28",,"31","28","0","3","0","0","2026-10-05T10:22:04.570Z","https://www.google.com/maps/search/criminal%20defense%20lawyer/@25.681863654126005,-80.59507530322269,12z?hl=en","criminal defense lawyer",,"Florida","7990 SW 117th Ave",,"false","Law Offices of Granoff & Kessler","4.6","https://www.google.com/maps/search/?api=1&query=Law%20Offices%20of%20Granoff%20%26%20Kessler&query_place_id=ChIJ4UPmUsHA2YgR5Le1BH3w5Bw","false","https://gandklaw.com/"
,,,,,,,,,,,,,,,,,,,,,,,,,,,,"11890 SW 8th St Ste 406, Miami, FL 33184","11524226215512247107","Personal injury attorney","Business attorney","Civil law attorney","Family law attorney","General practice attorney",,,,,,"Personal injury attorney",,,"14758633432301415881","Miami","US",,,"https://lh3.googleusercontent.com/gps-cs-s/ANWiy9RZiUzFWSDdIGKIc3DbTTaY8NDHxqsTNwL4CduiqEXmt07z6evMlDEN2uBuPlq9ZAo4HPF1_OTgD-Y7v6NSJt1v6nRaKcsifjM9IJPrXWfMvcL77gMbpJyMfa40dEcUNIIQ0hmqzQuIfaCz=w408-h408-k-no","/g/11jnnpm41d","en",,"25.760581","-80.3884377",,"West End","Monday","9 AM to 5 PM","Tuesday","9 AM to 5 PM","Wednesday","9 AM to 5 PM","Thursday","9 AM to 5 PM","Friday","9 AM to 5 PM","Saturday","Closed","Sunday","Closed",,"false","(786) 360-2122","+17863602122","ChIJ0dzRCmGt2YgRya2Hfuky0cw",,,,"33184",,"29",,"116","112","1","3","0","0","2026-10-05T10:22:04.570Z","https://www.google.com/maps/search/criminal%20defense%20lawyer/@25.681863654126005,-80.59507530322269,12z?hl=en","criminal defense lawyer",,"Florida","11890 SW 8th St Ste 406",,"false","Adriana P. Santiesteban, P.A.","4.9","https://www.google.com/maps/search/?api=1&query=Adriana%20P.%20Santiesteban%2C%20P.A.&query_place_id=ChIJ0dzRCmGt2YgRya2Hfuky0cw","false","https://attorneyaps.com/"
,,,,,,,,,,,,,,,,,,,,,,,,,,,,"9570 SW 107th Ave Ste 202, Miami, FL 33176","12711690934117507696","Law firm",,,,,,,,,,"Law firm",,,"7300891165722455518","Miami","US",,,"https://streetviewpixels-pa.googleapis.com/v1/thumbnail?panoid=E_O6nv_rBpCFfyFsBbiVHg&cb_client=search.gws-prod.gps&w=408&h=240&yaw=341.4521&pitch=0&thumbfov=100","/g/11jlz98n4y","en",,"25.680406","-80.3683462",,,"Monday","9 AM to 6 PM","Tuesday","9 AM to 6 PM","Wednesday","9 AM to 6 PM","Thursday","9 AM to 6 PM","Friday","9 AM to 6 PM","Saturday","9 AM to 6 PM","Sunday","Closed",,"false","(305) 222-7791","+13052227791","ChIJYTtuixvB2YgR3q2sXNX5UWU",,,,"33176",,"30",,"16","15","0","1","0","0","2026-10-05T10:22:04.570Z","https://www.google.com/maps/search/criminal%20defense%20lawyer/@25.681863654126005,-80.59507530322269,12z?hl=en","criminal defense lawyer",,"Florida","9570 SW 107th Ave Ste 202",,"false","Patricia Mesa, P.A.","4.8","https://www.google.com/maps/search/?api=1&query=Patricia%20Mesa%2C%20P.A.&query_place_id=ChIJYTtuixvB2YgR3q2sXNX5UWU","false","http://www.patriciamesapa.com/"
,,,,,,,,,,,,,,,,,,,,,,,,,,,,"16782 SW 88th St #436, Miami, FL 33193","12747944934552215736","Attorney","Business attorney","Copywriting service","Law firm","Legal services",,,,,,"Attorney",,,"9710799457133129131","Miami","US",,,"https://streetviewpixels-pa.googleapis.com/v1/thumbnail?panoid=mgBOrE3Jg5u0xJ-DXIwQ6A&cb_client=search.gws-prod.gps&w=408&h=240&yaw=217.29335&pitch=0&thumbfov=100","/g/11fl88nklh","en",,"25.6827275","-80.4647305",,"West End","Monday","9 AM to 5 PM","Tuesday","9 AM to 5 PM","Wednesday","9 AM to 5 PM","Thursday","9 AM to 5 PM","Friday","9 AM to 5 PM","Saturday","Closed","Sunday","Closed",,"false","(305) 570-0551","+13055700551","ChIJISQelJXB2YgRq-15_6eww4Y",,,,"33193",,"31",,"16","16","0","0","0","0","2026-10-05T10:22:04.570Z","https://www.google.com/maps/search/criminal%20defense%20lawyer/@25.681863654126005,-80.59507530322269,12z?hl=en","criminal defense lawyer",,"Florida","16782 SW 88th St #436",,"false","Law Office of Cynthia R. Vega, PLLC","5","https://www.google.com/maps/search/?api=1&query=Law%20Office%20of%20Cynthia%20R.%20Vega%2C%20PLLC&query_place_id=ChIJISQelJXB2YgRq-15_6eww4Y","false","https://www.cynthiavegalaw.com/"
,,,,,,,,,,,,,,,,,,,,,,,,,,,,"11440 N Kendall Dr Ste 201, Miami, FL 33176","3294325682179513816","Criminal justice attorney","Civil law attorney","Law firm","Estate planning attorney","Attorney","Notary public","Real estate attorney","Title company","Trial attorney",,"Criminal justice attorney",,,"12940396928456383680","Miami","US",,,"https://lh3.googleusercontent.com/gps-cs-s/ANWiy9SBdJ6h0hLqmg-YcSVNWfQlw3EV4w5uhgIU_uM_BoO5yWe1zedoUKSJ69oFoaAX8OXYI7jqjEUqZ3sA9tTvZPkB9R1k3VzFvu3Bck0DY5ueW71LoWjiV7Xo7RsCfGJr1yjjsqv8=w648-h240-k-no","/g/11bxbb1j7f","en",,"25.6850428","-80.3822876",,,"Monday","9 AM to 5 PM","Tuesday","9 AM to 5 PM","Wednesday","9 AM to 5 PM","Thursday","9 AM to 5 PM","Friday","9 AM to 5 PM","Saturday","Closed","Sunday","Closed",,"false","(305) 760-4003","+13057604003","ChIJdW3KO5G32YgRwNwy_XGGlbM",,,,"33176",,"32",,"45","44","0","1","0","0","2026-10-05T10:22:04.570Z","https://www.google.com/maps/search/criminal%20defense%20lawyer/@25.681863654126005,-80.59507530322269,12z?hl=en","criminal defense lawyer",,"Florida","11440 N Kendall Dr Ste 201",,"false","JNR Law Group - Attorney Jeannine N. Rodriguez","4.9","https://www.google.com/maps/search/?api=1&query=JNR%20Law%20Group%20-%20Attorney%20Jeannine%20N.%20Rodriguez&query_place_id=ChIJdW3KO5G32YgRwNwy_XGGlbM","false","http://www.jnrlawgroup.com/"
,,,,,,,,,,,,,,,,,,,,,,,,,,,,"937 SW 122nd Ave, Miami, FL 33184","2398532277789510926","General practice attorney",,,,,,,,,,"General practice attorney",,,"9510079046393057171","Miami","US",,,"https://streetviewpixels-pa.googleapis.com/v1/thumbnail?panoid=8aa1cCkP5PWolwORl_jLug&cb_client=search.gws-prod.gps&w=408&h=240&yaw=123.61415&pitch=0&thumbfov=100","/g/11n3lhlnf5","en",,"25.7596343","-80.3920812",,"West End","Monday","9 AM to 5 PM","Tuesday","9 AM to 5 PM","Wednesday","9 AM to 5 PM","Thursday","9 AM to 5 PM","Friday","9 AM to 5 PM","Saturday","9 AM to 2 PM","Sunday","Closed",,"false","(305) 537-9390","+13055379390","ChIJJVUKxuS_2YgRk88kkoGW-oM",,,,"33184",,"33",,"2","2","0","0","0","0","2026-10-05T10:22:04.570Z","https://www.google.com/maps/search/criminal%20defense%20lawyer/@25.681863654126005,-80.59507530322269,12z?hl=en","criminal defense lawyer",,"Florida","937 SW 122nd Ave",,"false","BRYAN R. RAMOS","5","https://www.google.com/maps/search/?api=1&query=BRYAN%20R.%20RAMOS&query_place_id=ChIJJVUKxuS_2YgRk88kkoGW-oM","false","https://www.bryanramospllc.com/"
,,,,,,,,,,,,,,,,,,,,,,,,,,,,"10637 N Kendall Dr #7H, Miami, FL 33176","7200041919058988833","Criminal justice attorney","Bankruptcy attorney","Immigration attorney",,,,,,,,"Criminal justice attorney",,,"14414860724144124121","Miami","US",,,"https://streetviewpixels-pa.googleapis.com/v1/thumbnail?panoid=Wv4mPPgsm3GKUzN4suStyQ&cb_client=search.gws-prod.gps&w=408&h=240&yaw=23.773878&pitch=0&thumbfov=100","/g/1tdvfcl_","en",,"25.6875807","-80.364609",,,"Monday","8 AM to 5 PM","Tuesday","8 AM to 5 PM","Wednesday","8 AM to 5 PM","Thursday","8 AM to 5 PM","Friday","8 AM to 5 PM","Saturday","Closed","Sunday","Closed",,"false","(941) 782-8903","+19417828903","ChIJZ_lbM3e32YgR2TBXlXTfC8g",,,,"33176",,"34",,"2","2","0","0","0","0","2026-10-05T10:22:04.570Z","https://www.google.com/maps/search/criminal%20defense%20lawyer/@25.681863654126005,-80.59507530322269,12z?hl=en","criminal defense lawyer",,"Florida","10637 N Kendall Dr #7H",,"false","The Figueredo Law Offices, PA","5","https://www.google.com/maps/search/?api=1&query=The%20Figueredo%20Law%20Offices%2C%20PA&query_place_id=ChIJZ_lbM3e32YgR2TBXlXTfC8g","false","https://www.tuvisa.us/"
,,,,,,,,,,,,,,,,,,,,,,,,,,,,"12001 SW 128th Ct Ste 209, Miami, FL 33186","235168320281864703","Immigration attorney",,,,,,,,,,"Immigration attorney",,,"10074232533373860342","Miami","US",,,"https://lh3.googleusercontent.com/gps-cs-s/ANWiy9R5VAFvPjWFqTAx_YF_nADB4SO518-mBfvxsVC3yUsW5xX4ajMBM8Mk9g_mWwdnpBqH14pMqRHJU3hHXvsEnFluayhGzi4p8098KJDNh-J19OJ7HRRznBqoA5PXZFDfgA7hqyU=w408-h611-k-no","/g/11gx_n5kk7","en",,"25.6561879","-80.4020046",,"West End","Monday","9 AM to 5:30 PM","Tuesday","9 AM to 5:30 PM","Wednesday","9 AM to 5:30 PM","Thursday","9 AM to 5:30 PM","Friday","9 AM to 5:30 PM","Saturday","Closed","Sunday","Closed",,"false","(786) 360-1135","+17863601135","ChIJxUuSiy_H2YgR9rluEB3dzos",,,,"33186",,"35",,"265","257","1","7","0","0","2026-10-05T10:22:04.570Z","https://www.google.com/maps/search/criminal%20defense%20lawyer/@25.681863654126005,-80.59507530322269,12z?hl=en","criminal defense lawyer",,"Florida","12001 SW 128th Ct Ste 209",,"false","Law Office of Morella Aguado P.A","4.9","https://www.google.com/maps/search/?api=1&query=Law%20Office%20of%20Morella%20Aguado%20P.A&query_place_id=ChIJxUuSiy_H2YgR9rluEB3dzos","false","http://aguadolaw.com/"
,,,,,,,,,,,,,,,,,,,,,,,,,,,,"5942 SW 166th Ct, Miami, FL 33193",,"Attorney",,,,,,,,,,"Attorney",,,"4766148823813956818","Miami","US",,,"https://lh3.googleusercontent.com/gps-cs-s/ANWiy9R9qW8Ha60-YO7LU2NQ-jhNU152rhTS8bWnGH-kH2hQ00n3S3f9ZPqlfBUNRmSkv0Ab3l_VmjuFPHm4ITOmW0067-URP8efQqEERfBvGls0p_LF_KpRfhCv4gZQbCgY6wKw-_U=w426-h240-k-no","/g/1tgdpc4t","en",,"25.7097934","-80.4627564",,"West End",,,,,,,,,,,,,,,,"false","(786) 355-6656","+17863556656","ChIJ433McaLq2YgR0qQTZhrDJEI",,,,"33193",,"36",,"2","2","0","0","0","0","2026-10-05T10:22:04.571Z","https://www.google.com/maps/search/criminal%20defense%20lawyer/@25.681863654126005,-80.59507530322269,12z?hl=en","criminal defense lawyer",,"Florida","5942 SW 166th Ct",,"false","Julissa Rodriguez Law Offices","5","https://www.google.com/maps/search/?api=1&query=Julissa%20Rodriguez%20Law%20Offices&query_place_id=ChIJ433McaLq2YgR0qQTZhrDJEI",,"http://jrhernandezlaw.com/"
,,,,,,,,,,,,,,,,,,,,,,,,,,,,"11440 N Kendall Dr Ste 400, Miami, FL 33176","3825173528331683692","Law firm","Immigration attorney","Insurance attorney","Legal services","Personal injury attorney",,,,,,"Law firm",,,"83248995036460542","Miami","US",,,"https://lh3.googleusercontent.com/gps-cs-s/ANWiy9QlOPxFPF0di3srlXBB3-aqySKJR7kpGmU9pQI4Tt9jAV2iruyzAhhfqImsjFGC2RXN2XS6zMXAKYYnIG8re7CigNnrqesub2l6dgkFAilvSicBxjE7Gtvw31Dl4wMi3i8hE1mN=w427-h240-k-no","/g/1tx_74tg","en",,"25.6853974","-80.3821882",,,"Monday","9 AM to 5 PM","Tuesday","9 AM to 5 PM","Wednesday","9 AM to 5 PM","Thursday","9 AM to 5 PM","Friday","9 AM to 5 PM","Saturday","Closed","Sunday","Closed",,"false","(305) 595-2400","+13055952400","ChIJ2RmCYNvA2YgR_nUOGYXCJwE",,,,"33176",,"37",,"29","21","0","6","1","1","2026-10-05T10:22:04.571Z","https://www.google.com/maps/search/criminal%20defense%20lawyer/@25.681863654126005,-80.59507530322269,12z?hl=en","criminal defense lawyer",,"Florida","11440 N Kendall Dr Ste 400",,"false","Greenberg & Urbano","4","https://www.google.com/maps/search/?api=1&query=Greenberg%20%26%20Urbano&query_place_id=ChIJ2RmCYNvA2YgR_nUOGYXCJwE","false","http://www.grulaw.com/"
,,,,,,,,,,,,,,,,,,,,,,,,,,,,"13701 SW 88th St Ste 304-b, Miami, FL 33186","13789486390376173676","Law firm",,,,,,,,,,"Law firm",,,"250222620527306031","Miami","US",,,"https://streetviewpixels-pa.googleapis.com/v1/thumbnail?panoid=D1gN2KeOxNUsnY7XzgEOfA&cb_client=search.gws-prod.gps&w=408&h=240&yaw=253.3825&pitch=0&thumbfov=100","/g/11x8qrzd5k","en",,"25.68585","-80.4170388",,"West End","Monday","8 AM to 6 PM","Tuesday","8 AM to 6 PM","Wednesday","8 AM to 6 PM","Thursday","8 AM to 6 PM","Friday","8 AM to 6 PM","Saturday","Closed","Sunday","Closed",,"false","(305) 848-5558","+13058485558","ChIJj-k38r3B2YgRLyVMyyX4eAM",,,,"33186",,"38",,"10","10","0","0","0","0","2026-10-05T10:22:04.571Z","https://www.google.com/maps/search/criminal%20defense%20lawyer/@25.681863654126005,-80.59507530322269,12z?hl=en","criminal defense lawyer",,"Florida","13701 SW 88th St Ste 304-b",,"false","Loayza Law Offices","5","https://www.google.com/maps/search/?api=1&query=Loayza%20Law%20Offices&query_place_id=ChIJj-k38r3B2YgRLyVMyyX4eAM","false","http://www.loayzalaw.net/"
,,,,,,,,,,,,,,,,,,,,,,,,,,,,"12600 SW 120th St Ste 106, Miami, FL 33186","18201344935129854032","Attorney",,,,,,,,,,"Attorney",,,"936238965231980288","Miami","US",,,"https://lh3.googleusercontent.com/gps-cs-s/ANWiy9SeLrtDihkRwIZ0xUyozSF6kr36MwRQ9lYilUsOisDS0Mh_PZrzmHDeFa6E5FOLHGXzLjEW0xYiuuMVbObu5Xt9Pgmi2YnJO-DhstgOqscA1hVMjOiiiPAaU8g3akwXgyY-Y4U-2tp5dA7L=w408-h308-k-no","/g/11mvypzsth","en",,"25.65672","-80.398647",,"West End","Monday","9 AM to 6:30 PM","Tuesday","9 AM to 6:30 PM","Wednesday","9 AM to 6:30 PM","Thursday","9 AM to 6:30 PM","Friday","9 AM to 6:30 PM","Saturday","Closed","Sunday","Closed",,"false","(305) 988-0039","+13059880039","ChIJ_3A-e5632YgRAA-I42Aw_gw",,,,"33186",,"39",,"62","62","0","0","0","0","2026-10-05T10:22:04.571Z","https://www.google.com/maps/search/criminal%20defense%20lawyer/@25.681863654126005,-80.59507530322269,12z?hl=en","criminal defense lawyer",,"Florida","12600 SW 120th St Ste 106",,"false","The Law Office of Jhohanny Colon, P.A.","5","https://www.google.com/maps/search/?api=1&query=The%20Law%20Office%20of%20Jhohanny%20Colon%2C%20P.A.&query_place_id=ChIJ_3A-e5632YgRAA-I42Aw_gw","false","https://jcolonlaw.com/"
,,,,,,,,,,,,,,,,,,,,,,,,,,,,"11401 SW 40th St Ste 460, Miami, FL 33165","14234129932694276196","Divorce lawyer","Attorney",,,,,,,,,"Divorce lawyer",,,"16440439144491377157","Miami","US",,,"https://lh3.googleusercontent.com/gps-cs-s/ANWiy9TftANlIyBYFrmmbXZOqN4g_WrtHRxi0HSN60iBXyrKWAWryykrunq7iOaeuz7oDoSwq_AAwxjRVtSEHtONMWTCy3HsXDble31r6hrGdxJjR-Zg1nXXvwSWVWjDThgDOWrPP6ILKA=w408-h256-k-no","/g/1tjxgg6t","en",,"25.732672","-80.380177",,"University Park","Monday","9 AM to 5 PM","Tuesday","9 AM to 5 PM","Wednesday","9 AM to 5 PM","Thursday","9 AM to 5 PM","Friday","9 AM to 5 PM","Saturday","Closed","Sunday","Closed",,"false","(305) 443-2496","+13054432496","ChIJ63xXSam32YgRBeLV9kssKOQ",,,,"33165",,"40",,"26","22","2","1","1","0","2026-10-05T10:22:04.571Z","https://www.google.com/maps/search/criminal%20defense%20lawyer/@25.681863654126005,-80.59507530322269,12z?hl=en","criminal defense lawyer",,"Florida","11401 SW 40th St Ste 460",,"false","Law Offices of Carlos Muniz, P.A.","4.7","https://www.google.com/maps/search/?api=1&query=Law%20Offices%20of%20Carlos%20Muniz%2C%20P.A.&query_place_id=ChIJ63xXSam32YgRBeLV9kssKOQ","false",
,,,,,,,,,,,,,,,,,,,,,,,,,,,,"10691 N Kendall Dr #210, Miami, FL 33176","18205742302217365654","Immigration attorney","Family law attorney","Attorney",,,,,,,,"Immigration attorney",,,"4727150763810958240","Miami","US",,,"https://lh3.googleusercontent.com/gps-cs-s/AHRPTWmvhtyu8xBCHpFcEJQnniJWJjCKt_rgZur-8ofUY7eObyPJZO1WTzeXAx9AyLGys_NENNCJewPtOcDgoixGw0iA9cYUTHLYPHGkm_Bi5gKwjcWSwwjGZ0o4SdH2IG8NNkF3gHU6=w408-h271-k-no","/g/11bw5ytpc1","en",,"25.6885859","-80.3655298",,,"Monday","8:30 AM to 5 PM","Tuesday","8:30 AM to 5 PM","Wednesday","8:30 AM to 5 PM","Thursday","8:30 AM to 5 PM","Friday","8:30 AM to 5 PM","Saturday","Closed","Sunday","Closed",,"false","(305) 596-3618","+13055963618","ChIJVVQD1xbB2YgRoCur_JI2mkE",,,,"33176",,"18",,"170","161","1","8","0","0","2026-10-05T10:22:04.766Z","https://www.google.com/maps/search/DUI%20attorney/@25.681863654126005,-80.59507530322269,12z?hl=en","DUI attorney",,"Florida","10691 N Kendall Dr #210",,"false","Rotella & Hernandez Immigration and Family Law","4.8","https://www.google.com/maps/search/?api=1&query=Rotella%20%26%20Hernandez%20Immigration%20and%20Family%20Law&query_place_id=ChIJVVQD1xbB2YgRoCur_JI2mkE","false","http://www.rotellahernandezlaw.com/"
,,,,,,,,,,,,,,,,,,,,,,,,,,,,"13195 SW 134th St Ste 204, Miami, FL 33186","17859300985285775043","Personal injury attorney",,,,,,,,,,"Personal injury attorney",,,"2569372350831464983","Miami","US",,,"https://lh3.googleusercontent.com/gps-cs-s/AHRPTWkOyvYtswHd1kJyN1ajBtB86nFXESSQFnftjOeFb_aynSFwgYG_fVSAqVpPipfALoFNoFNQzYsdFu8VJce_pQMqPfBTauPTe0IAOD3MTtvsp_6JaJMBfBheltHcpKwy4LtfsdSJ=w408-h544-k-no","/g/11frqvbskw","en",,"25.6434728","-80.4064366",,"West End","Monday","9 AM to 5:30 PM","Tuesday","9 AM to 5:30 PM","Wednesday","9 AM to 5:30 PM","Thursday","9 AM to 5:30 PM","Friday","9 AM to 5:30 PM","Saturday","Closed","Sunday","Closed",,"false","(305) 938-0665","+13059380665","ChIJnd0gX9jD2YgRFxIFO4o-qCM",,,,"33186",,"20",,"40","40","0","0","0","0","2026-10-05T10:22:04.766Z","https://www.google.com/maps/search/DUI%20attorney/@25.681863654126005,-80.59507530322269,12z?hl=en","DUI attorney",,"Florida","13195 SW 134th St Ste 204",,"false","The Jas Law Firm","5","https://www.google.com/maps/search/?api=1&query=The%20Jas%20Law%20Firm&query_place_id=ChIJnd0gX9jD2YgRFxIFO4o-qCM","false","http://www.thejaslawfirm.com/"
,,,,,,,,,,,,,,,,,,,,,,,,,,,,"2030 Douglas Rd Ste 214, Coral Gables, FL 33134","9979401119702178739","Trial attorney","Criminal justice attorney","Law firm","Attorney",,,,,,,"Trial attorney",,,"9631562709049086359","Coral Gables","US",,,"https://lh3.googleusercontent.com/grass-cs/ACvplmPgRiR0lm7WZs1Lor0gzO66ZWxm92qS6X-HWeultR1xsntMW2usbyaPdas0tOriPqDQdkVVm7G5m3PDmCOYAQNy4t1vD6Xz1xDNTAGQIVf3_fAM-O8nvNhKVa4hATFVulc_DfM=w431-h240-k-no","/g/1tghqcyv","en",,"25.7536847","-80.2552493",,"Coral Gables Section","Monday","9 AM to 5 PM","Tuesday","9 AM to 5 PM","Wednesday","9 AM to 5 PM","Thursday","9 AM to 5 PM","Friday","9 AM to 5 PM","Saturday","Closed","Sunday","Closed",,"false","(305) 441-8881","+13054418881","ChIJlwEYl5i32YgRlxHF8EAvqoU",,,,"33134",,"21",,"51","49","0","2","0","0","2026-10-05T10:22:04.757Z","https://www.google.com/maps/search/drug%20crime%20lawyer/@25.681863654126005,-80.32203469677728,12z?hl=en","drug crime lawyer",,"Florida","2030 Douglas Rd Ste 214",,"false","The Law Offices of Walter A. Reynoso, P.A.","4.8","https://www.google.com/maps/search/?api=1&query=The%20Law%20Offices%20of%20Walter%20A.%20Reynoso%2C%20P.A.&query_place_id=ChIJlwEYl5i32YgRlxHF8EAvqoU","false","https://lawreynoso.com/"
,,,,,,,,,,,,,,,,,,,,,,,,,,,,"25 SE 2nd Ave Ste 808, Miami, FL 33131","1307049468817088664","Criminal justice attorney",,,,,,,,,,"Criminal justice attorney",,,"12933936079349507040","Miami","US",,,"https://lh3.googleusercontent.com/grass-cs/ACvplmNRx9PNPh4bMrFVSxkaVdEq_khcVd0DG5v-4aaUqhwoBwqMiUVtirGz4aokyNTBeiW4g4err3ZaUHvsZKrTEi4VyfrUGtuxUPC68QPtE5E7Wz2SfYnTIInEGl2rL24wXYIiBDyRfTCSzOAq=w426-h240-k-no","/g/1wj_v1xp","en",,"25.7737406","-80.1900783",,"Downtown Miami","Monday","9 AM to 5 PM","Tuesday","9 AM to 5 PM","Wednesday","9 AM to 5 PM","Thursday","9 AM to 5 PM","Friday","9 AM to 5 PM","Saturday","Closed","Sunday","Closed",,"false","(305) 374-4600","+13053744600","ChIJ5QjyNga32YgR4GM8VVaSfrM",,,,"33131",,"28",,"32","29","1","2","0","0","2026-10-05T10:22:04.757Z","https://www.google.com/maps/search/drug%20crime%20lawyer/@25.681863654126005,-80.32203469677728,12z?hl=en","drug crime lawyer",,"Florida","25 SE 2nd Ave Ste 808",,"false","Law Office of Dustin Tischler, P.A. - Federal Crime Attorney","4.7","https://www.google.com/maps/search/?api=1&query=Law%20Office%20of%20Dustin%20Tischler%2C%20P.A.%20-%20Federal%20Crime%20Attorney&query_place_id=ChIJ5QjyNga32YgR4GM8VVaSfrM","false","https://dustintischlerlaw.com/?utm_source=gbp&utm_medium=websiteoption&utm_campaign=googlebusinessprofile"
,,,,,,,,,,,,,,,,,,,,,,,,,,,,"9100 S Dadeland Blvd #1500, Miami, FL 33156","8964993647585501227","Legal services","Personal injury attorney",,,,,,,,,"Legal services",,,"13489021773528411440","Miami","US",,,"https://lh3.googleusercontent.com/grass-cs/ACvplmPSWdV1YKDfK1fNjOUmsY6Oh-ErcKcmwpvefG5Mumgapwe8CAP_2Lsseq_xWk9LlsBIwhl7mvm-LGt2LkMkvrSzK0u0Qw9UrFKwWLJjY6lLRLHJOO8KEh0ZDh2-Rbfh-z6sXX4O=w426-h240-k-no","/g/1pyckjr35","en",,"25.6852169","-80.3138649",,,"Monday","Open 24 hours","Tuesday","Open 24 hours","Wednesday","Open 24 hours","Thursday","Open 24 hours","Friday","Open 24 hours","Saturday","Open 24 hours","Sunday","Open 24 hours",,"false","(305) 371-8223","+13053718223","ChIJaZHsKYK22YgRMK2rytWhMrs",,,,"33156",,"61",,"45","43","0","2","0","0","2026-10-05T10:22:05.092Z","https://www.google.com/maps/search/DUI%20attorney/@25.681863654126005,-80.32203469677728,12z?hl=en","DUI attorney",,"Florida","9100 S Dadeland Blvd #1500",,"false","The Berman Law Firm, PA","4.8","https://www.google.com/maps/search/?api=1&query=The%20Berman%20Law%20Firm%2C%20PA&query_place_id=ChIJaZHsKYK22YgRMK2rytWhMrs","true","https://thebermanlawfirm.com/"
,,,,,,,,,,,,,,,,,,,,,,,,,,,,"14 NE 1st Ave Ste 705, Miami, FL 33132","3871361362990794125","Law firm","Attorney","Legal services","Personal injury attorney",,,,,,,"Law firm",,,"2219883874897303303","Miami","US",,,"https://lh3.googleusercontent.com/grass-cs/ACvplmPLGXJiGmpnxpsxth8KHFhnEOholPI5rga7Yt_1tCK3cUaOMsrRpOS3p4eGZaIdp9-Lm-E8AtaQRn-23Up6GQ80YHoTY6xbwNJGf0OQy7xSmmprW5Y35CC_tEtpOPoIyfchJA9Y=w408-h388-k-no","/g/11bz__5vvv","en",,"25.7745195","-80.1921128",,"Government Center","Monday","8 AM to 6 PM","Tuesday","8 AM to 6 PM","Wednesday","8 AM to 6 PM","Thursday","8 AM to 6 PM","Friday","8 AM to 6 PM","Saturday","Closed","Sunday","Closed",,"false","(305) 479-2299","+13054792299","ChIJlXqYHZy22YgRBxffbZ-czh4",,,,"33132",,"63",,"260","238","2","17","3","0","2026-10-05T10:22:05.092Z","https://www.google.com/maps/search/DUI%20attorney/@25.681863654126005,-80.32203469677728,12z?hl=en","DUI attorney",,"Florida","14 NE 1st Ave Ste 705",,"false","Shamis & Gentile, P.A.","4.7","https://www.google.com/maps/search/?api=1&query=Shamis%20%26%20Gentile%2C%20P.A.&query_place_id=ChIJlXqYHZy22YgRBxffbZ-czh4","false","http://www.shamisgentile.com/"
,,,,,,,,,,,,,,,,,,,,,,,,,,,,"9415 SW 72nd St #119, Miami, FL 33173","9339820847504822636","Personal injury attorney","Criminal justice attorney",,,,,,,,,"Personal injury attorney",,,"27109231236299348","Miami","US",,,"https://streetviewpixels-pa.googleapis.com/v1/thumbnail?panoid=BaFAHIlfjfpEU9g9SCjvYQ&cb_client=search.gws-prod.grass&w=408&h=240&yaw=270.62286&pitch=0&thumbfov=100","/g/1tdvfcpv","en",,"25.7026207","-80.3466852",,,"Monday","8:30 AM to 6 PM","Tuesday","8:30 AM to 6 PM","Wednesday","8:30 AM to 6 PM","Thursday","8:30 AM to 6 PM","Friday","8:30 AM to 6 PM","Saturday","8:30 AM to 6 PM","Sunday","Closed",,"false","(305) 279-4740","+13052794740","ChIJS47TIknH2YgRVDr5wbNPYAA",,,,"33173",,"64",,"13","11","1","1","0","0","2026-10-05T10:22:05.092Z","https://www.google.com/maps/search/DUI%20attorney/@25.681863654126005,-80.32203469677728,12z?hl=en","DUI attorney",,"Florida","9415 SW 72nd St #119",,"false","Troy & Schwartz, LLC Law Firm","4.6","https://www.google.com/maps/search/?api=1&query=Troy%20%26%20Schwartz%2C%20LLC%20Law%20Firm&query_place_id=ChIJS47TIknH2YgRVDr5wbNPYAA","false","http://www.troyandschwartzlaw.com/"
,,,,,,,,,,,,,,,,,,,,,,,,,,,,"600 Brickell Ave 36th floor, Miami, FL 33131","11983403987515212407","Attorney",,,,,,,,,,"Attorney",,,"4914336781854582784","Miami","US",,,"https://streetviewpixels-pa.googleapis.com/v1/thumbnail?panoid=hc-EnwG3bJu97z2IOS8sbg&cb_client=search.gws-prod.grass&w=408&h=240&yaw=194.50337&pitch=0&thumbfov=100","/g/1tcvjxdq","en",,"25.7674922","-80.1910373",,"Downtown Miami","Monday","8:30 AM to 6 PM","Tuesday","8:30 AM to 6 PM","Wednesday","8:30 AM to 6 PM","Thursday","8:30 AM to 6 PM","Friday","8:30 AM to 6 PM","Saturday","Closed","Sunday","Closed",,"false","(305) 789-2712","+13057892712","ChIJ2fyr9YS22YgRACgUDUQ7M0Q",,,,"33131",,"65",,"43","43","0","0","0","0","2026-10-05T10:22:05.092Z","https://www.google.com/maps/search/DUI%20attorney/@25.681863654126005,-80.32203469677728,12z?hl=en","DUI attorney",,"Florida","600 Brickell Ave 36th floor",,"false","Kubiliun David M","5","https://www.google.com/maps/search/?api=1&query=Kubiliun%20David%20M&query_place_id=ChIJ2fyr9YS22YgRACgUDUQ7M0Q","false","https://www.gmlaw.com/attorneys/david-kubiliun/"
,,,,,,,,,,,,,,,,,,,,,,,,,,,,"1900 N Bayshore Dr STE 1A, Miami, FL 33132","17278638332213753473","Criminal justice attorney",,,,,,,,,,"Criminal justice attorney",,,"3825465491449790838","Miami","US",,,"https://streetviewpixels-pa.googleapis.com/v1/thumbnail?panoid=G3ZNUYddrZFpSRNgASZZNA&cb_client=search.gws-prod.grass&w=408&h=240&yaw=238.5966&pitch=0&thumbfov=100","/g/11bzt99cx8","en",,"25.7948165","-80.1869066",,"Edgewater","Monday","9 AM to 5 PM","Tuesday","9 AM to 5 PM","Wednesday","9 AM to 5 PM","Thursday","9 AM to 5 PM","Friday","9 AM to 5 PM","Saturday","Closed","Sunday","Closed",,"false","(305) 403-8063","+13054038063","ChIJuycIPpm22YgRdkFhppjIFjU",,,,"33132",,"66",,"4","4","0","0","0","0","2026-10-05T10:22:05.092Z","https://www.google.com/maps/search/DUI%20attorney/@25.681863654126005,-80.32203469677728,12z?hl=en","DUI attorney",,"Florida","1900 N Bayshore Dr STE 1A",,"false","Puglisi Caramés","5","https://www.google.com/maps/search/?api=1&query=Puglisi%20Caram%C3%A9s&query_place_id=ChIJuycIPpm22YgRdkFhppjIFjU","false","https://puglisicarames.com/"
,,,,,,,,,,,,,,,,,,,,,,,,,,,,"1000 Brickell Ave Ste 715, Miami, FL 33131","10151948006972586982","Criminal justice attorney",,,,,,,,,,"Criminal justice attorney",,,"12529764365073274899","Miami","US",,,"https://lh3.googleusercontent.com/grass-cs/ACvplmN8_QRFhoMah6a3Wnj1_dbiT80DgS0FMdEEyKG350OlrXH9pT2ceyZ4OQnYgIOg3FO9_OM1OkRfxvQ9mKTGJJPywqQRxRyCwb6W9jSAhrc6IkIzUuOJwJfUUPcPVqouVNvJrzY=w408-h272-k-no","/g/11gr2w4yfg","en",,"25.7641762","-80.1934025",,"Downtown Miami","Monday","9 AM to 5 PM","Tuesday","9 AM to 5 PM","Wednesday","9 AM to 5 PM","Thursday","9 AM to 5 PM","Friday","9 AM to 5 PM","Saturday","Closed","Sunday","Closed",,"false","(786) 358-6888","+17863586888","ChIJw3f6q0i32YgRE1iK802q4q0",,,,"33131",,"67",,"13","11","0","2","0","0","2026-10-05T10:22:05.092Z","https://www.google.com/maps/search/DUI%20attorney/@25.681863654126005,-80.32203469677728,12z?hl=en","DUI attorney",,"Florida","1000 Brickell Ave Ste 715",,"false","Abogado Criminalista","4.4","https://www.google.com/maps/search/?api=1&query=Abogado%20Criminalista&query_place_id=ChIJw3f6q0i32YgRE1iK802q4q0","false",
,,,,,,,,,,,,,,,,,,,,,,,,,,,,"2250 SW 3rd Ave #303, Miami, FL 33129","11299847245574700596","Criminal justice attorney","Trial attorney",,,,,,,,,"Criminal justice attorney",,,"6268086332187211938","Miami","US",,,"https://lh3.googleusercontent.com/grass-cs/ACvplmOJcGLb5ycbPyYx2993BGXg11dgPsDwnm3KbCAK18OKB15XrlnLY0wqSG3WGlCCnQDjkacFWuS_4Pdgml_06qt1brxraSvFXMKA0drLIyFLoPCjX_c7Llz_YV_1XRb0-jxD5c6lCA=w408-h306-k-no","/g/1hc1yx3c8","en",,"25.7575871","-80.2055516",,"Coral Way","Monday","8 AM to 5 PM","Tuesday","8 AM to 5 PM","Wednesday","8 AM to 5 PM","Thursday","8 AM to 5 PM","Friday","8 AM to 5 PM","Saturday","Closed","Sunday","Closed",,"false","","","ChIJt7OU4GG22YgRovh_M0-3_FY",,,,"33129",,"68",,"81","80","0","0","0","1","2026-10-05T10:22:05.092Z","https://www.google.com/maps/search/DUI%20attorney/@25.681863654126005,-80.32203469677728,12z?hl=en","DUI attorney",,"Florida","2250 SW 3rd Ave #303",,"false","Luis Fernandez, P.A.","5","https://www.google.com/maps/search/?api=1&query=Luis%20Fernandez%2C%20P.A.&query_place_id=ChIJt7OU4GG22YgRovh_M0-3_FY","false","http://luisfernandezlaw.com/"
,,,,,,,,,,,,,,,,,,,,,,,,,,,,"1600 Ponce de Leon Blvd 10th floor, Coral Gables, FL 33134","6728198402359876591","Criminal justice attorney",,,,,,,,,,"Criminal justice attorney",,,"5489503108235435930","Coral Gables","US",,,"https://lh3.googleusercontent.com/grass-cs/ACvplmOc7a6qTTteiObxA2NUnBidBlEfFoTBC_9skElhq5PNOrcsAjjxD3g4WPzjskeXw5F79EJbYupJAWcDR2Coj7PUJL1MRyycvNIvAg_Gj24lwambOjk9o0A35PyC72PisICINKs=w408-h240-k-no-pi-0-ya9.4966135-ro-0-fo100","/g/1tdlcj86","en",,"25.7570544","-80.2591663",,"Douglas",,,,,,,,,,,,,,,,"false","(305) 858-2233","+13058582233","ChIJlcbQnJm32YgRmp_GB_6hLkw",,,,"33134",,"69",,"10","8","0","2","0","0","2026-10-05T10:22:05.092Z","https://www.google.com/maps/search/DUI%20attorney/@25.681863654126005,-80.32203469677728,12z?hl=en","DUI attorney",,"Florida","1600 Ponce de Leon Blvd 10th floor",,"false","Neil G Taylor Law Offices","4.2","https://www.google.com/maps/search/?api=1&query=Neil%20G%20Taylor%20Law%20Offices&query_place_id=ChIJlcbQnJm32YgRmp_GB_6hLkw",,"https://criminaldefenseattorney247.com/"
,,,,,,,,,,,,,,,,,,,,,,,,,,,,"1 NE 2nd Ave Fl 2, Miami, FL 33132","13062594462286625731","Criminal justice attorney","Law firm",,,,,,,,,"Criminal justice attorney",,,"15494457696952942639","Miami","US",,,"https://lh3.googleusercontent.com/grass-cs/ACvplmNgWLaRbgzSHGjh8n56faFm5DqUMKIrbA-grg8aOOQtY3Be2Ja48mbvkRTEqEZuHOesPXYp6UkhNVZ3PBm1SDv3AucRCVPxu1b1bKG59Jh9yZsmqz91LbIczTgOvKvwHvoN09WTCA=w426-h240-k-no","/g/11dydt6lqy","en",,"25.7746291","-80.1900338",,"Downtown Miami","Monday","Open 24 hours","Tuesday","Open 24 hours","Wednesday","Open 24 hours","Thursday","Open 24 hours","Friday","Open 24 hours","Saturday","Open 24 hours","Sunday","Open 24 hours",,"false","(305) 423-6868","+13054236868","ChIJ5QDefp622YgRL4Aypi5fB9c",,,,"33132",,"70",,"23","22","0","1","0","0","2026-10-05T10:22:05.092Z","https://www.google.com/maps/search/DUI%20attorney/@25.681863654126005,-80.32203469677728,12z?hl=en","DUI attorney",,"Florida","1 NE 2nd Ave Fl 2",,"false","Richard Docobo Attorney Law","4.8","https://www.google.com/maps/search/?api=1&query=Richard%20Docobo%20Attorney%20Law&query_place_id=ChIJ5QDefp622YgRL4Aypi5fB9c","true","https://richarddocobolaw.com/?utm_source=google-local&utm_medium=organic&utm_campaign=1616"
,,,,,,,,,,,,,,,,,,,,,,,,,,,,"2298 S Dixie Hwy, Miami, FL 33133","17937266710186455745","Legal services","Criminal justice attorney","Law firm","Attorney",,,,,,,"Legal services",,,"1678838418057105633","Miami","US",,,"https://lh3.googleusercontent.com/grass-cs/ACvplmPGN3uLuwBklUCaqnZSggjgAb1ys8gVY6C97h4U2toJjenhrl0NGBxZv_pj9M9uw8fnmBC_rfuDf6uHGAC_VR3lwf5H_KF5BTZMoZ7-EPV9IRpVscRi2y94mValOUuUqODqTES5KOavM3yj=w408-h450-k-no","/g/1hc2q3wqg","en",,"25.7419447","-80.231617",,"Coconut Grove","Monday","8 AM to 7 PM","Tuesday","8 AM to 7 PM","Wednesday","8 AM to 7 PM","Thursday","8 AM to 7 PM","Friday","8 AM to 7 PM","Saturday","9 AM to 2 PM","Sunday","Closed",,"false","(305) 858-9390","+13058589390","ChIJgV_gcYe32YgR4ZCSd6VuTBc",,,,"33133",,"72",,"2175","2109","21","37","2","6","2026-10-05T10:22:05.092Z","https://www.google.com/maps/search/DUI%20attorney/@25.681863654126005,-80.32203469677728,12z?hl=en","DUI attorney",,"Florida","2298 S Dixie Hwy",,"false","The Ticket Clinic - A Law Firm","4.9","https://www.google.com/maps/search/?api=1&query=The%20Ticket%20Clinic%20-%20A%20Law%20Firm&query_place_id=ChIJgV_gcYe32YgR4ZCSd6VuTBc","false","https://www.theticketclinic.com/locations/ticket-lawyer-miami"
,,,,,,,,,,,,,,,,,,,,,,,,,,,,"16590 S Dixie Hwy, Miami, FL 33157","7137881925883361460","Legal services","Criminal justice attorney","Law firm","Attorney",,,,,,,"Legal services",,,"13297976515405416752","Miami","US",,,"https://lh3.googleusercontent.com/grass-cs/ACvplmNvokfnf_4H5HezdWJdgfkvXC8DMdokuQbJWz-wh45tjT7AnWbiLQa_4bJ1G7YOQtWegCR0O4hvTqnTWGy0uqI73fO17-FP3a98r8Zt7veMpm2jgz6NMYw84jsOqgBmNjcI5NbG=w506-h240-k-no","/g/1tdl6y9t","en",,"25.6159327","-80.3467365",,,"Monday","9 AM to 6 PM","Tuesday","9 AM to 6 PM","Wednesday","9 AM to 6 PM","Thursday","9 AM to 6 PM","Friday","9 AM to 6 PM","Saturday","9 AM to 2 PM","Sunday","Closed",,"false","(305) 252-7660","+13052527660","ChIJ_7_hzhnE2YgRMAk6YC_ni7g",,,,"33157",,"73",,"173","147","10","11","3","2","2026-10-05T10:22:05.092Z","https://www.google.com/maps/search/DUI%20attorney/@25.681863654126005,-80.32203469677728,12z?hl=en","DUI attorney",,"Florida","16590 S Dixie Hwy",,"false","The Ticket Clinic - A Law Firm","4.6","https://www.google.com/maps/search/?api=1&query=The%20Ticket%20Clinic%20-%20A%20Law%20Firm&query_place_id=ChIJ_7_hzhnE2YgRMAk6YC_ni7g","false","https://www.theticketclinic.com/locations/south-dade-ticket-lawyer"
,,,,,,,,,,,,,,,,,,,,,,,,,,,,"814 Ponce de Leon Blvd Ste 518, Coral Gables, FL 33134","111728834588416838","Law firm",,,,,,,,,,"Law firm",,,"10734211977022908848","Coral Gables","US",,,"https://lh3.googleusercontent.com/grass-cs/ACvplmOCy9U60u7D9gnHDhwE9HauPgl9h-jYBzECCqvwh4iHW_9_sYhRi0j13VpyYeyUH0mrVCpHYJ1_IUmLlStZBcPiAA36vScBOCUVwYEsDr0vV7hYQgND6jcnFdyOLRHQRF1WN9Oc=w408-h272-k-no","/g/11tjcyp78_","en",,"25.7639546","-80.2594886",,"Douglas","Monday","Open 24 hours","Tuesday","Open 24 hours","Wednesday","Open 24 hours","Thursday","Open 24 hours","Friday","Open 24 hours","Saturday","Open 24 hours","Sunday","Open 24 hours",,"false","(305) 338-6262","+13053386262","ChIJwYMpwwK52YgRsKkxuuuU95Q",,,,"33134",,"74",,"64","64","0","0","0","0","2026-10-05T10:22:05.092Z","https://www.google.com/maps/search/DUI%20attorney/@25.681863654126005,-80.32203469677728,12z?hl=en","DUI attorney",,"Florida","814 Ponce de Leon Blvd Ste 518",,"false","MRC Law, P.A.","5","https://www.google.com/maps/search/?api=1&query=MRC%20Law%2C%20P.A.&query_place_id=ChIJwYMpwwK52YgRsKkxuuuU95Q","true","https://mrclawyers.com/"
,,,,,,,,,,,,,,,,,,,,,,,,,,,,"2103 Coral Wy #401, Miami, FL 33145","15874754317896761859","Business attorney","Civil law attorney","Criminal justice attorney","Legal services",,,,,,,"Business attorney",,,"6480773029640745301","Miami","US",,,"https://streetviewpixels-pa.googleapis.com/v1/thumbnail?panoid=ObxXkhBZTHTR5a9NiH5W9Q&cb_client=search.gws-prod.grass&w=408&h=240&yaw=9.749219&pitch=0&thumbfov=100","/g/11c2p_r61h","en",,"25.7509043","-80.2286517",,"Coral Way","Monday","9 AM to 5 PM","Tuesday","9 AM to 5 PM","Wednesday","9 AM to 5 PM","Thursday","9 AM to 5 PM","Friday","9 AM to 5 PM","Saturday","Closed","Sunday","Closed",,"false","(305) 444-4303","+13054444303","ChIJecqS7HW32YgRVTGr3btU8Fk",,,,"33145",,"75",,"8","7","0","1","0","0","2026-10-05T10:22:05.092Z","https://www.google.com/maps/search/DUI%20attorney/@25.681863654126005,-80.32203469677728,12z?hl=en","DUI attorney",,"Florida","2103 Coral Wy #401",,"false","Wahid Vizcaino Geller PLLC","4.5","https://www.google.com/maps/search/?api=1&query=Wahid%20Vizcaino%20Geller%20PLLC&query_place_id=ChIJecqS7HW32YgRVTGr3btU8Fk","false","http://www.wvglegal.com/"
"Monday","Open 24 hours","Tuesday","Open 24 hours","Wednesday","Open 24 hours","Thursday","Open 24 hours","Friday","Open 24 hours","Saturday","Open 24 hours","Sunday","Open 24 hours","Monday","Open 24 hours","Tuesday","Open 24 hours","Wednesday","Open 24 hours","Thursday","Open 24 hours","Friday","Open 24 hours","Saturday","Open 24 hours","Sunday","Open 24 hours","2600 Douglas Rd Ste 502, Coral Gables, FL 33134","6293056491673408163","Criminal justice attorney","Law firm","Attorney","Trial attorney",,,,,,,"Criminal justice attorney",,,"11454487214996294975","Coral Gables","US",,,"https://lh3.googleusercontent.com/grass-cs/ACvplmNwV0uEwl9g4vE2fp_qqp8Tj609cgrNCBObeDtLP-29v_Wi2RAMXpVn8sicdUFWLIkeLa5YDsEcO0S9NjPayuj-5DnEPI8mUIY1ifQ7JECQu_X5wOH_jJgEWlADEFwsU0mEbqTDaw=w408-h408-k-no","/g/11lddt073z","en",,"25.7479119","-80.2548475",,"Crafts","Monday","Open 24 hours","Tuesday","Open 24 hours","Wednesday","Open 24 hours","Thursday","Open 24 hours","Friday","Open 24 hours","Saturday","Open 24 hours","Sunday","Open 24 hours",,"false","(786) 901-7960","+17869017960","ChIJLyteISK32YgRP40b_m6D9p4",,,,"33134",,"76",,"15","14","0","1","0","0","2026-10-05T10:22:05.092Z","https://www.google.com/maps/search/DUI%20attorney/@25.681863654126005,-80.32203469677728,12z?hl=en","DUI attorney",,"Florida","2600 Douglas Rd Ste 502",,"false","The Florida Divorce & Criminal Defense Lawyers - Coral Gables","4.7","https://www.google.com/maps/search/?api=1&query=The%20Florida%20Divorce%20%26%20Criminal%20Defense%20Lawyers%20-%20Coral%20Gables&query_place_id=ChIJLyteISK32YgRP40b_m6D9p4","true","https://thepathtojustice.com/?utm_source=GBP&utm_medium=organic&utm_campaign=Coral_Gables"
,,,,,,,,,,,,,,,,,,,,,,,,,,,,"175 Fontainebleau Blvd Ste 2E1, Miami, FL 33172","3425775497972689156","Attorney",,,,,,,,,,"Attorney",,,"12609837429045767146","Miami","US",,,"https://streetviewpixels-pa.googleapis.com/v1/thumbnail?panoid=mkURrkg2zoU_11l-Hj5Jkg&cb_client=search.gws-prod.grass&w=408&h=240&yaw=269.57193&pitch=0&thumbfov=100","/g/11h6lq7083","en",,"25.6872933","-80.319904",,,"Monday","9 AM to 5 PM","Tuesday","9 AM to 5 PM","Wednesday","9 AM to 5 PM","Thursday","9 AM to 5 PM","Friday","9 AM to 5 PM","Saturday","Closed","Sunday","Closed",,"false","(305) 775-9938","+13057759938","ChIJ1cHjvPW32YgR6quy-VQk_64",,,,"33172",,"77",,"123","123","0","0","0","0","2026-10-05T10:22:05.092Z","https://www.google.com/maps/search/DUI%20attorney/@25.681863654126005,-80.32203469677728,12z?hl=en","DUI attorney",,"Florida","175 Fontainebleau Blvd Ste 2E1",,"false","Buergo Law Firm, P.A.","5","https://www.google.com/maps/search/?api=1&query=Buergo%20Law%20Firm%2C%20P.A.&query_place_id=ChIJ1cHjvPW32YgR6quy-VQk_64","false","http://buergolawfirm.com/"
,,,,,,,,,,,,,,,,,,,,,,,,,,,,"407 Lincoln Rd #2C, Miami Beach, FL 33139","3717870280198795928","Criminal justice attorney","Real estate attorney",,,,,,,,,"Criminal justice attorney",,,"16381617755484769260","Miami Beach","US",,,"https://lh3.googleusercontent.com/grass-cs/ACvplmN3U97g9IXGXs0uNrlPrzzihcL7ldj0ZuSFajXHYBgV5b6j80DXGtQ5TiyypPT_oiLMGpxn76nDQHD6NHC81TM6Xz-kibEI3VeGdBcCRopGiRPZT7FZ7xzbCZ3sPtCQmQB6uXYt=w408-h612-k-no","/g/11d_7xmml9","en",,"25.7909263","-80.1322978",,"Lincoln Road","Monday","8 AM to 5 PM","Tuesday","8 AM to 5 PM","Wednesday","8 AM to 5 PM","Thursday","8 AM to 5 PM","Friday","8 AM to 5 PM","Saturday","8 AM to 5 PM","Sunday","8 AM to 5 PM",,"false","(305) 433-0497","+13054330497","ChIJvfEOKIW02YgR7MvmGY4yV-M",,,,"33139",,"78",,"13","11","0","1","0","1","2026-10-05T10:22:05.092Z","https://www.google.com/maps/search/DUI%20attorney/@25.681863654126005,-80.32203469677728,12z?hl=en","DUI attorney",,"Florida","407 Lincoln Rd #2C",,"false","Stephen Taylor, Esq.,","4.5","https://www.google.com/maps/search/?api=1&query=Stephen%20Taylor%2C%20Esq.%2C&query_place_id=ChIJvfEOKIW02YgR7MvmGY4yV-M","false",
,,,,,,,,,,,,,,,,,,,,,,,,,,,,"2 Biscayne Blvd #3200, Miami, FL 33131","17975440127411478553","Criminal justice attorney","Personal injury attorney",,,,,,,,,"Criminal justice attorney",,,"9357022319272932269","Miami","US",,,"https://lh3.googleusercontent.com/grass-cs/ACvplmNF3zel4wqoJyo5jyeqSRYh5kfr_eQIEu8bQiDzxIfA-AlldQYkaRH-Hsw-ln20c-990JeNeqq6dje509HzVw1vpJRQgul_mkixE4wYWcEFU52ah72jhUriuuOasI2n7vQ0AaPV3lJ_W3A=w408-h611-k-no","/g/11n51_nbdr","en",,"25.7737878","-80.1879712",,"Downtown Miami","Monday","9 AM to 5 PM","Tuesday","9 AM to 5 PM","Wednesday","9 AM to 5 PM","Thursday","9 AM to 5 PM","Friday","9 AM to 5 PM","Saturday","Closed","Sunday","Closed",,"false","(305) 360-7500","+13053607500","ChIJiSfo1WO32YgRrTOqRznS2oE",,,,"33131",,"79",,"8","8","0","0","0","0","2026-10-05T10:22:05.092Z","https://www.google.com/maps/search/DUI%20attorney/@25.681863654126005,-80.32203469677728,12z?hl=en","DUI attorney",,"Florida","2 Biscayne Blvd #3200",,"false","Bozanic Law","5","https://www.google.com/maps/search/?api=1&query=Bozanic%20Law&query_place_id=ChIJiSfo1WO32YgRrTOqRznS2oE","false","https://bozaniclaw.com/?utm_campaign=gmb"
,,,,,,,,,,,,,,,,,,,,,,,,,,,,"78 SW 7th St #500, Miami, FL 33130","6706969746187348216","Attorney","Criminal justice attorney","Law firm","Legal services","Personal injury attorney","Trial attorney",,,,,"Attorney",,,"1242428819226117689","Miami","US",,,"https://streetviewpixels-pa.googleapis.com/v1/thumbnail?panoid=rDi9dJHWfjEU8V9X_guW8w&cb_client=search.gws-prod.grass&w=408&h=240&yaw=180.48703&pitch=0&thumbfov=100","/g/11mkydbzn5","en",,"25.7669893","-80.1939473",,"Downtown Miami","Monday","9 AM to 5 PM","Tuesday","9 AM to 5 PM","Wednesday","9 AM to 5 PM","Thursday","9 AM to 5 PM","Friday","9 AM to 5 PM","Saturday","Closed","Sunday","Closed",,"false","(800) 300-0303","+18003000303","ChIJXxr3eQq32YgROUaurG3-PRE",,,,"33130",,"80",,"9","9","0","0","0","0","2026-10-05T10:22:05.092Z","https://www.google.com/maps/search/DUI%20attorney/@25.681863654126005,-80.32203469677728,12z?hl=en","DUI attorney",,"Florida","78 SW 7th St #500",,"false","Elliott Law Firm, PLLC - Miami","5","https://www.google.com/maps/search/?api=1&query=Elliott%20Law%20Firm%2C%20PLLC%20-%20Miami&query_place_id=ChIJXxr3eQq32YgROUaurG3-PRE","false","https://callelliott.law/?utm_source=google&utm_medium=organic&utm_campaign=gbp"
,,,,,,,,,,,,,,,,,,,,,,,,,,,,"10689 N Kendall Dr #210, Miami, FL 33176",,"Attorney",,,,,,,,,,"Attorney",,,"3316655633190173205","Miami","US",,,"https://streetviewpixels-pa.googleapis.com/v1/thumbnail?panoid=UuXqJRqv9AKmjcw_RPcvGw&cb_client=search.gws-prod.gps&w=408&h=240&yaw=95.877716&pitch=0&thumbfov=100","/g/11b8y_688r","en",,"25.6882671","-80.3650284",,,"Monday","9 AM to 5 PM","Tuesday","9 AM to 5 PM","Wednesday","9 AM to 5 PM","Thursday","9 AM to 5 PM","Friday","9 AM to 5 PM","Saturday","9 AM to 5 PM","Sunday","Closed",,"false","(305) 275-4575","+13052754575","ChIJFWV3ZqfH2YgRFTqZ2rkgBy4",,,,"33176",,"41",,"16","11","0","5","0","0","2026-10-05T10:22:05.573Z","https://www.google.com/maps/search/criminal%20defense%20lawyer/@25.681863654126005,-80.59507530322269,12z?hl=en","criminal defense lawyer",,"Florida","10689 N Kendall Dr #210",,"false","Diane M Trainor","3.8","https://www.google.com/maps/search/?api=1&query=Diane%20M%20Trainor&query_place_id=ChIJFWV3ZqfH2YgRFTqZ2rkgBy4","false","http://dmtrainorlaw.com/"
,,,,,,,,,,,,,,,,,,,,,,,,,,,,,"623496684709249937","Attorney","Service establishment","Law firm",,,,,,,,"Attorney",,,"6900280400336502998",,,,,"https://lh3.googleusercontent.com/gps-cs-s/ANWiy9RNz2d6j3BtnsnMT3idjAdcG3Vz7HZInWBp1adafsNV0UXXxBLHFba3lJYCZgQOxGC2XuqsEtctG-ontnuiKv4hsmVHE5aUottAEFXR7QR8HxrrY7YDpNwmlfqzBAD1R5sp0rO2=w408-h408-k-no","/g/11h6nckl6m","en",,"25.766936","-80.305201",,,"Monday","9 AM to 5 PM","Tuesday","9 AM to 5 PM","Wednesday","9 AM to 5 PM","Thursday","9 AM to 5 PM","Friday","9 AM to 5 PM","Saturday","9 AM to 2 PM","Sunday","9 AM to 2 PM",,"false","(305) 800-8488","+13058008488","ChIJG3zbc8G_2YgR1sClAHe4wl8",,,,,,"42",,"202","183","1","15","2","1","2026-10-05T10:22:05.573Z","https://www.google.com/maps/search/criminal%20defense%20lawyer/@25.681863654126005,-80.59507530322269,12z?hl=en","criminal defense lawyer",,,,,"false","Don Ticket, A Law Firm","4.7","https://www.google.com/maps/search/?api=1&query=Don%20Ticket%2C%20A%20Law%20Firm&query_place_id=ChIJG3zbc8G_2YgR1sClAHe4wl8","false","http://donticketlawfirm.com/"
,,,,,,,,,,,,,,,,,,,,,,,,,,,,"14850 SW 26th St Ste 204, Miami, FL 33185","12466923877726497570","Attorney","Bankruptcy attorney","Bankruptcy service","Foreclosure service","General practice attorney","Legal services","Real estate attorney",,,,"Attorney",,,"7406245837060381836","Miami","US",,,"https://lh3.googleusercontent.com/gps-cs-s/ANWiy9QfJ4a8Ek7o963bk7_Gu7Wt9bqCrjKE5-UaBFp4w8vvxHUEDeKHoh9h73eIz2YWKlPI5gC1NIztRgln2L79iKRKre6vXTxBQ2w1bcWHbi1s35Ee54qBaA0gQ7c5yjbEu_0cLw5U=w408-h612-k-no","/g/1tjv49r8","en",,"25.7424802","-80.4350507",,"West End","Monday","8:30 AM to 5:30 PM","Tuesday","8:30 AM to 5:30 PM","Wednesday","8:30 AM to 5:30 PM","Thursday","8:30 AM to 5:30 PM","Friday","8:30 AM to 5:30 PM","Saturday","Closed","Sunday","Closed",,"false","(305) 227-4030","+13052274030","ChIJzZC6juy_2YgRjBwzTVlFyGY",,,,"33185",,"43",,"180","170","0","10","0","0","2026-10-05T10:22:05.573Z","https://www.google.com/maps/search/criminal%20defense%20lawyer/@25.681863654126005,-80.59507530322269,12z?hl=en","criminal defense lawyer",,"Florida","14850 SW 26th St Ste 204",,"false","Law Office of Ray Garcia, P.A.","4.8","https://www.google.com/maps/search/?api=1&query=Law%20Office%20of%20Ray%20Garcia%2C%20P.A.&query_place_id=ChIJzZC6juy_2YgRjBwzTVlFyGY","false","http://www.raygarcialaw.com/"
,,,,,,,,,,,,,,,,,,,,,,,,,,,,"10661 N Kendall Dr #113, Miami, FL 33176","3509698217338497295","Immigration attorney","Personal injury attorney",,,,,,,,,"Immigration attorney",,,"11406356586203078623","Miami","US",,,"https://lh3.googleusercontent.com/gps-cs-s/ANWiy9QVzrGhTJq0lHDZ296j-RDHpIk9AQQyxBSnvkaQmULmRfN86DB0vJxE3o5kheuSVlEau160L__iiahkM7_WGLcHEhI2kCSsUjZF-qNGquWFsLety18_xvNr6JcS_TGr_xhqMfoLew=w408-h306-k-no","/g/1txnq7zl","en",,"25.6879794","-80.3653678",,,"Monday","9 AM to 5:30 PM","Tuesday","9 AM to 5:30 PM","Wednesday","9 AM to 5:30 PM","Thursday","9 AM to 5:30 PM","Friday","9 AM to 5:30 PM","Saturday","Closed","Sunday","Closed",,"false","(305) 273-7193","+13052737193","ChIJA2IF4SXB2YgR318StuGES54",,,,"33176",,"44",,"149","145","1","3","0","0","2026-10-05T10:22:05.573Z","https://www.google.com/maps/search/criminal%20defense%20lawyer/@25.681863654126005,-80.59507530322269,12z?hl=en","criminal defense lawyer",,"Florida","10661 N Kendall Dr #113",,"false","Erwin Diaz-Solis PA d/b/a Díaz-Solís & Associates","4.9","https://www.google.com/maps/search/?api=1&query=Erwin%20Diaz-Solis%20PA%20d%2Fb%2Fa%20D%C3%ADaz-Sol%C3%ADs%20%26%20Associates&query_place_id=ChIJA2IF4SXB2YgR318StuGES54","false","https://www.dsalawgroup.com/"
,,,,,,,,,,,,,,,,,,,,,,,,,,,,"12900 SW 128th St, Miami, FL 33186","10504131610171730277","Family law attorney",,,,,,,,,,"Family law attorney",,,"1372669734129628751","Miami","US",,,"https://streetviewpixels-pa.googleapis.com/v1/thumbnail?panoid=JAjRuEz531XEK1C289OL3Q&cb_client=search.gws-prod.gps&w=408&h=240&yaw=260.20633&pitch=0&thumbfov=100","/g/11cpp0b1fd","en",,"25.6482211","-80.4035",,"West End","Monday","9 AM to 5 PM","Tuesday","9 AM to 5 PM","Wednesday","9 AM to 5 PM","Thursday","9 AM to 5 PM","Friday","9 AM to 5 PM","Saturday","Closed","Sunday","Closed",,"false","(786) 502-3117","+17865023117","ChIJ1d7vL0rH2YgRT_a5uNmzDBM",,,,"33186",,"45",,"11","9","0","2","0","0","2026-10-05T10:22:05.573Z","https://www.google.com/maps/search/criminal%20defense%20lawyer/@25.681863654126005,-80.59507530322269,12z?hl=en","criminal defense lawyer",,"Florida","12900 SW 128th St",,"false","Carolyn A. Reyes","4.3","https://www.google.com/maps/search/?api=1&query=Carolyn%20A.%20Reyes&query_place_id=ChIJ1d7vL0rH2YgRT_a5uNmzDBM","false","http://grassreyeslaw.com/"
,,,,,,,,,,,,,,,,,,,,,,,,,,,,"11440 N Kendall Dr Suite #210, Miami, FL 33176","7045768406257904563","Immigration attorney",,,,,,,,,,"Immigration attorney",,,"10121245562507124629","Miami","US",,,"https://lh3.googleusercontent.com/gps-cs-s/ANWiy9TLpRvnozO_JZ1WdwYE7Y5n5Q9ddWPOdmU84tZQUWiKMPu1XK77T6gzZ2oqHegyZ3GsVN247XUcbZpxMQAN8oZwt-Ys_KMNI6OwuYJsL4PIAD__oi9avk6Mrey6MerTo2DLZbqb=w408-h274-k-no","/g/12hr3cp2f","en",,"25.685342","-80.382136",,,"Monday","9 AM to 5 PM","Tuesday","9 AM to 5 PM","Wednesday","9 AM to 5 PM","Thursday","9 AM to 5 PM","Friday","9 AM to 5 PM","Saturday","Closed","Sunday","Closed",,"false","(305) 274-9266","+13052749266","ChIJWX3MatvA2YgRlV-85TbjdYw",,,,"33176",,"46",,"190","178","1","10","0","1","2026-10-05T10:22:05.573Z","https://www.google.com/maps/search/criminal%20defense%20lawyer/@25.681863654126005,-80.59507530322269,12z?hl=en","criminal defense lawyer",,"Florida","11440 N Kendall Dr Suite #210",,"false","Idalis Perez, PA","4.8","https://www.google.com/maps/search/?api=1&query=Idalis%20Perez%2C%20PA&query_place_id=ChIJWX3MatvA2YgRlV-85TbjdYw","false","https://www.idalisperez.com/"
,,,,,,,,,,,,,,,,,,,,,,,,,,,,"13554 SW 47th Ln #100, Miami, FL 33175","3770909470186302972","Probate attorney","Estate planning attorney","Real estate attorney",,,,,,,,"Probate attorney",,,"10781890619592902215","Miami","US",,,"https://streetviewpixels-pa.googleapis.com/v1/thumbnail?panoid=J6lhl8mDrgfxbjp62KJOHA&cb_client=search.gws-prod.gps&w=408&h=240&yaw=182.49646&pitch=0&thumbfov=100","/g/1vyk39fp","en",,"25.7199575","-80.4133111",,"West End","Monday","9 AM to 6 PM","Tuesday","9 AM to 6 PM","Wednesday","9 AM to 6 PM","Thursday","9 AM to 6 PM","Friday","9 AM to 6 PM","Saturday","Closed","Sunday","Closed",,"false","(305) 598-2540","+13055982540","ChIJVVVVVcXG2YgRR4bzw2T4oJU",,,,"33175",,"47",,"26","25","1","0","0","0","2026-10-05T10:22:05.573Z","https://www.google.com/maps/search/criminal%20defense%20lawyer/@25.681863654126005,-80.59507530322269,12z?hl=en","criminal defense lawyer",,"Florida","13554 SW 47th Ln #100",,"false","Angie Angelis Law, LLC","5","https://www.google.com/maps/search/?api=1&query=Angie%20Angelis%20Law%2C%20LLC&query_place_id=ChIJVVVVVcXG2YgRR4bzw2T4oJU","false",
,,,,,,,,,,,,,,,,,,,,,,,,,,,,"14221 SW 120th St Ste 125, Miami, FL 33186","10973652883189506065","Personal injury attorney",,,,,,,,,,"Personal injury attorney",,,"14262193739798802919","Miami","US",,,"https://lh3.googleusercontent.com/gps-cs-s/ANWiy9QrajC3MO0qMoW0n7M9lY5s5a5cRkRJU1TJR1R8H0fkkIuCSYlYlzFpHpQOVr15sYnHzGeD5f1DnuIKHcHzekQfRFVzptVPu4hA2dDSlGWopSvvSxOGIdJcgrEgPlsfGiP2zIfrctSQOBxb=w426-h240-k-no","/g/11mckzqk99","en",,"25.6570687","-80.4243936",,"West End","Monday","Open 24 hours","Tuesday","Open 24 hours","Wednesday","Open 24 hours","Thursday","Open 24 hours","Friday","Open 24 hours","Saturday","Open 24 hours","Sunday","Open 24 hours",,"false","","","ChIJt2dE3EPB2YgR5_GBWqR97cU",,,,"33186",,"48",,,,,,,,"2026-10-05T10:22:05.574Z","https://www.google.com/maps/search/criminal%20defense%20lawyer/@25.681863654126005,-80.59507530322269,12z?hl=en","criminal defense lawyer",,"Florida","14221 SW 120th St Ste 125",,"false","Campione Law P.A.",,"https://www.google.com/maps/search/?api=1&query=Campione%20Law%20P.A.&query_place_id=ChIJt2dE3EPB2YgR5_GBWqR97cU","true","https://campionelawpa.com/miami/"
,,,,,,,,,,,,,,,,,,,,,,,,,,,,"3801 SW 107th Ave, Miami, FL 33165","756884131984136370","Immigration attorney",,,,,,,,,,"Immigration attorney",,,"14282128540296943021","Miami","US",,,"https://lh3.googleusercontent.com/gps-cs-s/ANWiy9QLBBZfIbIYqxDCOK8JSjQ_336jQsn5ild4V6WK4juqLP01KbmJpx70cWWbTQKdlvvECWT8LxUcRfZsQn63PbTc2Ea6PCm7-pb4TkxOS02KdFRvzT75kSJ5_D4Q-dXtA1xNUUU=w408-h467-k-no","/g/1td48sjm","en",,"25.7339493","-80.3674802",,"University Park","Monday","10 AM to 7 PM","Tuesday","10 AM to 7 PM","Wednesday","10 AM to 7 PM","Thursday","10 AM to 7 PM","Friday","10 AM to 7 PM","Saturday","Closed","Sunday","Closed",,"false","(305) 554-0601","+13055540601","ChIJtXk4lr3B2YgRrRXeyDxQNMY",,,,"33165",,"49",,"95","82","3","8","0","2","2026-10-05T10:22:05.574Z","https://www.google.com/maps/search/criminal%20defense%20lawyer/@25.681863654126005,-80.59507530322269,12z?hl=en","criminal defense lawyer",,"Florida","3801 SW 107th Ave",,"false","Law Offices of Sandra Echevarria, P.A.","4.6","https://www.google.com/maps/search/?api=1&query=Law%20Offices%20of%20Sandra%20Echevarria%2C%20P.A.&query_place_id=ChIJtXk4lr3B2YgRrRXeyDxQNMY","false","https://www.lawofficeofsandraechevarria.com/?npcmp=dir:local:5158215:33165"
,,,,,,,,,,,,,,,,,,,,,,,,,,,,"10691 N Kendall Dr Ste 212, Miami, FL 33176","16984905379921908107","Real estate attorney","Bankruptcy attorney","Civil law attorney",,,,,,,,"Real estate attorney",,,"4743682405313780697","Miami","US",,,"https://streetviewpixels-pa.googleapis.com/v1/thumbnail?panoid=QX8XcoDuzAVkKAALhkrl6A&cb_client=search.gws-prod.gps&w=408&h=240&yaw=315.5203&pitch=0&thumbfov=100","/g/11grc14hp_","en",,"25.6885607","-80.3653865",,,"Monday","9 AM to 5:30 PM","Tuesday","9 AM to 5:30 PM","Wednesday","9 AM to 5:30 PM","Thursday","9 AM to 5:30 PM","Friday","9 AM to 5:30 PM","Saturday","Closed","Sunday","Closed",,"false","(786) 615-4630","+17866154630","ChIJgRjWLKnH2YgR2Zv_twPy1EE",,,,"33176",,"51",,"23","23","0","0","0","0","2026-10-05T10:22:05.574Z","https://www.google.com/maps/search/criminal%20defense%20lawyer/@25.681863654126005,-80.59507530322269,12z?hl=en","criminal defense lawyer",,"Florida","10691 N Kendall Dr Ste 212",,"false","Jorge & Acosta Law, PLLC","5","https://www.google.com/maps/search/?api=1&query=Jorge%20%26%20Acosta%20Law%2C%20PLLC&query_place_id=ChIJgRjWLKnH2YgR2Zv_twPy1EE","false","http://www.jandalaw.com/"
,,,,,,,,,,,,,,,,,,,,,,,,,,,,"14201 SW 120th St Ste 203, Miami, FL 33186","12763490118742864525","Law firm",,,,,,,,,,"Law firm",,,"381081197513495777","Miami","US",,,"https://streetviewpixels-pa.googleapis.com/v1/thumbnail?panoid=Vlh2zq45YAfGCKYXoqMqkA&cb_client=search.gws-prod.gps&w=408&h=240&yaw=34.21864&pitch=0&thumbfov=100","/g/11vz7kfq49","en",,"25.6562075","-80.4245027",,"West End","Monday","9 AM to 5 PM","Tuesday","9 AM to 5 PM","Wednesday","9 AM to 5 PM","Thursday","9 AM to 5 PM","Friday","9 AM to 5 PM","Saturday","Closed","Sunday","Closed",,"false","(305) 395-1478","+13053951478","ChIJ6Vhj2lHB2YgR4VRfgFTfSQU",,,,"33186",,"52",,"13","8","0","5","0","0","2026-10-05T10:22:05.574Z","https://www.google.com/maps/search/criminal%20defense%20lawyer/@25.681863654126005,-80.59507530322269,12z?hl=en","criminal defense lawyer",,"Florida","14201 SW 120th St Ste 203",,"false","Global Law Group Corp","3.5","https://www.google.com/maps/search/?api=1&query=Global%20Law%20Group%20Corp&query_place_id=ChIJ6Vhj2lHB2YgR4VRfgFTfSQU","false","https://rymap.org/business/global-law-group-corp-39fh2q"
,,,,,,,,,,,,,,,,,,,,,,,,,,,,"13590 SW 134th Ave #114, Miami, FL 33186","7420885751868815395","Attorney",,,,,,,,,,"Attorney",,,"16988665730222304001","Miami","US",,,"https://lh3.googleusercontent.com/gps-cs-s/ANWiy9SvqWIbHxRcSqhoBLTdwNNSvSwnKLazstRKCWJbwuEHtKlkT-tGuz3liaqLl10UHLSFZEYrJwKbSiUChAZ6bzSb6REhRflXtOC0kTmHemtNXgJZdagFDd-8VOkX6kbbfd7pXVlQwg=w426-h240-k-no","/g/11b7qbgtb0","en",,"25.6416218","-80.4112336",,"West End","Monday","Open 24 hours","Tuesday","Open 24 hours","Wednesday","Open 24 hours","Thursday","Open 24 hours","Friday","Open 24 hours","Saturday","Open 24 hours","Sunday","Open 24 hours",,"false","(844) 777-2256","+18447772256","ChIJpzUTo4LB2YgRAavAyXjdw-s",,,,"33186",,"53",,"32","29","1","2","0","0","2026-10-05T10:22:05.574Z","https://www.google.com/maps/search/criminal%20defense%20lawyer/@25.681863654126005,-80.59507530322269,12z?hl=en","criminal defense lawyer",,"Florida","13590 SW 134th Ave #114",,"false","Keep Calm Attorney Refferal Service","4.7","https://www.google.com/maps/search/?api=1&query=Keep%20Calm%20Attorney%20Refferal%20Service&query_place_id=ChIJpzUTo4LB2YgRAavAyXjdw-s","true","http://keepcalmars.com/"
,,,,,,,,,,,,,,,,,,,,,,,,,,,,"10200 Northwest 25th Street Miami, Doral, FL 33172","5185898073953866326","Attorney",,,,,,,,,,"Attorney",,,"18268109205554786557","Doral","US",,,"https://streetviewpixels-pa.googleapis.com/v1/thumbnail?panoid=53IQ7DGWYhCjQsskm2D5Ww&cb_client=search.gws-prod.gps&w=408&h=240&yaw=169.01122&pitch=0&thumbfov=100","/g/1td2_7x3","en",,"25.7963857","-80.3624006",,,"Monday","9 AM to 6 PM","Tuesday","9 AM to 6 PM","Wednesday","9 AM to 6 PM","Thursday","9 AM to 6 PM","Friday","9 AM to 6 PM","Saturday","Closed","Sunday","Closed",,"false","(305) 477-6401","+13054776401","ChIJnXXa5Eu52YgR_fAiq4hchf0",,,,"33172",,"54",,"23","22","0","1","0","0","2026-10-05T10:22:05.574Z","https://www.google.com/maps/search/criminal%20defense%20lawyer/@25.681863654126005,-80.59507530322269,12z?hl=en","criminal defense lawyer",,"FL","10200 Northwest 25th Street Miami",,"false","COLLAZO LAW FIRM","4.8","https://www.google.com/maps/search/?api=1&query=COLLAZO%20LAW%20FIRM&query_place_id=ChIJnXXa5Eu52YgR_fAiq4hchf0","false","http://www.collazolawfirm.com/home"
,,,,,,,,,,,,,,,,,,,,,,,,,,,,"17601 SW 109th Ave, Miami, FL 33157",,"Private investigator","Business management consultant",,,,,,,,,"Private investigator",,,"13683657686740259907","Miami","US",,,"https://streetviewpixels-pa.googleapis.com/v1/thumbnail?panoid=8-pN2DYHyoNDNr0SRMqlWw&cb_client=search.gws-prod.gps&w=408&h=240&yaw=310.61835&pitch=0&thumbfov=100","/g/11p0vfdx4b","en",,"25.6528853","-80.3720922",,,"Monday","Open 24 hours","Tuesday","Open 24 hours","Wednesday","Open 24 hours","Thursday","Open 24 hours","Friday","Open 24 hours","Saturday","Open 24 hours","Sunday","Closed",,"false","(786) 512-0007","+17865120007","ChIJdUOwObnB2YgRQ1Qyvioe5r0",,,,"33157",,"55",,"2","2","0","0","0","0","2026-10-05T10:22:05.574Z","https://www.google.com/maps/search/criminal%20defense%20lawyer/@25.681863654126005,-80.59507530322269,12z?hl=en","criminal defense lawyer",,"Florida","17601 SW 109th Ave",,"false","Young’s Investigative Services","5","https://www.google.com/maps/search/?api=1&query=Young%E2%80%99s%20Investigative%20Services&query_place_id=ChIJdUOwObnB2YgRQ1Qyvioe5r0","true","https://www.liesandprivateeyes.com/"
,,,,,,,,,,,,,,,,,,,,,,,,,,,,"1401 SW 107th Ave Ste 301G, Miami, FL 33174","16673491952663521488","Law firm",,,,,,,,,,"Law firm",,,"3898257843751116769","Miami","US",,,"https://lh3.googleusercontent.com/gps-cs-s/ANWiy9S7u_5ZpYtA8_G6onXptG8-CQoHb9SLGozRjBD3nllgMPtGpMOx5a6hfmClMdGWOZRk8unhFNG5_wWjOooGwGJwJquwu_3nZtWARQHljnwW8FmQE-u-UN2fVJJ1sELjoGki2l40xoHFK5c=w426-h240-k-no","/g/11zkmt865v","en",,"25.7554417","-80.3665744",,"University Park","Monday","9:30 AM to 6 PM","Tuesday","9:30 AM to 6 PM","Wednesday","9:30 AM to 6 PM","Thursday","9:30 AM to 6 PM","Friday","9:30 AM to 6 PM","Saturday","Closed","Sunday","Closed",,"false","(305) 500-1463","+13055001463","ChIJOQUSrJy_2YgR4V-q49pkGTY",,,,"33174",,"56",,"6","6","0","0","0","0","2026-10-05T10:22:05.574Z","https://www.google.com/maps/search/criminal%20defense%20lawyer/@25.681863654126005,-80.59507530322269,12z?hl=en","criminal defense lawyer",,"Florida","1401 SW 107th Ave Ste 301G",,"false","Lopez & Lopez Law Firm, P.A.","5","https://www.google.com/maps/search/?api=1&query=Lopez%20%26%20Lopez%20Law%20Firm%2C%20P.A.&query_place_id=ChIJOQUSrJy_2YgR4V-q49pkGTY","false","https://www.lawfirmlopez.com/"
,,,,,,,,,,,,,,,,,,,,,,,,,,,,"11120 N Kendall Dr Ste 201, Miami, FL 33176","286070056403100875","Immigration attorney",,,,,,,,,,"Immigration attorney",,,"6844420957733939341","Miami","US",,,"https://lh3.googleusercontent.com/gps-cs-s/ANWiy9TksTYFur2ZzgyAg0I8vfbdmm40cXZsGUd8Oj9jUJfFeCiXvgvw-OQqzJkRw4i5EnzdEfCaLQGR5VhrBl-X_YiPB1YwkYcwCjLJze55vFHnasXwgWQit34Kuz3V04bKdW18IEwhmg56SXQ=w458-h240-k-no","/g/11f3n4z940","en",,"25.6859254","-80.3754446",,,"Monday","8:30 AM to 5 PM","Tuesday","8:30 AM to 5 PM","Wednesday","8:30 AM to 5 PM","Thursday","8:30 AM to 5 PM","Friday","8:30 AM to 5 PM","Saturday","Closed","Sunday","Closed",,"false","(305) 598-6097","+13055986097","ChIJWZA2tjLH2YgRjWj4BplE_F4",,,,"33176",,"58",,"231","223","2","5","0","1","2026-10-05T10:22:05.574Z","https://www.google.com/maps/search/criminal%20defense%20lawyer/@25.681863654126005,-80.59507530322269,12z?hl=en","criminal defense lawyer",,"Florida","11120 N Kendall Dr Ste 201",,"false","Montoya & Rengifo Law, PLLC","4.9","https://www.google.com/maps/search/?api=1&query=Montoya%20%26%20Rengifo%20Law%2C%20PLLC&query_place_id=ChIJWZA2tjLH2YgRjWj4BplE_F4","false","https://montoyarengifolaw.com/"
,,,,,,,,,,,,,,,,,,,,,,,,,,,,"10691 N Kendall Dr #107, Miami, FL 33176","5473445834655330136","Social security attorney",,,,,,,,,,"Social security attorney",,,"2788969204666024903","Miami","US",,,"https://streetviewpixels-pa.googleapis.com/v1/thumbnail?panoid=PSo2Exz59u6McDdeUUPbqg&cb_client=search.gws-prod.gps&w=408&h=240&yaw=5.0122967&pitch=0&thumbfov=100","/g/12hq0l_ld","en",,"25.6885607","-80.3653865",,,"Monday","8:30 AM to 4:30 PM","Tuesday","8:30 AM to 4:30 PM","Wednesday","8:30 AM to 4:30 PM","Thursday","8:30 AM to 4:30 PM","Friday","8:30 AM to 4:30 PM","Saturday","Closed","Sunday","Closed",,"false","(305) 510-7409","+13055107409","ChIJKQ6Fz5e32YgRx0OfDbdotCY",,,,"33176",,"59",,"12","10","0","2","0","0","2026-10-05T10:22:05.574Z","https://www.google.com/maps/search/criminal%20defense%20lawyer/@25.681863654126005,-80.59507530322269,12z?hl=en","criminal defense lawyer",,"Florida","10691 N Kendall Dr #107",,"false","Palacios Disability, P.A. - A Social Security Disability Law Firm","4.3","https://www.google.com/maps/search/?api=1&query=Palacios%20Disability%2C%20P.A.%20-%20A%20Social%20Security%20Disability%20Law%20Firm&query_place_id=ChIJKQ6Fz5e32YgRx0OfDbdotCY","false","http://www.palaciosdisability.com/"
,,,,,,,,,,,,,,,,,,,,,,,,,,,,"10761 SW 104th St, Miami, FL 33176",,"Attorney",,,,,,,,,,"Attorney",,,"1578516902339688463","Miami","US",,,"https://streetviewpixels-pa.googleapis.com/v1/thumbnail?panoid=mFBHDcaYiPLd0RfC0qzl9Q&cb_client=search.gws-prod.gps&w=408&h=240&yaw=358.13644&pitch=0&thumbfov=100","/g/1hc3w1j3f","en",,"25.6726387","-80.3690663",,,,,,,,,,,,,,,,,,"false","(305) 598-1133","+13055981133","ChIJr-I_VCrB2YgRDzjoY8IE6BU",,,,"33176",,"60",,"1","0","0","1","0","0","2026-10-05T10:22:05.574Z","https://www.google.com/maps/search/criminal%20defense%20lawyer/@25.681863654126005,-80.59507530322269,12z?hl=en","criminal defense lawyer",,"Florida","10761 SW 104th St",,"false","Ruben Richard Lee","1","https://www.google.com/maps/search/?api=1&query=Ruben%20Richard%20Lee&query_place_id=ChIJr-I_VCrB2YgRDzjoY8IE6BU",,"http://www.richardleerubenlaw.com/"
,,,,,,,,,,,,,,,,,,,,,,,,,,,,"14 NE 1st Ave #1211, Miami, FL 33132","5575710626277536957","Criminal justice attorney","Law firm","Attorney","Legal services","Trial attorney",,,,,,"Criminal justice attorney",,,"1812902716213054826","Miami","US",,,"https://lh3.googleusercontent.com/grass-cs/ACvplmNcnhwPv5Fe7eu2HIgyEr70w7TG2rMnVY5b5HNDWob8crzu10FKqNeIwUAcR1ax_sgHmK2uzpWRM5dOr2NlWgzij8oMLmtB7xT1Mwk5InwOVr74yBLXkjCm_Y9o5jasGCkj7qTs=w408-h408-k-no","/g/1th24m18","en",,"25.77448","-80.192179",,"Government Center","Monday","Open 24 hours","Tuesday","Open 24 hours","Wednesday","Open 24 hours","Thursday","Open 24 hours","Friday","Open 24 hours","Saturday","Open 24 hours","Sunday","Open 24 hours",,"false","(305) 579-9090","+13055799090","ChIJ-XS1GZ622YgRak04TGq5KBk",,,,"33132",,"51",,"15","11","1","2","0","1","2026-10-05T10:22:05.840Z","https://www.google.com/maps/search/drug%20crime%20lawyer/@25.681863654126005,-80.32203469677728,12z?hl=en","drug crime lawyer",,"Florida","14 NE 1st Ave #1211",,"false","Swartz Law Firm","4.2","https://www.google.com/maps/search/?api=1&query=Swartz%20Law%20Firm&query_place_id=ChIJ-XS1GZ622YgRak04TGq5KBk","true","http://www.miamicriminaldefenselaw.com/"
,,,,,,,,,,,,,,,,,,,,,,,,,,,,"1200 Brickell Ave Suite 1950, Miami, FL 33131","9991599006120518658","Criminal justice attorney",,,,,,,,,,"Criminal justice attorney",,,"1420982770649441945","Miami","US",,,"https://streetviewpixels-pa.googleapis.com/v1/thumbnail?panoid=lvMiGsXErwWpszsXPjl60w&cb_client=search.gws-prod.grass&w=408&h=240&yaw=293.9304&pitch=0&thumbfov=100","/g/1tdry38y","en",,"25.7621083","-80.1923099",,"Downtown Miami","Monday","9 AM to 5 PM","Tuesday","9 AM to 5 PM","Wednesday","9 AM to 5 PM","Thursday","9 AM to 5 PM","Friday","9 AM to 5 PM","Saturday","Closed","Sunday","Closed",,"false","(786) 368-5022","+17863685022","ChIJHRfET4G22YgRmaaCHE1YuBM",,,,"33131",,"52",,"36","36","0","0","0","0","2026-10-05T10:22:05.841Z","https://www.google.com/maps/search/drug%20crime%20lawyer/@25.681863654126005,-80.32203469677728,12z?hl=en","drug crime lawyer",,"Florida","1200 Brickell Ave Suite 1950",,"false","Quesada Law Firm","5","https://www.google.com/maps/search/?api=1&query=Quesada%20Law%20Firm&query_place_id=ChIJHRfET4G22YgRmaaCHE1YuBM","false","https://www.quesadalaw.com/"
,,,,,,,,,,,,,,,,,,,,,,,,,,,,"25 SE 2nd Ave Ste 808, Miami, FL 33131",,"Attorney",,,,,,,,,,"Attorney",,,"17693331119356464986","Miami","US",,,"https://streetviewpixels-pa.googleapis.com/v1/thumbnail?panoid=AbMvqwC9ZTgnrpEGk8jIeA&cb_client=search.gws-prod.grass&w=408&h=240&yaw=91.97038&pitch=0&thumbfov=100","/g/1tqp_15y","en",,"25.7737406","-80.1900783",,"Downtown Miami","Monday","9 AM to 5 PM","Tuesday","9 AM to 5 PM","Wednesday","9 AM to 5 PM","Thursday","9 AM to 5 PM","Friday","9 AM to 5 PM","Saturday","Closed","Sunday","Closed",,"false","(305) 358-1100","+13053581100","ChIJJ4Ws1Z222YgRWk-b5uhWi_U",,,,"33131",,"53",,"11","10","0","1","0","0","2026-10-05T10:22:05.841Z","https://www.google.com/maps/search/drug%20crime%20lawyer/@25.681863654126005,-80.32203469677728,12z?hl=en","drug crime lawyer",,"Florida","25 SE 2nd Ave Ste 808",,"false","White Jay","4.6","https://www.google.com/maps/search/?api=1&query=White%20Jay&query_place_id=ChIJJ4Ws1Z222YgRWk-b5uhWi_U","false","http://www.jayawhite.com/"
,,,,,,,,,,,,,,,,,,,,,,,,,,,,"7300 N Kendall Dr #380, Miami, FL 33156","31021599339599986","Law firm",,,,,,,,,,"Law firm",,,"7614842764652286573","Miami","US",,,"https://lh3.googleusercontent.com/grass-cs/ACvplmNtUgJBJ-3beRUm8Xcfc1qXF2Wwa9aII1xd7L4rYmwPx5WJA8vHBgLmTl1FPQVojeRg63J7quzmfuo_AH1-SES53pATp4d9KCwozD-w3IQYXqKtDI7CbdCJkTNgAWOW2fq2kB7M=w408-h285-k-no","/g/11cr_13bv0","en",,"25.6873278","-80.3137898",,,"Monday","Open 24 hours","Tuesday","Open 24 hours","Wednesday","Open 24 hours","Thursday","Open 24 hours","Friday","Open 24 hours","Saturday","Open 24 hours","Sunday","Open 24 hours",,"false","(305) 595-3350","+13055953350","ChIJl8h2P7zH2YgRbZKNNyZbrWk",,,,"33156",,"81",,"12","12","0","0","0","0","2026-10-05T10:22:06.238Z","https://www.google.com/maps/search/DUI%20attorney/@25.681863654126005,-80.32203469677728,12z?hl=en","DUI attorney",,"Florida","7300 N Kendall Dr #380",,"false","Defense Base Act Lawyers","5","https://www.google.com/maps/search/?api=1&query=Defense%20Base%20Act%20Lawyers&query_place_id=ChIJl8h2P7zH2YgRbZKNNyZbrWk","true","https://defense-base-act-lawyers.com/"
,,,,,,,,,,,,,,,,,,,,,,,,,,,,"6303 Waterford District Dr #400, Miami, FL 33126","10887381254108660151","Attorney","Civil law attorney","Criminal justice attorney","Personal injury attorney",,,,,,,"Attorney",,,"14388183921875406822","Miami","US",,,"https://lh3.googleusercontent.com/grass-cs/ACvplmOZUJ1JSTUaEulUMXsrag4NDjmJYHOxO_9mNK2r4CXTFWwzIsA0ZoAq2tuPuBLA3A49HKjUvltdJ8jAYh2E0eBYKiRFSxcE8D07BybDfaSjT_y-UAxlY5GqYNAIceihBJcRb9B4=w426-h240-k-no","/g/11gmyx6b2j","en",,"25.7836037","-80.300472",,,"Monday","9 AM to 5 PM","Tuesday","9 AM to 6 PM","Wednesday","9 AM to 6 PM","Thursday","9 AM to 6 PM","Friday","9 AM to 6 PM","Saturday","Closed","Sunday","Closed",,"false","(305) 912-5388","+13059125388","ChIJAQDAFL-52YgR5s9eigsZrcc",,,,"33126",,"82",,"32","29","0","3","0","0","2026-10-05T10:22:06.238Z","https://www.google.com/maps/search/DUI%20attorney/@25.681863654126005,-80.32203469677728,12z?hl=en","DUI attorney",,"Florida","6303 Waterford District Dr #400",,"false","Lett Law Firm","4.6","https://www.google.com/maps/search/?api=1&query=Lett%20Law%20Firm&query_place_id=ChIJAQDAFL-52YgR5s9eigsZrcc","false","https://www.lettlawfirm.com/"
,,,,,,,,,,,,,,,,,,,,,,,,,,,,"6915 SW 57th Ave #200, Coral Gables, FL 33143","10856756064014520040","Attorney",,,,,,,,,,"Attorney",,,"5437775987589205740","Coral Gables","US",,,"https://streetviewpixels-pa.googleapis.com/v1/thumbnail?panoid=kY6FW1X4m5qfKjICEQDOsQ&cb_client=search.gws-prod.grass&w=408&h=240&yaw=93.9796&pitch=0&thumbfov=100","/g/1thw7jnd","en",,"25.7049606","-80.28518",,"Riviera","Monday","9 AM to 5 PM","Tuesday","9 AM to 5 PM","Wednesday","9 AM to 5 PM","Thursday","9 AM to 5 PM","Friday","9 AM to 5 PM","Saturday","Closed","Sunday","Closed",,"false","(305) 444-4323","+13054444323","ChIJf8NvKvvH2YgR7E5nPHPcdks",,,,"33143",,"83",,"66","61","2","2","0","1","2026-10-05T10:22:06.238Z","https://www.google.com/maps/search/DUI%20attorney/@25.681863654126005,-80.32203469677728,12z?hl=en","DUI attorney",,"Florida","6915 SW 57th Ave #200",,"false","Debt Defense Law","4.8","https://www.google.com/maps/search/?api=1&query=Debt%20Defense%20Law&query_place_id=ChIJf8NvKvvH2YgR7E5nPHPcdks","false","http://www.debtdefenselaw.com/"
,,,,,,,,,,,,,,"Monday","Open 24 hours","Tuesday","Open 24 hours","Wednesday","Open 24 hours","Thursday","Open 24 hours","Friday","Open 24 hours","Saturday","Open 24 hours","Sunday","Open 24 hours","8492 SW 8th St, Miami, FL 33144","15740549303652888262","Personal injury attorney","Bankruptcy attorney","Business attorney","Civil law attorney","Criminal justice attorney","Elder law attorney","Employment attorney","Family law attorney","Immigration attorney","Probate attorney","Personal injury attorney",,,"7573724474259353540","Miami","US",,,"https://lh3.googleusercontent.com/grass-cs/ACvplmMlkSINcCu_omMRoH1cBzMQmKulCfk_J8yaqHGgbei6EzFvFzxfwsXfwaLQur30VaeknYSbn9DHzgCiRE4FtAzpYZUFugOAoJEZOVmSuvSvDJX_x5L-xvVLsx-W5zTqdNPbwshe2CByzua9=w426-h240-k-no","/g/126433djv","en",,"25.7611487","-80.3337044",,,"Monday","9 AM to 6 PM","Tuesday","9 AM to 6 PM","Wednesday","9:30 AM to 6 PM","Thursday","9:30 AM to 6 PM","Friday","9 AM to 6 PM","Saturday","9 AM to 2 PM","Sunday","Closed",,"false","(305) 261-7000","+13052617000","ChIJ8e2sQeO42YgRxC_pMkhGG2k",,,,"33144",,"84",,"2108","1655","33","382","14","24","2026-10-05T10:22:06.238Z","https://www.google.com/maps/search/DUI%20attorney/@25.681863654126005,-80.32203469677728,12z?hl=en","DUI attorney",,"Florida","8492 SW 8th St",,"false","Gallardo Law Firm","4.2","https://www.google.com/maps/search/?api=1&query=Gallardo%20Law%20Firm&query_place_id=ChIJ8e2sQeO42YgRxC_pMkhGG2k","false","https://gallardolawyers.com/"
,,,,,,,,,,,,,,,,,,,,,,,,,,,,"4070 Laguna St, Coral Gables, FL 33146","11217077944545963216","Attorney","Civil law attorney","Criminal justice attorney","Legal services","Personal injury attorney","Trial attorney",,,,,"Attorney",,,"18434853326025512113","Coral Gables","US",,,"https://lh3.googleusercontent.com/grass-cs/ACvplmP63d0DOpEF4aMCOnOScvRJ8bc6RjeFBDWoawZOuIURIk_kn_l7iafssbKXwKWyhITFnYZ-atZ03v7KBjYA2LalqKRqnS5dc0-EKqO7yJZpsbqrexqhucoXhOOYalFFDrhIDYO1anzEF20=w408-h393-k-no","/g/11b6c5x6r0","en",,"25.733913","-80.261437",,"Industrial Section","Monday","9 AM to 5 PM","Tuesday","9 AM to 5 PM","Wednesday","9 AM to 5 PM","Thursday","9 AM to 5 PM","Friday","9 AM to 5 PM","Saturday","Closed","Sunday","Closed",,"false","(305) 774-7000","+13057747000","ChIJWzfsnJm32YgRsdQtkG3B1f8",,,,"33146",,"85",,"108","103","1","4","0","0","2026-10-05T10:22:06.239Z","https://www.google.com/maps/search/DUI%20attorney/@25.681863654126005,-80.32203469677728,12z?hl=en","DUI attorney",,"Florida","4070 Laguna St",,"false","Law Offices of Andre A. Rouviere","4.8","https://www.google.com/maps/search/?api=1&query=Law%20Offices%20of%20Andre%20A.%20Rouviere&query_place_id=ChIJWzfsnJm32YgRsdQtkG3B1f8","false","https://rouvierelawfirm.com/"
,,,,,,,,,,,,,,,,,,,,,,,,,,,,"999 Ponce de Leon Blvd #515, Coral Gables, FL 33134","1257461686148169457","Personal injury attorney","Criminal justice attorney","Family law attorney","Immigration attorney",,,,,,,"Personal injury attorney",,,"4654548992953309833","Coral Gables","US",,,"https://lh3.googleusercontent.com/grass-cs/ACvplmMQE2h_y_iWpHPkxPXeizI33Su1-e7VWm1JIldZpyNMSiJvOPBKYGLflz5MRNP3ug-54c2RYet3YSva2NX7DekHPXjF2UFYBIFynPCKU55eLVuvI4S52ARIYt1Fn3c8Bhazo9Fyqw=w408-h450-k-no","/g/11r9vnjnl1","en",,"25.7624935","-80.2587034",,"Douglas","Monday","9 AM to 5 PM","Tuesday","9 AM to 5 PM","Wednesday","9 AM to 5 PM","Thursday","9 AM to 5 PM","Friday","9 AM to 5 PM","Saturday","Closed","Sunday","Closed",,"false","(786) 518-3668","+17865183668","ChIJDft3us-32YgRiVqi8qVHmEA",,,,"33134",,"86",,"178","176","0","1","0","1","2026-10-05T10:22:06.239Z","https://www.google.com/maps/search/DUI%20attorney/@25.681863654126005,-80.32203469677728,12z?hl=en","DUI attorney",,"Florida","999 Ponce de Leon Blvd #515",,"false","Shirazi & D'Escoubet Law Group","5","https://www.google.com/maps/search/?api=1&query=Shirazi%20%26%20D'Escoubet%20Law%20Group&query_place_id=ChIJDft3us-32YgRiVqi8qVHmEA","false","https://shirazidescoubet.com/"
,,,,,,,,,,,,,,,,,,,,,,,,,,,,"9780 E Indigo St Suite 302, Palmetto Bay, FL 33157","8734059121821066450","Family law attorney","Divorce lawyer","Law firm","Attorney","Legal services",,,,,,"Family law attorney",,,"8205618203558827124","Palmetto Bay","US",,,"https://lh3.googleusercontent.com/grass-cs/ACvplmPUn8KD-GjbZEgDGgYgMcpAgNrW6JeAzh9qabRcMUVMQluGqOEHC846gaoyh2wxlerMOsDoNUUZNHMokGfZ1zB5wN1Jh9sxwwzjvYW2QyGWesG8cVjC4UtZx4uKsd2007txP6YN=w430-h240-k-no","/g/1v_s6pgw","en",,"25.6025693","-80.3500902",,,"Monday","8 AM to 5:30 PM","Tuesday","8 AM to 5:30 PM","Wednesday","8 AM to 5:30 PM","Thursday","8 AM to 5:30 PM","Friday","8 AM to 5:30 PM","Saturday","Closed","Sunday","Closed",,"false","(305) 666-9766","+13056669766","ChIJXcaNQLzH2YgRdFSa6Uc24HE",,,,"33157",,"87",,"219","183","3","32","1","0","2026-10-05T10:22:06.239Z","https://www.google.com/maps/search/DUI%20attorney/@25.681863654126005,-80.32203469677728,12z?hl=en","DUI attorney",,"Florida","9780 E Indigo St Suite 302",,"false","The Law Offices of Kenneth M. Kaplan, Esq.","4.4","https://www.google.com/maps/search/?api=1&query=The%20Law%20Offices%20of%20Kenneth%20M.%20Kaplan%2C%20Esq.&query_place_id=ChIJXcaNQLzH2YgRdFSa6Uc24HE","false","https://www.kmkaplanlaw.com/?utm_source=google&utm_medium=local"
,,,,,,,,,,,,,,,,,,,,,,,,,,,,"816 NW 11th St Apt 1C, Miami, FL 33136","10630372486621934440","Personal injury attorney",,,,,,,,,,"Personal injury attorney",,,"8277952759640508206","Miami","US",,,"https://lh3.googleusercontent.com/grass-cs/ACvplmOXS3xIG3SlhBew5X8xJgbN7RE3sNGmzuG46Wrxsiahrm7YWZK_cwaKsRF21Q4pHgHXUx-LQLzTZGPsyNyrwlvVR2k9eI4b7IjrleAmEfLz1rdXWkFUCxdbnRsY_rC07VqZO0h8=w408-h510-k-no","/g/1tfkgcp8","en",,"25.7838259","-80.2086871",,"Overtown","Monday","9 AM to 5 PM","Tuesday","9 AM to 5 PM","Wednesday","9 AM to 5 PM","Thursday","9 AM to 5 PM","Friday","9 AM to 5 PM","Saturday","Closed","Sunday","Closed",,"false","(305) 444-3343","+13054443343","ChIJP2QDmr-22YgRLkfWKS0y4XI",,,,"33136",,"89",,"174","172","0","1","1","0","2026-10-05T10:22:06.239Z","https://www.google.com/maps/search/DUI%20attorney/@25.681863654126005,-80.32203469677728,12z?hl=en","DUI attorney",,"Florida","816 NW 11th St Apt 1C",,"false","Law Offices of Lee P Marks PA","5","https://www.google.com/maps/search/?api=1&query=Law%20Offices%20of%20Lee%20P%20Marks%20PA&query_place_id=ChIJP2QDmr-22YgRLkfWKS0y4XI","false","https://leepmarks.com/"
,,,,,,,,,,,,,,,,,,,,,,,,,,,,"1 NE 2nd Ave STE 200, Miami, FL 33132","4893563277766814193","Law firm","Civil law attorney","Criminal justice attorney","Estate planning attorney","Trial attorney",,,,,,"Law firm",,,"726473675420918740","Miami","US",,,"https://lh3.googleusercontent.com/grass-cs/ACvplmMfaDac5vXh1t8P1gEM53mOQQicjpcobJYETIqytGGesatOxzXmP_WoqnuO--3CeYg_QCqXBDjO14vw1n9SBbzTmTfcFrVqwwtRSmL0MZHtYZG2gmorAxiruIA6h6yeyQCKPBrY=w408-h319-k-no","/g/1td7jjv6","en",,"25.7746323","-80.1901099",,"Downtown Miami","Monday","Open 24 hours","Tuesday","Open 24 hours","Wednesday","Open 24 hours","Thursday","Open 24 hours","Friday","Open 24 hours","Saturday","Open 24 hours","Sunday","Open 24 hours",,"false","(786) 371-4431","+17863714431","ChIJu2swSJm22YgR1OMicvXzFAo",,,,"33132",,"91",,"8","8","0","0","0","0","2026-10-05T10:22:06.239Z","https://www.google.com/maps/search/DUI%20attorney/@25.681863654126005,-80.32203469677728,12z?hl=en","DUI attorney",,"Florida","1 NE 2nd Ave STE 200",,"false","Law Offices of Gilbert & Smallman PLLC","5","https://www.google.com/maps/search/?api=1&query=Law%20Offices%20of%20Gilbert%20%26%20Smallman%20PLLC&query_place_id=ChIJu2swSJm22YgR1OMicvXzFAo","true","https://gilbertandsmallman.com/"
,,,,,,,,,,,,,,,,,,,,,,,,,,,,"9350 S Dixie Hwy PH 5, Miami, FL 33156","8559898361418266891","Personal injury attorney","Immigration attorney","Law firm","Attorney","Legal services","Trial attorney",,,,,"Personal injury attorney",,,"13134081105469573344","Miami","US",,,"https://lh3.googleusercontent.com/grass-cs/ACvplmNKvvc606JAGGlbq5Vvnzww_iDLJYgUpR5WSJzSh-qV5wh09IbQKptb7vGNjzadnJazoIcU4cEtbweM5RBQnP2C9TzZyYvCY_4-UzeefHzvfBeYOsoXY_edZA_v-MY5Ou5SIHMF=w408-h544-k-no","/g/11fpmjhgkx","en",,"25.683516","-80.31461",,,"Monday","Open 24 hours","Tuesday","Open 24 hours","Wednesday","Open 24 hours","Thursday","Open 24 hours","Friday","Open 24 hours","Saturday","Open 24 hours","Sunday","Open 24 hours",,"false","(305) 548-8750","+13055488750","ChIJ62ZTou_H2YgR4Aivli2hRbY",,,,"33156",,"92",,"324","317","4","2","1","0","2026-10-05T10:22:06.239Z","https://www.google.com/maps/search/DUI%20attorney/@25.681863654126005,-80.32203469677728,12z?hl=en","DUI attorney",,"Florida","9350 S Dixie Hwy PH 5",,"false","Jimenez Mazzitelli Mordes","5","https://www.google.com/maps/search/?api=1&query=Jimenez%20Mazzitelli%20Mordes&query_place_id=ChIJ62ZTou_H2YgR4Aivli2hRbY","true","https://jmmlawfirm.com/"
,,,,,,,,,,,,,,,,,,,,,,,,,,,,"550 11th St #114, Miami Beach, FL 33139","11016816735504327866","Personal injury attorney","Criminal justice attorney","Law firm","Attorney","Legal services",,,,,,"Personal injury attorney",,,"12465405141824875579","Miami Beach","US",,,"https://lh3.googleusercontent.com/grass-cs/ACvplmOIOQmHzL3Bl-dsScgD-XaY3fwQGiIwWjJHoiyJLPkzQWJODenYMfAHMjKASpTH5CQthyYeP7lGagTdyNK9yUObg-P4gw9jvqbvi51_d9Ei8YbPQqjhSth60O3xhKEkXjOgaJ7SXw=w408-h544-k-no","/g/1trxfhhh","en",,"25.7817873","-80.1337261",,"Flamingo / Lummus","Monday","9 AM to 5 PM","Tuesday","9 AM to 5 PM","Wednesday","9 AM to 5 PM","Thursday","9 AM to 5 PM","Friday","9 AM to 5 PM","Saturday","Closed","Sunday","Closed",,"false","(305) 438-1997","+13054381997","ChIJbX5y2o202YgRO6zMk-4D_qw",,,,"33139",,"93",,"252","243","0","8","1","0","2026-10-05T10:22:06.239Z","https://www.google.com/maps/search/DUI%20attorney/@25.681863654126005,-80.32203469677728,12z?hl=en","DUI attorney",,"Florida","550 11th St #114",,"false","Geoffrey McLaughlin, P.A","4.9","https://www.google.com/maps/search/?api=1&query=Geoffrey%20McLaughlin%2C%20P.A&query_place_id=ChIJbX5y2o202YgRO6zMk-4D_qw","false","http://mclaughlinlawfl.com/"
,,,,,,,,,,,,,,,,,,,,,,,,,,,,"2151 SW 42nd Ave #200, Miami, FL 33134","7547789311084165064","Personal injury attorney","Law firm","Attorney","Legal services",,,,,,,"Personal injury attorney",,,"12586082207403626187","Miami","US",,,"https://lh3.googleusercontent.com/grass-cs/ACvplmOlorQaT-eX4TXTGEZnkUC2n0NrN5nJP4gqO_pegvfzosjHs1EsMLXLvvpkTENZkcN3pj68MjQ7QDbgEfoPFvKZk3jBeAFafVueueFBeHXVhacHaKhW2pHge_syrGvlRMF5w82yOMN9Oag=w408-h544-k-no","/g/11xbn0ty8","en",,"25.7524895","-80.2623621",,"Coral Gables Section","Monday","Open 24 hours","Tuesday","Open 24 hours","Wednesday","Open 24 hours","Thursday","Open 24 hours","Friday","Open 24 hours","Saturday","Closed","Sunday","Closed",,"false","(786) 981-0978","+17869810978","ChIJZW1_Spm32YgRy04obhW_qq4",,,,"33134",,"95",,"278","274","2","2","0","0","2026-10-05T10:22:06.239Z","https://www.google.com/maps/search/DUI%20attorney/@25.681863654126005,-80.32203469677728,12z?hl=en","DUI attorney",,"Florida","2151 SW 42nd Ave #200",,"false","AccidentLawFirm.com","5","https://www.google.com/maps/search/?api=1&query=AccidentLawFirm.com&query_place_id=ChIJZW1_Spm32YgRy04obhW_qq4","true","https://accidentlawfirm.com/?utm_campaign=gmb"
,,,,,,,,,,,,,,,,,,,,,,,,,,,,"7750 SW 117th Ave #202b, Miami, FL 33183","13432827723356298954","Immigration attorney",,,,,,,,,,"Immigration attorney",,,"10643206133967638501","Miami","US",,,"https://streetviewpixels-pa.googleapis.com/v1/thumbnail?panoid=7ZpI35VJu-brXWEq40aGQQ&cb_client=search.gws-prod.gps&w=408&h=240&yaw=269.9619&pitch=0&thumbfov=100","/g/11j153sh5p","en",,"25.6963844","-80.3827484",,,"Monday","9 AM to 5 PM","Tuesday","9 AM to 5 PM","Wednesday","9 AM to 5 PM","Thursday","9 AM to 5 PM","Friday","9 AM to 5 PM","Saturday","Closed","Sunday","Closed",,"false","(305) 632-2282","+13056322282","ChIJMYhYWKLB2YgR5U9mtpZDtJM",,,,"33183",,"61",,"6","5","0","1","0","0","2026-10-05T10:22:06.527Z","https://www.google.com/maps/search/criminal%20defense%20lawyer/@25.681863654126005,-80.59507530322269,12z?hl=en","criminal defense lawyer",,"Florida","7750 SW 117th Ave #202b",,"false","Law Office of Susan R Torres PLLC","4.3","https://www.google.com/maps/search/?api=1&query=Law%20Office%20of%20Susan%20R%20Torres%20PLLC&query_place_id=ChIJMYhYWKLB2YgR5U9mtpZDtJM","false",
,,,,,,,,,,,,,,,,,,,,,,,,,,,,"12925 SW 132nd St suite 4, Miami, FL 33186","18242211350614206413","Immigration attorney",,,,,,,,,,"Immigration attorney",,,"4639548049437895533","Miami","US",,,"https://lh3.googleusercontent.com/gps-cs-s/ANWiy9SxygBgaFPqSLrEhYmNjy3P_AUsr9fX-9ZpTWy2JDNdYoEABvwnEjQPRZC0eY-h7HslW0lt45yLHY71wVWPAaVUpH7KsjsqycQHo2J9EhN-8LSshC7MYYkNhH3hSS7fbh0j8RiPCw=w408-h544-k-no","/g/11f50z5n7z","en",,"25.6456455","-80.4032219",,"West End","Monday","9 AM to 5 PM","Tuesday","9 AM to 5 PM","Wednesday","9 AM to 5 PM","Thursday","9 AM to 5 PM","Friday","9 AM to 5 PM","Saturday","9 AM to 12 PM","Sunday","Closed",,"false","(786) 554-4449","+17865544449","ChIJVVUFGXHB2YgRbSsanV78YkA",,,,"33186",,"62",,"30","29","0","1","0","0","2026-10-05T10:22:06.528Z","https://www.google.com/maps/search/criminal%20defense%20lawyer/@25.681863654126005,-80.59507530322269,12z?hl=en","criminal defense lawyer",,"Florida","12925 SW 132nd St suite 4",,"false","De Sautu Law PA","4.9","https://www.google.com/maps/search/?api=1&query=De%20Sautu%20Law%20PA&query_place_id=ChIJVVUFGXHB2YgRbSsanV78YkA","false",
,,,,,,,,,,,,,,,,,,,,,,,,,,,,"11440 N Kendall Dr Ste 400, Miami, FL 33176",,"Attorney",,,,,,,,,,"Attorney",,,"10200990611232258977","Miami","US",,,"https://streetviewpixels-pa.googleapis.com/v1/thumbnail?panoid=4YGLWLw3uSwk54unheHXNQ&cb_client=search.gws-prod.gps&w=408&h=240&yaw=168.8421&pitch=0&thumbfov=100","/g/1td5gy6v","en",,"25.6853395","-80.3821496",,,,,,,,,,,,,,,,,,"false","(305) 595-0866","+13055950866","ChIJ2RmCYNvA2YgRofuX6-kykY0",,,,"33176",,"63",,,,,,,,"2026-10-05T10:22:06.528Z","https://www.google.com/maps/search/criminal%20defense%20lawyer/@25.681863654126005,-80.59507530322269,12z?hl=en","criminal defense lawyer",,"Florida","11440 N Kendall Dr Ste 400",,"false","Clay William A",,"https://www.google.com/maps/search/?api=1&query=Clay%20William%20A&query_place_id=ChIJ2RmCYNvA2YgRofuX6-kykY0",,
,,,,,,,,,,,,,,,,,,,,,,,,,,,,"2390 NW 107th Ave Suite 200, Miami, FL 33172","11962879529753295459","Attorney",,,,,,,,,,"Attorney",,,"4334632048151760708","Miami","US",,,"https://lh3.googleusercontent.com/gps-cs-s/ANWiy9SbH2trO5yn5L28Ad8suskHL9dM5tBzS1Cj1Hf8FxbiDHiROHoLo0jo-sKzSJ244GQcSVMB0d_R_GHd-tFUDbxZ5WGotewPDMOmOhwVQiMCrAfTR3s9_P0vyjeiu2rpLAUSQL-hBTXrhB0=w408-h544-k-no","/g/11xfhlwqt0","en",,"25.7958217","-80.3694279",,,,,,,,,,,,,,,,,,"false","(305) 204-1690","+13052041690","ChIJa2zETyzD1UoRRA8cxuG0Jzw",,,,"33172",,"65",,"7","7","0","0","0","0","2026-10-05T10:22:06.528Z","https://www.google.com/maps/search/criminal%20defense%20lawyer/@25.681863654126005,-80.59507530322269,12z?hl=en","criminal defense lawyer",,"Florida","2390 NW 107th Ave Suite 200",,"true","Sonnenklar Law","5","https://www.google.com/maps/search/?api=1&query=Sonnenklar%20Law&query_place_id=ChIJa2zETyzD1UoRRA8cxuG0Jzw","false","https://sonnenklar-law.com/"
,,,,,,,,,,,,,,,,,,,,,,,,,,,,"200 S Biscayne Blvd Ste 2770, Miami, FL 33131","1996832960560255373","Criminal justice attorney",,,,,,,,,,"Criminal justice attorney",,,"7707637947274237911","Miami","US",,,"https://lh3.googleusercontent.com/grass-cs/ACvplmNPQbBQPH902xR7gjHP3BzJVTsOCw33M-WsmLQnorHIN9saMEN_3zoNPU5TwVOei-NcJY94U4ogDFxWOGqNEIXxpa8FZl3rZk7FcKk9yN_eayyuJec7NuXGha8ZFSPvZ1XPIIZW=w408-h419-k-no","/g/1tgz68l9","en",,"25.7722201","-80.1880955",,"Downtown Miami","Monday","9 AM to 5 PM","Tuesday","9 AM to 5 PM","Wednesday","9 AM to 5 PM","Thursday","9 AM to 5 PM","Friday","9 AM to 5 PM","Saturday","Closed","Sunday","Closed",,"false","(305) 358-9000","+13053589000","ChIJ12_nj5222YgR1xeaUOAH92o",,,,"33131",,"63",,"5","5","0","0","0","0","2026-10-05T10:22:06.892Z","https://www.google.com/maps/search/drug%20crime%20lawyer/@25.681863654126005,-80.32203469677728,12z?hl=en","drug crime lawyer",,"Florida","200 S Biscayne Blvd Ste 2770",,"false","Rothman & Associates, P.A.","5","https://www.google.com/maps/search/?api=1&query=Rothman%20%26%20Associates%2C%20P.A.&query_place_id=ChIJ12_nj5222YgR1xeaUOAH92o","false","https://tandrlaw.com/"
,,,,,,,,,,,,,,,,,,,,,,,,,,,,"1401 Brickell Ave #910, Miami, FL 33131","3316105722932912700","Criminal justice attorney",,,,,,,,,,"Criminal justice attorney",,,"17879169342284828731","Miami","US",,,"https://streetviewpixels-pa.googleapis.com/v1/thumbnail?panoid=GFyUAMo04NvYX4_ALUZSZw&cb_client=search.gws-prod.grass&w=408&h=240&yaw=281.64145&pitch=0&thumbfov=100","/g/1ptyhh8d6","en",,"25.7597444","-80.1916814",,"Downtown Miami","Monday","Open 24 hours","Tuesday","Open 24 hours","Wednesday","Open 24 hours","Thursday","Open 24 hours","Friday","Open 24 hours","Saturday","Open 24 hours","Sunday","Open 24 hours",,"false","(305) 377-1777","+13053771777","ChIJE0hRIIG22YgROxDx9cmRH_g",,,,"33131",,"64",,"5","3","0","1","1","0","2026-10-05T10:22:06.892Z","https://www.google.com/maps/search/drug%20crime%20lawyer/@25.681863654126005,-80.32203469677728,12z?hl=en","drug crime lawyer",,"Florida","1401 Brickell Ave #910",,"false","Lehr Levi & Mendez, P.A.","3.8","https://www.google.com/maps/search/?api=1&query=Lehr%20Levi%20%26%20Mendez%2C%20P.A.&query_place_id=ChIJE0hRIIG22YgROxDx9cmRH_g","true","https://www.lehrlevimendez.com/"
,,,,,,,,,,,,,,,,,,,,,,,,,,,,"1401 Brickell Ave, Miami, FL 33131","7727654944644078748","Criminal justice attorney",,,,,,,,,,"Criminal justice attorney",,,"12644121707778003547","Miami","US",,,"https://lh3.googleusercontent.com/grass-cs/ACvplmMp0BWn2J9fLS_NAUr4FFYx3qz_V0XNt79jlyGEt38dAClPozlROFBUnqRkIuOY8MCwzdrlKTpq3W-wiQh2-CU0ZTpDoJSQZK5jEjG8XP4ksCZJGIRqQ3cisvAT7phRv5EopbvP=w426-h240-k-no","/g/1tdq6tpl","en",,"25.7596633","-80.1915667",,"Downtown Miami","Monday","9 AM to 5 PM","Tuesday","9 AM to 5 PM","Wednesday","9 AM to 5 PM","Thursday","9 AM to 5 PM","Friday","9 AM to 5 PM","Saturday","Closed","Sunday","Closed",,"false","(305) 577-8888","+13055778888","ChIJP5HQ34C22YgRW9LpqLPxeK8",,,,"33131",,"65",,"8","7","1","0","0","0","2026-10-05T10:22:06.892Z","https://www.google.com/maps/search/drug%20crime%20lawyer/@25.681863654126005,-80.32203469677728,12z?hl=en","drug crime lawyer",,"Florida","1401 Brickell Ave",,"false","Forman Law Group","4.9","https://www.google.com/maps/search/?api=1&query=Forman%20Law%20Group&query_place_id=ChIJP5HQ34C22YgRW9LpqLPxeK8","false","http://formanlawgroup.com/"
,,,,,,,,,,,,,,,,,,,,,,,,,,,,"2121 SW 3rd Ave Ste 600, Miami, FL 33129","8617946637768483711","Criminal justice attorney","Trial attorney",,,,,,,,,"Criminal justice attorney",,,"14696320177304030011","Miami","US",,,"https://streetviewpixels-pa.googleapis.com/v1/thumbnail?panoid=H_pNow7OIPguwdKRZzBXHA&cb_client=search.gws-prod.grass&w=408&h=240&yaw=124.23095&pitch=0&thumbfov=100","/g/11byxg9cmm","en",,"25.7576649","-80.2043453",,"Coral Way","Monday","Open 24 hours","Tuesday","Open 24 hours","Wednesday","Open 24 hours","Thursday","Open 24 hours","Friday","Open 24 hours","Saturday","Open 24 hours","Sunday","Open 24 hours",,"false","(305) 496-9588","+13054969588","ChIJadmj_2G22YgRO8ucOVbR88s",,,,"33129",,"68",,"1","1","0","0","0","0","2026-10-05T10:22:06.892Z","https://www.google.com/maps/search/drug%20crime%20lawyer/@25.681863654126005,-80.32203469677728,12z?hl=en","drug crime lawyer",,"Florida","2121 SW 3rd Ave Ste 600",,"false","Carin At Law P.A.","5","https://www.google.com/maps/search/?api=1&query=Carin%20At%20Law%20P.A.&query_place_id=ChIJadmj_2G22YgRO8ucOVbR88s","true","http://carinatlaw.com/"
,,,,,,,,,,,,,,,,,,,,,,,,,,,,"550 Biltmore Way #780, Coral Gables, FL 33134","12547599025112770286","Criminal justice attorney","Attorney",,,,,,,,,"Criminal justice attorney",,,"16622418849846299122","Coral Gables","US",,,"https://lh3.googleusercontent.com/grass-cs/ACvplmN7WWuEmtPdwqD5KkxvBsQZKIQQgR24gJUhuldR5BBEwJkOEA1ukgxmMLyG0aSEgjwFrCKb2ef53OaysE3MHXe99puryNTjoXlKKi5mPtoFd7h8pXtJAPVMY6T7zpWmi7Y2dw8=w427-h240-k-no","/g/1tdwfqzp","en",,"25.7479166","-80.2659577",,,"Monday","9 AM to 5 PM","Tuesday","9 AM to 5 PM","Wednesday","9 AM to 5 PM","Thursday","9 AM to 5 PM","Friday","9 AM to 5 PM","Saturday","Closed","Sunday","Closed",,"false","(305) 858-5300","+13058585300","ChIJG2y3NoK22YgR8onY5N-xruY",,,,"33134",,"70",,"6","4","0","2","0","0","2026-10-05T10:22:06.892Z","https://www.google.com/maps/search/drug%20crime%20lawyer/@25.681863654126005,-80.32203469677728,12z?hl=en","drug crime lawyer",,"Florida","550 Biltmore Way #780",,"false","Frank A. Rubino, Esq.","3.7","https://www.google.com/maps/search/?api=1&query=Frank%20A.%20Rubino%2C%20Esq.&query_place_id=ChIJG2y3NoK22YgR8onY5N-xruY","false","https://www.frankrubino.com/?npcmp=dir:local:1383411:33134"
,,,,,,,,,,,,,,,,,,,,,,,,,,,,"2333 Brickell Ave, Miami, FL 33129","12537547422214712577","Attorney",,,,,,,,,,"Attorney",,,"2476439978706201106","Miami","US",,,"https://streetviewpixels-pa.googleapis.com/v1/thumbnail?panoid=4ClnQZOxjXktSvkl3H-x5w&cb_client=search.gws-prod.grass&w=408&h=240&yaw=286.80585&pitch=0&thumbfov=100","/g/1tg4xn83","en",,"25.7411","-80.234",,"Coconut Grove","Monday","Open 24 hours","Tuesday","Open 24 hours","Wednesday","Open 24 hours","Thursday","Open 24 hours","Friday","Open 24 hours","Saturday","Open 24 hours","Sunday","Open 24 hours",,"false","(305) 446-6116","+13054466116","ChIJX3TFk7S32YgREupbNgoVXiI",,,,"33129",,"72",,"2","2","0","0","0","0","2026-10-05T10:22:06.892Z","https://www.google.com/maps/search/drug%20crime%20lawyer/@25.681863654126005,-80.32203469677728,12z?hl=en","drug crime lawyer",,"Florida","2333 Brickell Ave",,"false","Michael J. Rosen, P.A.","5","https://www.google.com/maps/search/?api=1&query=Michael%20J.%20Rosen%2C%20P.A.&query_place_id=ChIJX3TFk7S32YgREupbNgoVXiI","true","https://www.michaelrosenlaw.com/"
,,,,,,,,,,,,,,,,,,,,,,,,,,,,"201 Alhambra Cir #1060, Coral Gables, FL 33134","12719466818436744130","Law firm","Criminal justice attorney",,,,,,,,,"Law firm",,,"3709229087028727966","Coral Gables","US",,,"https://lh3.googleusercontent.com/grass-cs/ACvplmNyin77Fvhv9JYHGmrKc5P5QmfkLmDNTXeofRkaxymuOvlOSphU2hiAISkmMJocDJEBfmCpaiUOm_HfYyjwpFACeV-TjLKPORCF4VzQzOYgJcGP0Saxbe4asCBE3iOwjP4Lu1ss=w408-h249-k-no","/g/1ptw7yvkh","en",,"25.752692","-80.259923",,"Coral Gables Section","Monday","9 AM to 6 PM","Tuesday","9 AM to 6 PM","Wednesday","9 AM to 6 PM","Thursday","9 AM to 6 PM","Friday","9 AM to 6 PM","Saturday","Closed","Sunday","Closed",,"false","(305) 577-8525","+13055778525","ChIJ8ag8nZm32YgRntDkyjPUeTM",,,,"33134",,"73",,"7","7","0","0","0","0","2026-10-05T10:22:06.893Z","https://www.google.com/maps/search/drug%20crime%20lawyer/@25.681863654126005,-80.32203469677728,12z?hl=en","drug crime lawyer",,"Florida","201 Alhambra Cir #1060",,"false","Lewin Law","5","https://www.google.com/maps/search/?api=1&query=Lewin%20Law&query_place_id=ChIJ8ag8nZm32YgRntDkyjPUeTM","false","http://jordanlewinlaw.com/"
,,,,,,,,,,,,,,,,,,,,,,,,,,,,"999 Ponce de Leon Blvd #515, Coral Gables, FL 33134","3758003358972546428","Criminal justice attorney",,,,,,,,,,"Criminal justice attorney",,,"11192006219796275880","Coral Gables","US",,,"https://streetviewpixels-pa.googleapis.com/v1/thumbnail?panoid=7XiZFwAjReirlD9c_GX4lQ&cb_client=search.gws-prod.grass&w=408&h=240&yaw=297.2978&pitch=0&thumbfov=100","/g/1tf5fk68","en",,"25.7624935","-80.2587034",,"Douglas","Monday","Open 24 hours","Tuesday","Open 24 hours","Wednesday","Open 24 hours","Thursday","Open 24 hours","Friday","Open 24 hours","Saturday","Closed","Sunday","Closed",,"false","(786) 245-5021","+17862455021","ChIJwf1AUYi22YgRqGLr7lv-UZs",,,,"33134",,"76",,,,,,,,"2026-10-05T10:22:06.893Z","https://www.google.com/maps/search/drug%20crime%20lawyer/@25.681863654126005,-80.32203469677728,12z?hl=en","drug crime lawyer",,"Florida","999 Ponce de Leon Blvd #515",,"false","D'Escoubet Law, P.L.",,"https://www.google.com/maps/search/?api=1&query=D'Escoubet%20Law%2C%20P.L.&query_place_id=ChIJwf1AUYi22YgRqGLr7lv-UZs","true","http://www.descoubetlaw.com/"
,,,,,,,,,,,,,,,,,,,,,,,,,,,,"100 SE 2nd St #3400, Miami, FL 33131","5422513198419841950","Trial attorney","Criminal justice attorney",,,,,,,,,"Trial attorney",,,"6322713779192706078","Miami","US",,,"https://streetviewpixels-pa.googleapis.com/v1/thumbnail?panoid=ilS__g4w-LVdpEwAnvPKDQ&cb_client=search.gws-prod.grass&w=408&h=240&yaw=30.872019&pitch=0&thumbfov=100","/g/1tdp182f","en",,"25.7722841","-80.1915412",,"Downtown Miami","Monday","9 AM to 5 PM","Tuesday","9 AM to 5 PM","Wednesday","9 AM to 5 PM","Thursday","9 AM to 5 PM","Friday","9 AM to 5 PM","Saturday","Closed","Sunday","Closed",,"false","(305) 446-6099","+13054466099","ChIJAaeC-tu22YgRHrQ_2a7Kvlc",,,,"33131",,"77",,"9","9","0","0","0","0","2026-10-05T10:22:06.893Z","https://www.google.com/maps/search/drug%20crime%20lawyer/@25.681863654126005,-80.32203469677728,12z?hl=en","drug crime lawyer",,"Florida","100 SE 2nd St #3400",,"false","Rosenbaum & Acevedo, L.L.P.","5","https://www.google.com/maps/search/?api=1&query=Rosenbaum%20%26%20Acevedo%2C%20L.L.P.&query_place_id=ChIJAaeC-tu22YgRHrQ_2a7Kvlc","false","https://rosenbaumacevedolaw.com/"
,,,,,,,,,,,,,,,,,,,,,,,,,,,,"330 Alhambra Cir #200, Coral Gables, FL 33134","8386304745654307026","Criminal justice attorney","Notary public",,,,,,,,,"Criminal justice attorney",,,"2794183671403285692","Coral Gables","US",,,"https://lh3.googleusercontent.com/grass-cs/ACvplmMjshQsE8sc_LtnDGppSkjSdyAeftJv2eYluXn0hDcdkfU0kHq-Edm9XeNCQZrH7YO0sRwCkaoMS4b4Hco0hUMLqj7Kqm09UxHcfK_-ufzGhQtufKZuvLiRSBHQkXVUxTSwc6h-=w408-h510-k-no","/g/1td1kswv","en",,"25.751623","-80.2613819",,"Coral Gables Section","Monday","9 AM to 5 PM","Tuesday","9 AM to 5 PM","Wednesday","9 AM to 5 PM","Thursday","9 AM to 5 PM","Friday","9 AM to 5 PM","Saturday","Closed","Sunday","Closed",,"false","(305) 371-4989","+13053714989","ChIJRYLx-sS22YgRvIwwsz7vxiY",,,,"33134",,"78",,"8","6","0","2","0","0","2026-10-05T10:22:06.893Z","https://www.google.com/maps/search/drug%20crime%20lawyer/@25.681863654126005,-80.32203469677728,12z?hl=en","drug crime lawyer",,"Florida","330 Alhambra Cir #200",,"false","Clayton R. Kaeiser, P.A.","4","https://www.google.com/maps/search/?api=1&query=Clayton%20R.%20Kaeiser%2C%20P.A.&query_place_id=ChIJRYLx-sS22YgRvIwwsz7vxiY","false","https://clayrkpa.com/"
,,,,,,,,,,,,,,,,,,,,,,,,,,,,"110 Merrick Wy Ste 2C, Coral Gables, FL 33134","327713390499239065","Personal injury attorney","Law firm","Trial attorney",,,,,,,,"Personal injury attorney",,,"16969560448151522902","Coral Gables","US",,,"https://lh3.googleusercontent.com/grass-cs/ACvplmOKjYbZfJDxei1f7Deq1DY2KfRE5mfvBIJdgb7ARVO5i_JX7jEKqFa3v-IAdK_LZo0JhDmr4CcxI75Mb6u09ssO9_NMSo-lZuXkYTVjGqPiZJnr7lC77ftbWImNvL6vv2lVqbg=w424-h240-k-no","/g/12m9bzd1r","en",,"25.7517413","-80.2573532",,"Coral Gables Section","Monday","Open 24 hours","Tuesday","Open 24 hours","Wednesday","Open 24 hours","Thursday","Open 24 hours","Friday","Open 24 hours","Saturday","Open 24 hours","Sunday","Open 24 hours",,"false","(786) 998-8506","+17869988506","ChIJq9RIfIG22YgRVg6XqlH9f-s",,,,"33134",,"79",,"75","73","1","1","0","0","2026-10-05T10:22:06.893Z","https://www.google.com/maps/search/drug%20crime%20lawyer/@25.681863654126005,-80.32203469677728,12z?hl=en","drug crime lawyer",,"Florida","110 Merrick Wy Ste 2C",,"false","Flanagan & Bodenheimer Injury and Wrongful Death Law Firm","4.9","https://www.google.com/maps/search/?api=1&query=Flanagan%20%26%20Bodenheimer%20Injury%20and%20Wrongful%20Death%20Law%20Firm&query_place_id=ChIJq9RIfIG22YgRVg6XqlH9f-s","true","http://www.florida-justice.com/?utm_campaign=gmb"
,,,,,,,,,,,,,,,,,,,,,,,,,,,,"29 Ponce de Leon Blvd, Miami, FL 33135","1567733837155403146","Personal injury attorney","Criminal justice attorney","Divorce lawyer","Family law attorney","Law firm","Legal services","Trial attorney",,,,"Personal injury attorney",,,"9074606388290586545","Miami","US",,,"https://lh3.googleusercontent.com/grass-cs/ACvplmPqe_llUlAofYOhrk9vvnQigjAvlBfXEne-3cHKJayPo3PzDXpq_GtprT3ti1u4-VbcPH5M_7ao087luEWICNfPxu0BVAyPouK8ZCK-E_CtFkvbrOxfKICVGj679iDApzIgtUC6=w457-h240-k-no","/g/1hhlq6bkf","en",,"25.7713343","-80.2542271",,"West Flagler","Monday","Open 24 hours","Tuesday","Open 24 hours","Wednesday","Open 24 hours","Thursday","Open 24 hours","Friday","Open 24 hours","Saturday","Closed","Sunday","Closed",,"false","(305) 783-3301","+13057833301","ChIJxe5mH6W32YgRsQeNSm56730",,,,"33135",,"80",,"120","110","0","9","1","0","2026-10-05T10:22:06.893Z","https://www.google.com/maps/search/drug%20crime%20lawyer/@25.681863654126005,-80.32203469677728,12z?hl=en","drug crime lawyer",,"Florida","29 Ponce de Leon Blvd",,"false","Mitchell & West LLC","4.7","https://www.google.com/maps/search/?api=1&query=Mitchell%20%26%20West%20LLC&query_place_id=ChIJxe5mH6W32YgRsQeNSm56730","true","https://www.mitchellandwest.com/"
,,,,,,,,,,,,,,"Monday","Open 24 hours","Tuesday","Open 24 hours","Wednesday","Open 24 hours","Thursday","Open 24 hours","Friday","Open 24 hours","Saturday","Open 24 hours","Sunday","Open 24 hours","2600 Douglas Rd Ste 1004, Coral Gables, FL 33134","5160276451117116107","Criminal justice attorney","Attorney","Legal services","Trial attorney",,,,,,,"Criminal justice attorney",,,"7786377114855902334","Coral Gables","US",,,"https://lh3.googleusercontent.com/grass-cs/ACvplmOoROILiu7w5zvX9nomuhVi0Y6ycTVgyeiOkLnOy-KJGAlf321UprE5_zPg-JOgRydzhFDilrUxdspLCItqNHBDNoFddTCaZUziTY7lp9vsgf7GUVgw7uS_04fplt3S4Sf4ZSq2JEuyIAGa=w408-h272-k-no","/g/11xv1xn93q","en",,"25.7479687","-80.2546617",,"Crafts","Monday","Open 24 hours","Tuesday","Open 24 hours","Wednesday","Open 24 hours","Thursday","Open 24 hours","Friday","Open 24 hours","Saturday","Open 24 hours","Sunday","Open 24 hours",,"false","(786) 360-1366","+17863601366","ChIJwQw1ewG32YgRfow3YrvEDmw",,,,"33134",,"81",,,,,,,,"2026-10-05T10:22:08.208Z","https://www.google.com/maps/search/drug%20crime%20lawyer/@25.681863654126005,-80.32203469677728,12z?hl=en","drug crime lawyer",,"Florida","2600 Douglas Rd Ste 1004",,"false","AP Criminal Law | Criminal Defense Attorney in Miami",,"https://www.google.com/maps/search/?api=1&query=AP%20Criminal%20Law%20%7C%20Criminal%20Defense%20Attorney%20in%20Miami&query_place_id=ChIJwQw1ewG32YgRfow3YrvEDmw","true","https://apcriminallaw.com/"
,,,,,,,,,,,,,,,,,,,,,,,,,,,,"2600 Douglas Rd Ste 1004, Coral Gables, FL 33134","1350668892412018833","Immigration attorney","Criminal justice attorney","Employment attorney","Immigration & naturalization service","Law firm","Legal services",,,,,"Immigration attorney",,,"17093983863997163584","Coral Gables","US",,,"https://lh3.googleusercontent.com/grass-cs/ACvplmPAIIqcN-Bre1dVbCRSc7VyiAPhIhf0q9BPkgOcpBAZp0neJVSvMLnN70EEyXqE_e-7F0lF_MO0PwLiyWEW7lNjfnuYFKeF-_UNh0M8qmiZNxLb0KCrNdu_md-6cxI694JUHPy6=w408-h272-k-no","/g/11bt_n4y45","en",,"25.7479687","-80.2546617",,"Crafts","Monday","Open 24 hours","Tuesday","Open 24 hours","Wednesday","Open 24 hours","Thursday","Open 24 hours","Friday","Open 24 hours","Saturday","Open 24 hours","Sunday","Open 24 hours",,"false","(786) 360-1341","+17863601341","ChIJdf4R-bW32YgRQGjPqcEHOu0",,,,"33134",,"82",,"58","57","0","1","0","0","2026-10-05T10:22:08.208Z","https://www.google.com/maps/search/drug%20crime%20lawyer/@25.681863654126005,-80.32203469677728,12z?hl=en","drug crime lawyer",,"Florida","2600 Douglas Rd Ste 1004",,"false","Arias and Pereira, PLLC | Immigration Law Attorney Miami","4.9","https://www.google.com/maps/search/?api=1&query=Arias%20and%20Pereira%2C%20PLLC%20%7C%20Immigration%20Law%20Attorney%20Miami&query_place_id=ChIJdf4R-bW32YgRQGjPqcEHOu0","true","https://ariasandpereira.com/?utm_source=gbp&utm_medium=gbplisting&utm_campaign=gbp"
,,,,,,,,,,,,,,,,,,,,,,,,,,,,"1 SE 3rd Ave Ste 2600, Miami, FL 33131","12267498680782728295","Legal services",,,,,,,,,,"Legal services",,,"2310460806234808676","Miami","US",,,"https://streetviewpixels-pa.googleapis.com/v1/thumbnail?panoid=RW162zTchpPllQ_HLWvPDQ&cb_client=search.gws-prod.grass&w=408&h=240&yaw=91.27329&pitch=0&thumbfov=100","/g/11c1vk4vdy","en",,"25.773897","-80.1883347",,"Downtown Miami","Monday","9 AM to 5 PM","Tuesday","9 AM to 5 PM","Wednesday","9 AM to 5 PM","Thursday","9 AM to 5 PM","Friday","9 AM to 5 PM","Saturday","Closed","Sunday","Closed",,"false","(305) 537-9520","+13055379520","ChIJXyO3yZu32YgRZKEWp9xnECA",,,,"33131",,"83",,"2","2","0","0","0","0","2026-10-05T10:22:08.208Z","https://www.google.com/maps/search/drug%20crime%20lawyer/@25.681863654126005,-80.32203469677728,12z?hl=en","drug crime lawyer",,"Florida","1 SE 3rd Ave Ste 2600",,"false","Law Offices of Rene A. Sotorrio, PA","5","https://www.google.com/maps/search/?api=1&query=Law%20Offices%20of%20Rene%20A.%20Sotorrio%2C%20PA&query_place_id=ChIJXyO3yZu32YgRZKEWp9xnECA","false","http://www.sotorriolaw.com/contact-us/"
,,,,,,,,,,,,,,,,,,,,,,,,,,,,"7300 N Kendall Dr, Kendall, FL 33156",,"General practice attorney",,,,,,,,,,"General practice attorney",,,"3075898100831263146","Kendall","US",,,"https://streetviewpixels-pa.googleapis.com/v1/thumbnail?panoid=hgx7I-WhHbUiVAMC0GypEA&cb_client=search.gws-prod.grass&w=408&h=240&yaw=233.11565&pitch=0&thumbfov=100","/g/1tjh056w","en",,"25.6873277","-80.3137889",,,"Monday","9 AM to 5 PM","Tuesday","9 AM to 5 PM","Wednesday","9 AM to 5 PM","Thursday","9 AM to 5 PM","Friday","9 AM to 5 PM","Saturday","Closed","Sunday","Closed",,"false","(305) 670-7020","+13056707020","ChIJM8LKwKXH2YgRqplYoQbJryo",,,,"33156",,"84",,"27","26","0","1","0","0","2026-10-05T10:22:08.208Z","https://www.google.com/maps/search/drug%20crime%20lawyer/@25.681863654126005,-80.32203469677728,12z?hl=en","drug crime lawyer",,"Florida","7300 N Kendall Dr",,"false","The Law Offices of Barry L. Simons","4.9","https://www.google.com/maps/search/?api=1&query=The%20Law%20Offices%20of%20Barry%20L.%20Simons&query_place_id=ChIJM8LKwKXH2YgRqplYoQbJryo","false","http://www.barrysimons.com/"
,,,,,,,,,,,,,,,,,,,,,,,,,,,,"75 Valencia Ave, Coral Gables, FL 33134",,"Attorney",,,,,,,,,,"Attorney",,,"12123273003792796474","Coral Gables","US",,,"https://streetviewpixels-pa.googleapis.com/v1/thumbnail?panoid=HGM3xajtmKjynAu4VEkbqw&cb_client=search.gws-prod.grass&w=408&h=240&yaw=359.24698&pitch=0&thumbfov=100","/g/11b6nyyfkb","en",,"25.7482706","-80.2560475",,"Crafts",,,,,,,,,,,,,,,,"false","(305) 446-0303","+13054460303","ChIJNU_Bv5e32YgROgsnqpCEPqg",,,,"33134",,"85",,"7","4","1","1","1","0","2026-10-05T10:22:08.208Z","https://www.google.com/maps/search/drug%20crime%20lawyer/@25.681863654126005,-80.32203469677728,12z?hl=en","drug crime lawyer",,"Florida","75 Valencia Ave",,"false","Frank Quintero Jr PA","4","https://www.google.com/maps/search/?api=1&query=Frank%20Quintero%20Jr%20PA&query_place_id=ChIJNU_Bv5e32YgROgsnqpCEPqg",,
,,,,,,,,,,,,,,,,,,,,,,,,,,,,"2030 SW 37th Ave Ste 204, Miami, FL 33134","13875433669372753618","Attorney","Criminal justice attorney","Immigration attorney","Law firm","Legal services",,,,,,"Attorney",,,"2205777932185163884","Miami","US",,,"https://lh3.googleusercontent.com/grass-cs/ACvplmNiku2Eug_eiGs0WhVITjac70b5qd3nKHmCYjyfDIC9GB4pst-0ks3_6GdkMoixp3x7DB_zFXxN2dCm9Zae2wZugCqN459pGcADDdxtZkhf3SVU9ERfGGC6gRro4hmgWWHrK9tH=w408-h290-k-no","/g/12hkp4qry","en",,"25.7535015","-80.254892",,"Coral Gables Section","Monday","8:30 AM to 6:30 PM","Tuesday","8:30 AM to 6:30 PM, 7:30 to 9 PM","Wednesday","8:30 AM to 6:30 PM","Thursday","8:30 AM to 6:30 PM, 7:30 to 9 PM","Friday","8:30 AM to 6:30 PM","Saturday","7:30 AM to 12 PM","Sunday","Closed",,"false","(305) 501-4141","+13055014141","ChIJlwEYl5i32YgRbNhKtVd_nB4",,,,"33134",,"87",,"35","32","0","3","0","0","2026-10-05T10:22:08.209Z","https://www.google.com/maps/search/drug%20crime%20lawyer/@25.681863654126005,-80.32203469677728,12z?hl=en","drug crime lawyer",,"Florida","2030 SW 37th Ave Ste 204",,"false","FIGUEROA-CONTRERAS LAW GROUP, PLLC","4.7","https://www.google.com/maps/search/?api=1&query=FIGUEROA-CONTRERAS%20LAW%20GROUP%2C%20PLLC&query_place_id=ChIJlwEYl5i32YgRbNhKtVd_nB4","false","https://www.figueroa-law.com/?utm_source=GMB&utm_medium=organic&utm_campaign=Miami"
,,,,,,,,,,,,,,,,,,,,,,,,,,,,"Miami Center, 201 S Biscayne Blvd Suite 8910, Miami, FL 33131","9829544382535892609","Law firm",,,,,,,,,,"Law firm",,,"11772517518059449580","Miami","US",,,"https://lh3.googleusercontent.com/grass-cs/ACvplmPXZ-KLeXTgPHfptEkFOW6yb8zZyhftMee9qMg55yGVnGe8_BknqnHkR0bat741mxKD3lAG1KtDo7pRLd7zYTjqTVmzQdVAEcyEk00_E6B32PhAEuNF9JslzRhG333nHhxMkervF64smRlj=w408-h398-k-no","/g/11gfn614kz","en",,"25.7723998","-80.1867775",,"Downtown Miami","Monday","8 AM to 5:30 PM","Tuesday","8 AM to 5:30 PM","Wednesday","8 AM to 5:30 PM","Thursday","8 AM to 5:30 PM","Friday","8 AM to 5:30 PM","Saturday","Closed","Sunday","Closed",,"false","(305) 680-1811","+13056801811","ChIJqarqbye02YgR7Cz_J09iYKM",,,,"33131",,"90",,"5","5","0","0","0","0","2026-10-05T10:22:08.209Z","https://www.google.com/maps/search/drug%20crime%20lawyer/@25.681863654126005,-80.32203469677728,12z?hl=en","drug crime lawyer",,"Florida","Miami Center, 201 S Biscayne Blvd Suite 8910",,"false","The Frankowski Firm, LLC","5","https://www.google.com/maps/search/?api=1&query=The%20Frankowski%20Firm%2C%20LLC&query_place_id=ChIJqarqbye02YgR7Cz_J09iYKM","false","https://frankowskifirm.com/"
,,,,,,,,,,,,,,,,,,,,,,,,,,,,"333 SE 2nd Ave STE 2000, Miami, FL 33131","18305603409282835485","Attorney","Business development service","Legal services","Real estate attorney","Trial attorney",,,,,,"Attorney",,,"17467327003679379485","Miami","US",,,"https://streetviewpixels-pa.googleapis.com/v1/thumbnail?panoid=TpnF5O_KCJlYN3hunjkiaw&cb_client=search.gws-prod.grass&w=408&h=240&yaw=119.64977&pitch=0&thumbfov=100","/g/11b5yqp0xj","en",,"25.7713391","-80.1898563",,"Downtown Miami","Monday","9 AM to 5 PM","Tuesday","9 AM to 5 PM","Wednesday","9 AM to 5 PM","Thursday","9 AM to 5 PM","Friday","9 AM to 5 PM","Saturday","Closed","Sunday","Closed",,"false","(786) 871-3349","+17868713349","ChIJ1ZQfB5222YgRHdDlLV1paPI",,,,"33131",,"91",,"19","18","1","0","0","0","2026-10-05T10:22:08.209Z","https://www.google.com/maps/search/drug%20crime%20lawyer/@25.681863654126005,-80.32203469677728,12z?hl=en","drug crime lawyer",,"Florida","333 SE 2nd Ave STE 2000",,"false","Bernhard Law Firm","4.9","https://www.google.com/maps/search/?api=1&query=Bernhard%20Law%20Firm&query_place_id=ChIJ1ZQfB5222YgRHdDlLV1paPI","false","http://www.bernhardlawfirm.com/"
,,,,,,,,,,,,,,,,,,,,,,,,,,,,"2520 Coral Wy, Miami, FL 33145","10824442573949623625","Attorney","Criminal justice attorney","General practice attorney","Law firm",,,,,,,"Attorney",,,"6711149587564573352","Miami","US",,,"https://lh3.googleusercontent.com/grass-cs/ACvplmPty4OUtwxSCkIkIu2oJQ6HCcoCv58SpGOzCNOnRzA5lPcjiHrD-FPu6DTR5E0MT0GeQAzgQXuCipn6pRDKR9m6l8SSlVbLVsOdsJkD4HNrExrylmTcHOQzvC5fDGIOWihrnjX_bHrdibHW=w408-h272-k-no","/g/11b7kfqr0y","en",,"25.7501065","-80.2373132",,"Coral Way","Monday","9 AM to 5 PM","Tuesday","9 AM to 5 PM","Wednesday","9 AM to 5 PM","Thursday","9 AM to 5 PM","Friday","9 AM to 5 PM","Saturday","9 AM to 5 PM","Sunday","9 AM to 5 PM",,"false","(786) 753-5721","+17867535721","ChIJ5RZl3K232YgRqLJLIf7KIl0",,,,"33145",,"93",,"2","1","0","1","0","0","2026-10-05T10:22:08.209Z","https://www.google.com/maps/search/drug%20crime%20lawyer/@25.681863654126005,-80.32203469677728,12z?hl=en","drug crime lawyer",,"Florida","2520 Coral Wy",,"false","Brownstone Law","3","https://www.google.com/maps/search/?api=1&query=Brownstone%20Law&query_place_id=ChIJ5RZl3K232YgRqLJLIf7KIl0","false","https://www.brownstonelaw.com/appellate-lawyer/florida-appeals/appellate-attorneys-in-miami-florida/?utm_source=google&utm_medium=organic&utm_campaign=google_business_profile"
,,,,,,,,,,,,,,,,,,,,,,,,,,,,"14707 S Dixie Hwy #101, Palmetto Bay, FL 33176","9200937790650162487","Real estate attorney","Estate planning attorney","Foreclosure service",,,,,,,,"Real estate attorney",,,"39902695170919067","Palmetto Bay","US",,,"https://lh3.googleusercontent.com/grass-cs/ACvplmOfMGlEONtrArYaEwCVYh4XR-jzo1u7hVYw6psc9d9Lm-AhL9kZiaqcLfcUd4PYN_lwv-1pmA4u4DCeS0M9i5LlArbUTKlM4i8trPg3llYQQQtgcoRqa2XFrAZKhgDP5gh9Rfnxrb63FbKB=w408-h408-k-no","/g/12605d8bp","en",,"25.6333742","-80.3384949",,,"Monday","9 AM to 5 PM","Tuesday","9 AM to 5 PM","Wednesday","9 AM to 5 PM","Thursday","9 AM to 5 PM","Friday","9 AM to 5 PM","Saturday","Closed","Sunday","Closed",,"false","(305) 969-3602","+13059693602","ChIJKcO5XZnG2YgRm0o-M0rDjQA",,,,"33176",,"94",,"192","182","4","6","0","0","2026-10-05T10:22:08.209Z","https://www.google.com/maps/search/drug%20crime%20lawyer/@25.681863654126005,-80.32203469677728,12z?hl=en","drug crime lawyer",,"Florida","14707 S Dixie Hwy #101",,"false","Khan Law, P.A. formerly known as Law Offices of Daryl L. Jones P.A.","4.9","https://www.google.com/maps/search/?api=1&query=Khan%20Law%2C%20P.A.%20formerly%20known%20as%20Law%20Offices%20of%20Daryl%20L.%20Jones%20P.A.&query_place_id=ChIJKcO5XZnG2YgRm0o-M0rDjQA","false","https://www.khanlawpa.com/"
,,,,,,,,,,,,,,,,,,,,,,,,,,,,"66 W Flagler St #1000, Miami, FL 33130","16311313790928620907","Law firm","Criminal justice attorney",,,,,,,,,"Law firm",,,"1881101362784350238","Miami","US",,,"https://lh3.googleusercontent.com/grass-cs/ACvplmNyu1-u1lGZ9bRswJpZtncPu7n5Tu-7jdSsqfR7fFYUDYuMZ2oJ-65hdP6yuRj9Ma-9GoiaGW9Ugg1sXqmjMQI3ww75H4RPhVdZ4ULOzN7i9po00gFkdW9OaBfOCXHx8cj-IlQfZw=w419-h240-k-no","/g/1tj3lwvz","en",,"25.7738736","-80.1949168",,"Government Center","Monday","9 AM to 5 PM","Tuesday","9 AM to 5 PM","Wednesday","9 AM to 5 PM","Thursday","9 AM to 5 PM","Friday","9 AM to 5 PM","Saturday","Closed","Sunday","Closed",,"false","(305) 470-2060","+13054702060","ChIJP82RG8u32YgRHrBDE7kDGxo",,,,"33130",,"96",,"3","3","0","0","0","0","2026-10-05T10:22:08.209Z","https://www.google.com/maps/search/drug%20crime%20lawyer/@25.681863654126005,-80.32203469677728,12z?hl=en","drug crime lawyer",,"Florida","66 W Flagler St #1000",,"false","Priovolos Law Group","5","https://www.google.com/maps/search/?api=1&query=Priovolos%20Law%20Group&query_place_id=ChIJP82RG8u32YgRHrBDE7kDGxo","false","https://jpesq.com/"
,,,,,,,,,,,,,,,,,,,,,,,,,,,,"The Ingraham Building, 25 SE 2nd Ave Suite 220, Miami, FL 33131","14809484391824993179","Divorce lawyer","Criminal justice attorney","Family law attorney",,,,,,,,"Divorce lawyer",,,"4707425702290518033","Miami","US",,,"https://streetviewpixels-pa.googleapis.com/v1/thumbnail?panoid=AbMvqwC9ZTgnrpEGk8jIeA&cb_client=search.gws-prod.grass&w=408&h=240&yaw=14.284203&pitch=0&thumbfov=100","/g/1hc1m06m3","en",,"25.7739988","-80.1901746",,"Downtown Miami","Monday","9 AM to 5 PM","Tuesday","9 AM to 5 PM","Wednesday","9 AM to 5 PM","Thursday","9 AM to 5 PM","Friday","9 AM to 5 PM","Saturday","Closed","Sunday","Closed",,"false","(786) 369-8930","+17863698930","ChIJlXqYHZy22YgREfCRN7wiVEE",,,,"33131",,"97",,"7","7","0","0","0","0","2026-10-05T10:22:08.209Z","https://www.google.com/maps/search/drug%20crime%20lawyer/@25.681863654126005,-80.32203469677728,12z?hl=en","drug crime lawyer",,"FL","The Ingraham Building, 25 SE 2nd Ave Suite 220",,"false","Melmer Law LLC","5","https://www.google.com/maps/search/?api=1&query=Melmer%20Law%20LLC&query_place_id=ChIJlXqYHZy22YgREfCRN7wiVEE","false","https://www.melmerlawfirm.com/?y_source=1_ODc3ODE4MS03MTUtbG9jYXRpb24ud2Vic2l0ZQ%3D%3D"
,,,,,,,,,,,,,,,,,,,,,,,,,,,,"267 Minorca Ave #100, Coral Gables, FL 33134","7261835990777786584","Attorney",,,,,,,,,,"Attorney",,,"16673815718409822547","Coral Gables","US",,,"https://streetviewpixels-pa.googleapis.com/v1/thumbnail?panoid=VwoX3dR62rsAsX-oOFi9Pw&cb_client=search.gws-prod.grass&w=408&h=240&yaw=345.90756&pitch=0&thumbfov=100","/g/11ksbpbssv","en",,"25.7539142","-80.2602233",,"Coral Gables Section","Monday","Open 24 hours","Tuesday","Open 24 hours","Wednesday","Open 24 hours","Thursday","Open 24 hours","Friday","Open 24 hours","Saturday","Closed","Sunday","Closed",,"false","(786) 369-5447","+17863695447","ChIJXxogvv-32YgRU2Ek4g1LZec",,,,"33134",,"98",,,,,,,,"2026-10-05T10:22:08.209Z","https://www.google.com/maps/search/drug%20crime%20lawyer/@25.681863654126005,-80.32203469677728,12z?hl=en","drug crime lawyer",,"Florida","267 Minorca Ave #100",,"false","Law Office of Sebastian Ohanian",,"https://www.google.com/maps/search/?api=1&query=Law%20Office%20of%20Sebastian%20Ohanian&query_place_id=ChIJXxogvv-32YgRU2Ek4g1LZec","true","https://www.ohanianlegal.com/"
,,,,,,,,,,,,,,,,,,,,,,,,,,,,"848 Brickell Ave PH-5, Miami, FL 33131","2209066745768538940","Law firm","Legal services",,,,,,,,,"Law firm",,,"3006033262966656522","Miami","US",,,"https://lh3.googleusercontent.com/grass-cs/ACvplmNVOAV_g5zkM0P4alm1KA2usn93p3eBbJC9EVYns-R3Rw6Ca1Gck7MGsx1HfyoZZLyS_T_psrKZhYMCzHZHUQP3f6RVlUbede914Z2ZwaoanuPkm8lBHSYQMIHu0dPX59xzBNGYqpdSBbJN=w408-h260-k-no","/g/11g0hzg8kx","en",,"25.7649598","-80.1914436",,"Downtown Miami","Monday","7 AM to 7 PM","Tuesday","7 AM to 7 PM","Wednesday","7 AM to 7 PM","Thursday","7 AM to 7 PM","Friday","7 AM to 7 PM","Saturday","Closed","Sunday","Closed",,"false","","","ChIJRXrt96BT2YARCs4idlOTtyk",,,,"33131",,"99",,"38","36","0","2","0","0","2026-10-05T10:22:08.209Z","https://www.google.com/maps/search/drug%20crime%20lawyer/@25.681863654126005,-80.32203469677728,12z?hl=en","drug crime lawyer",,"Florida","848 Brickell Ave PH-5",,"false","The Crypto Lawyers","4.8","https://www.google.com/maps/search/?api=1&query=The%20Crypto%20Lawyers&query_place_id=ChIJRXrt96BT2YARCs4idlOTtyk","false","https://thecryptolawyers.com/"
,,,,,,,,,,,,,,,,,,,,,,,,,,,,,"16283034390163600349","Criminal justice attorney","Service establishment",,,,,,,,,"Criminal justice attorney",,,"9823093108916586823",,,,,"https://lh3.googleusercontent.com/grass-cs/ACvplmOMusuCaPiaKSWHpVlRLHCR1yHeQrxI2MZmSRdlViJMkfnt_T_ZySIh23F0LRvaKiQlrOJWMAQ-bCP6J5jjbAkLKQ4vyHpejLiTCdRnN4E6y3TwotH5adFrpw_U6I3SyJgT4LgB=w408-h408-k-no","/g/11vs1jrdgd","en",,"25.960485","-80.2072559",,,"Monday","Open 24 hours","Tuesday","Open 24 hours","Wednesday","Open 24 hours","Thursday","Open 24 hours","Friday","Open 24 hours","Saturday","Open 24 hours","Sunday","Open 24 hours",,"false","(813) 280-1244","+18132801244","ChIJXe1wHb7sQEkRR4mPOCOjUog",,,,,,"100",,,,,,,,"2026-10-05T10:22:08.209Z","https://www.google.com/maps/search/drug%20crime%20lawyer/@25.681863654126005,-80.32203469677728,12z?hl=en","drug crime lawyer",,,,,"false","Stechschulte Federal Defense Firm",,"https://www.google.com/maps/search/?api=1&query=Stechschulte%20Federal%20Defense%20Firm&query_place_id=ChIJXe1wHb7sQEkRR4mPOCOjUog","true","https://www.tpatrialattorneys.com/"
,,,,,,,,,,,,,,,,,,,,,,,,,,,,"99 NE 4th St, Miami, FL 33132",,"District attorney",,,,,,,,,,"District attorney",,,"8842967576239603790","Miami","US",,,"https://lh3.googleusercontent.com/grass-cs/ACvplmOnMZeAdiYgWriu4IjIdiiYRme2cQBUyLigNDOa_vgnoUqKI_lO_QVb5grAJ6w_acHYt8Z-Yc3ktcXgI72QfWd7v5Hi_1Q36O2Qa7rWcr2fPfUC_HvaRBMm52zTBshqLDeBI3L6=w426-h240-k-no","/g/1tj1swzv","en",,"25.7782704","-80.192452",,"Government Center","Monday","8 AM to 5 PM","Tuesday","8 AM to 5 PM","Wednesday","8 AM to 5 PM","Thursday","8 AM to 5 PM","Friday","8 AM to 5 PM","Saturday","Closed","Sunday","Closed",,"false","(305) 961-9000","+13059619000","ChIJ_RqKMJ-22YgRTgAPliiIuHo",,,,"33132",,"101",,"3","2","0","0","1","0","2026-10-05T10:22:09.333Z","https://www.google.com/maps/search/drug%20crime%20lawyer/@25.681863654126005,-80.32203469677728,12z?hl=en","drug crime lawyer",,"Florida","99 NE 4th St",,"false","US Attorney's Office Southern District of Florida","4.3","https://www.google.com/maps/search/?api=1&query=US%20Attorney's%20Office%20Southern%20District%20of%20Florida&query_place_id=ChIJ_RqKMJ-22YgRTgAPliiIuHo","false","https://www.justice.gov/usao-sdfl"
,,,,,,,,,,,,,,,,,,,,,,,,,,,,"2625 Ponce de Leon Blvd Ste 200, Coral Gables, FL 33134","304609235080288216","Immigration attorney","Business attorney","Immigration & naturalization service","Law firm",,,,,,,"Immigration attorney",,,"1435019730975686352","Coral Gables","US",,,"https://lh3.googleusercontent.com/grass-cs/ACvplmMe-xbHyoIycOauNjrFqEO6qJOTs4M19_tjJxIZPIMcbdpEZFdKjkDS0f0ydaF7qUtc5P5asQ3-YBGf_ns-NuEfXdKAQHxD9GkB-rskSn9PIvhpQBNHW7vMEJTe4mVVAEaIz4AeS713q40D=w426-h240-k-no","/g/11d_2m03v0","en",,"25.7473155","-80.2582243",,"Crafts","Monday","9 AM to 5 PM","Tuesday","9 AM to 5 PM","Wednesday","9 AM to 5 PM","Thursday","9 AM to 5 PM","Friday","9 AM to 5 PM","Saturday","Closed","Sunday","Closed",,"false","(786) 999-8467","+17869998467","ChIJKymgleu32YgR0H57ntc26hM",,,,"33134",,"102",,"67","66","0","0","1","0","2026-10-05T10:22:09.333Z","https://www.google.com/maps/search/drug%20crime%20lawyer/@25.681863654126005,-80.32203469677728,12z?hl=en","drug crime lawyer",,"Florida","2625 Ponce de Leon Blvd Ste 200",,"false","Immigration Legal Center","5","https://www.google.com/maps/search/?api=1&query=Immigration%20Legal%20Center&query_place_id=ChIJKymgleu32YgR0H57ntc26hM","false","https://immigration-legal-center.com/"
,,,,,,,,,,,,,,,,,,,,,,,,,,,,"7301 SW 57th Ct Ste 430, Miami, FL 33143","4512923054411122415","Personal injury attorney","Media company",,,,,,,,,"Personal injury attorney",,,"8142666797748293675","Miami","US",,,"https://streetviewpixels-pa.googleapis.com/v1/thumbnail?panoid=pHOy0v69HWQL_R7N4fprqw&cb_client=search.gws-prod.grass&w=408&h=240&yaw=87.07367&pitch=0&thumbfov=100","/g/1tdkbwq9","en",,"25.703005","-80.2860508",,,"Monday","8 AM to 5 PM","Tuesday","8 AM to 5 PM","Wednesday","8 AM to 5 PM","Thursday","8 AM to 5 PM","Friday","8 AM to 5 PM","Saturday","Closed","Sunday","Closed",,"false","(305) 995-5300","+13059955300","ChIJH7vEbPjH2YgRK5AnlE-QAHE",,,,"33143",,"103",,"8","8","0","0","0","0","2026-10-05T10:22:09.333Z","https://www.google.com/maps/search/drug%20crime%20lawyer/@25.681863654126005,-80.32203469677728,12z?hl=en","drug crime lawyer",,"Florida","7301 SW 57th Ct Ste 430",,"false","Walker & O'Neill PA","5","https://www.google.com/maps/search/?api=1&query=Walker%20%26%20O'Neill%20PA&query_place_id=ChIJH7vEbPjH2YgRK5AnlE-QAHE","false","http://www.cruiselawnews.com/"
,,,,,,,,,,,,,,,,,,,,,,,,,,,,"999 Ponce de Leon Blvd Ste 705, Coral Gables, FL 33134","228213771738214477","Law firm","Civil law attorney","Insurance attorney","Personal injury attorney","Real estate attorney","Trial attorney",,,,,"Law firm",,,"7361240796069084678","Coral Gables","US",,,"https://lh3.googleusercontent.com/grass-cs/ACvplmMB7Uux1hKfPibvaTi16uvfqZzpngi17uT2L7HPGjLLtWKtkPPSsZfuU6yB3UfmPqK5Jcs19k_AdtBGxE6RlrKUpTmcGre0rhZE8o_EKqibmsM8lAH--1GX3IcFmwEVfPb8Jcqy=w408-h271-k-no","/g/11pgjzd9ss","en",,"25.7624935","-80.2587034",,"Douglas","Monday","Open 24 hours","Tuesday","Open 24 hours","Wednesday","Open 24 hours","Thursday","Open 24 hours","Friday","Open 24 hours","Saturday","Open 24 hours","Sunday","Open 24 hours",,"false","(305) 614-9470","+13056149470","ChIJn6wu8TG32YgRBr7Po4BhKGY",,,,"33134",,"104",,"608","568","4","32","2","2","2026-10-05T10:22:09.333Z","https://www.google.com/maps/search/drug%20crime%20lawyer/@25.681863654126005,-80.32203469677728,12z?hl=en","drug crime lawyer",,"Florida","999 Ponce de Leon Blvd Ste 705",,"false","Perez Mayoral - HOA & Condo Lawyers for Homeowners","4.8","https://www.google.com/maps/search/?api=1&query=Perez%20Mayoral%20-%20HOA%20%26%20Condo%20Lawyers%20for%20Homeowners&query_place_id=ChIJn6wu8TG32YgRBr7Po4BhKGY","true","https://www.pmlawfla.com/"
,,,,,,,,,,,,,,,,,,,,,,,,,,,,,"15997066388747940003","Law firm","Service establishment",,,,,,,,,"Law firm",,,"9798444975735806870",,,,,"https://lh3.googleusercontent.com/grass-cs/ACvplmPzqY-xPa2Pq9RkMOlGC55h89sltvAfbv6vjsmFPHk3HMcQf-XBKKCTQlkKdzfhInRxy2UZ9PWO5rCuNQJH8iOaIw-cPoxlisnybkFatz1C3ulA4S1qHpiKuSgifuqP4QJ-Dy13ZhMwY_uF=w408-h608-k-no","/g/11xf69t14h","en",,"25.7464834","-80.4482804",,,"Monday","Open 24 hours","Tuesday","Open 24 hours","Wednesday","Open 24 hours","Thursday","Open 24 hours","Friday","Open 24 hours","Saturday","Open 24 hours","Sunday","Open 24 hours",,"false","(305) 395-3900","+13053953900","ChIJtQ-2z1JzliERlpvxgcoR-4c",,,,,,"105",,"22","22","0","0","0","0","2026-10-05T10:22:09.333Z","https://www.google.com/maps/search/drug%20crime%20lawyer/@25.681863654126005,-80.32203469677728,12z?hl=en","drug crime lawyer",,,,,"false","Espinosa Law","5","https://www.google.com/maps/search/?api=1&query=Espinosa%20Law&query_place_id=ChIJtQ-2z1JzliERlpvxgcoR-4c","true","https://www.espinosalaw.com/"
,,,,,,,,,,,,,,,,,,,,,,,,,,,,"100 Biscayne Blvd #1114, Miami, FL 33132","122428259189613117","Criminal justice attorney",,,,,,,,,,"Criminal justice attorney",,,"8776634194140384805","Miami","US",,,"https://streetviewpixels-pa.googleapis.com/v1/thumbnail?panoid=XB8ICMfpgvov0VaWdVeO0Q&cb_client=search.gws-prod.grass&w=408&h=240&yaw=262.40735&pitch=0&thumbfov=100","/g/1vf9d4_h","en",,"25.7756219","-80.1882208",,"Downtown Miami",,,,,,,,,,,,,,,,"false","(305) 215-2814","+13052152814","ChIJiTyjEI602YgRJc5IiUzezHk",,,,"33132",,"106",,,,,,,,"2026-10-05T10:22:09.333Z","https://www.google.com/maps/search/drug%20crime%20lawyer/@25.681863654126005,-80.32203469677728,12z?hl=en","drug crime lawyer",,"Florida","100 Biscayne Blvd #1114",,"true","James R Gailey & Associates P.A.",,"https://www.google.com/maps/search/?api=1&query=James%20R%20Gailey%20%26%20Associates%20P.A.&query_place_id=ChIJiTyjEI602YgRJc5IiUzezHk","false","http://gailey-law.com/"
,,,,,,,,,,,,,,,,,,,,,,,,,,,,"407 Lincoln Rd Ste 12E, Miami Beach, FL 33139","8725675262451183259","Criminal justice attorney","General practice attorney","Attorney","Trial attorney",,,,,,,"Criminal justice attorney",,,"868496295724971622","Miami Beach","US",,,"https://streetviewpixels-pa.googleapis.com/v1/thumbnail?panoid=GupPMajhQzorOk2R0C9VzQ&cb_client=search.gws-prod.gps&w=408&h=240&yaw=344.54593&pitch=0&thumbfov=100","/g/1tq4rwr8","en",,"25.7909385","-80.1323601",,"Lincoln Road","Monday","Open 24 hours","Tuesday","Open 24 hours","Wednesday","Open 24 hours","Thursday","Open 24 hours","Friday","Open 24 hours","Saturday","Open 24 hours","Sunday","Open 24 hours",,"false","(305) 505-8858","+13055058858","ChIJURNvKYW02YgRZvZti8eEDQw",,,,"33139",,"32",,"115","109","0","6","0","0","2026-10-05T10:22:11.153Z","https://www.google.com/maps/search/criminal%20lawyer/@25.681863654126005,-80.04899409033187,12z?hl=en","criminal lawyer",,"Florida","407 Lincoln Rd Ste 12E",,"false","Law Offices of Bijan Parwaresch, P.A.","4.8","https://www.google.com/maps/search/?api=1&query=Law%20Offices%20of%20Bijan%20Parwaresch%2C%20P.A.&query_place_id=ChIJURNvKYW02YgRZvZti8eEDQw","true","http://www.criminaldefensemiami.com/"
,,,,,,,,,,,,,,,,,,,,,,,,,,,,"407 Lincoln Rd Ste 500, Miami Beach, FL 33139","16356520905051934357","Attorney","Personal injury attorney","Trial attorney",,,,,,,,"Attorney",,,"7677694380826446833","Miami Beach","US",,,"https://lh3.googleusercontent.com/gps-cs-s/AHRPTWmKzNmp_v4seYSt8ZDIJx3NglOvBpsCNWqF1ATFxDGu6W9qyXM_spGZBFEeNvXo64NdFVmli1M1gToaR_0Zhrn74D5fM0He_tpb8Kp53E2CJSVb9nhUJ5Q2uUiu8IywOB3ZyLU=w408-h544-k-no","/g/1262s7yvk","en",,"25.7909595","-80.1322442",,"Lincoln Road","Monday","9 AM to 5 PM","Tuesday","9 AM to 5 PM","Wednesday","9 AM to 5 PM","Thursday","9 AM to 5 PM","Friday","9 AM to 5 PM","Saturday","Closed","Sunday","Closed",,"false","(305) 603-1323","+13056031323","ChIJ8a0xFIW22YgR8Ussd1ymjGo",,,,"33139",,"34",,"373","364","1","6","1","1","2026-10-05T10:22:11.153Z","https://www.google.com/maps/search/criminal%20lawyer/@25.681863654126005,-80.04899409033187,12z?hl=en","criminal lawyer",,"Florida","407 Lincoln Rd Ste 500",,"false","Lonnie Lawyer LLC","4.9","https://www.google.com/maps/search/?api=1&query=Lonnie%20Lawyer%20LLC&query_place_id=ChIJ8a0xFIW22YgR8Ussd1ymjGo","false","http://www.lonnielawyer.com/"
,,,,,,,,,,,,,,,,,,,,,,,,,,,,"1 NE 2nd Ave STE 200, Miami, FL 33132","15789230656976922449","Criminal justice attorney","Attorney",,,,,,,,,"Criminal justice attorney",,,"9676503548686909391","Miami","US",,,"https://lh3.googleusercontent.com/gps-cs-s/AHRPTWl51nCnBsGjXsOdzlN7NKLHTJhPIUpKp-ZVKulDGmBPlSBOib69vIYRFXFqF6Fx5H5tJ0OkjHkIOzKYG1Y3DKNtq2aH84KCUPZNADfwI5el4ARtu_aSJrUOlmii1lCqsQMAFvv8=w427-h240-k-no","/g/11h0ft_mh","en",,"25.7746323","-80.1901099",,"Downtown Miami","Monday","6 AM to 10 PM","Tuesday","6 AM to 10 PM","Wednesday","6 AM to 10 PM","Thursday","6 AM to 10 PM","Friday","6 AM to 10 PM","Saturday","6 AM to 10 PM","Sunday","6 AM to 10 PM",,"false","(305) 379-8688","+13053798688","ChIJUzUzSJm22YgRzz9Kj7XYSYY",,,,"33132",,"39",,"18","18","0","0","0","0","2026-10-05T10:22:11.153Z","https://www.google.com/maps/search/criminal%20lawyer/@25.681863654126005,-80.04899409033187,12z?hl=en","criminal lawyer",,"Florida","1 NE 2nd Ave STE 200",,"false","Anderson, O'Sullivan & Associates, Inc.","5","https://www.google.com/maps/search/?api=1&query=Anderson%2C%20O'Sullivan%20%26%20Associates%2C%20Inc.&query_place_id=ChIJUzUzSJm22YgRzz9Kj7XYSYY","true","http://www.criminaldefensefirmmiami.com/"
,,,,,,,,,,,,,,,,,,,,,,,,,,,,"Penthouse One, 40 NW 3rd St, Miami, FL 33128","9153552546602787247","Criminal justice attorney","Attorney",,,,,,,,,"Criminal justice attorney",,,"8458805402161750905","Miami","US",,,"https://lh3.googleusercontent.com/gps-cs-s/AHRPTWm7CDFbaE_kufzoLiA13ri5S0VepBFuI6MVZSPZElpeWhJqL8qVMUj11k15c5QSzCTG0N_DE5nckiFTZE9Ev5bQ0n_R8XvsmtauxqDdDpQej1mtNIA-kopQ02zb6TC52M7Gd60o=w408-h272-k-no","/g/11cfg2r1p","en",,"25.7764537","-80.1943958",,"Government Center","Monday","Open 24 hours","Tuesday","Open 24 hours","Wednesday","Open 24 hours","Thursday","Open 24 hours","Friday","Open 24 hours","Saturday","Open 24 hours","Sunday","Open 24 hours",,"false","(305) 379-6667","+13053796667","ChIJX3faIpm22YgReaMBVLK2Y3U",,,,"33128",,"41",,"26","22","1","3","0","0","2026-10-05T10:22:12.136Z","https://www.google.com/maps/search/criminal%20lawyer/@25.681863654126005,-80.04899409033187,12z?hl=en","criminal lawyer",,"Florida","Penthouse One, 40 NW 3rd St",,"false","Markus/Moss","4.5","https://www.google.com/maps/search/?api=1&query=Markus%2FMoss&query_place_id=ChIJX3faIpm22YgReaMBVLK2Y3U","true","https://markuslaw.com/"
,,,,,,,,,,,,,,,,,,,,,,,,,,,,"1060 Brickell Ave, Miami, FL 33131","16625174047274223983","Criminal justice attorney","Law firm","Attorney","Legal services","Personal injury attorney",,,,,,"Criminal justice attorney",,,"9998894982107558543","Miami","US",,,"https://lh3.googleusercontent.com/gps-cs-s/AHRPTWm-u7wCQu5KXBLPR3E-J3zwlieFrOqMpVkcoRfU71Q211zzSwHpkx0jcflQXYrJWc20KJSVxx6XcT-B1tJZLayLdohpl6uG4_iO2YuZPzHHkskY4Jhb7WlF1tRBzVuIY_ECbPCQ6H5seh1w=w408-h272-k-no","/g/11hz38hb8h","en",,"25.7631375","-80.1917891",,"Downtown Miami","Monday","Open 24 hours","Tuesday","Open 24 hours","Wednesday","Open 24 hours","Thursday","Open 24 hours","Friday","Open 24 hours","Saturday","Open 24 hours","Sunday","Open 24 hours",,"false","(866) 372-7335","+18663727335","ChIJKwJY-6e32YgRj_L0ggI2w4o",,,,"33131",,"44",,"160","158","1","1","0","0","2026-10-05T10:22:12.136Z","https://www.google.com/maps/search/criminal%20lawyer/@25.681863654126005,-80.04899409033187,12z?hl=en","criminal lawyer",,"Florida","1060 Brickell Ave",,"false","Erase The Case, PLLC.","5","https://www.google.com/maps/search/?api=1&query=Erase%20The%20Case%2C%20PLLC.&query_place_id=ChIJKwJY-6e32YgRj_L0ggI2w4o","true","https://erasethecase.com/"
,,,,,,,,,,,,,,,,,,,,,,,,,,,,"66 W Flagler St #1000, Miami, FL 33130","15326972191619092051","Criminal justice attorney",,,,,,,,,,"Criminal justice attorney",,,"10998139895033560511","Miami","US",,,"https://streetviewpixels-pa.googleapis.com/v1/thumbnail?panoid=xPClgB0R8Tctbf5RdU0lBQ&cb_client=search.gws-prod.gps&w=408&h=240&yaw=174.11978&pitch=0&thumbfov=100","/g/11vwh15cqm","en",,"25.7738923","-80.1949168",,"Government Center","Monday","9 AM to 5 PM","Tuesday","9 AM to 5 PM","Wednesday","9 AM to 5 PM","Thursday","9 AM to 5 PM","Friday","9 AM to 5 PM","Saturday","Closed","Sunday","Closed",,"false","(786) 894-5938","+17868945938","ChIJHTKYUOS32YgRv_2GwfY9oZg",,,,"33130",,"48",,"19","19","0","0","0","0","2026-10-05T10:22:12.136Z","https://www.google.com/maps/search/criminal%20lawyer/@25.681863654126005,-80.04899409033187,12z?hl=en","criminal lawyer",,"Florida","66 W Flagler St #1000",,"false","Antonio Pena Law Group PLLC","5","https://www.google.com/maps/search/?api=1&query=Antonio%20Pena%20Law%20Group%20PLLC&query_place_id=ChIJHTKYUOS32YgRv_2GwfY9oZg","false","https://www.apenalawgroup.com/?npcmp=dir:local:5333667:33130"
,,,,,,,,,,,,,,,,,,,,,,,,,,,,"168 SE 1st St #700, Miami, FL 33131","1366892694709954033","Criminal justice attorney",,,,,,,,,,"Criminal justice attorney",,,"627037916417499433","Miami","US",,,"https://lh3.googleusercontent.com/gps-cs-s/AHRPTWlztb-LZ0P9I3AAgAn6IiiglicEcCGaXdif00wrjraGCyzXZ-eolWIDFvEq8hS_n-2LdZz6KIDINfCr49D1FKTdE_CfDSDlqtCTfpeg3MWsSUneke5g8PYhohC1Le2Q64Cn5FzBjYaXN_E=w426-h240-k-no","/g/11z478zycz","en",,"25.7732425","-80.1904924",,"Downtown Miami","Monday","Open 24 hours","Tuesday","Open 24 hours","Wednesday","Open 24 hours","Thursday","Open 24 hours","Friday","Open 24 hours","Saturday","Open 24 hours","Sunday","Open 24 hours",,"false","(305) 317-1529","+13053171529","ChIJmXZNoWC32YgRKSHErKmvswg",,,,"33131",,"49",,"4","4","0","0","0","0","2026-10-05T10:22:12.137Z","https://www.google.com/maps/search/criminal%20lawyer/@25.681863654126005,-80.04899409033187,12z?hl=en","criminal lawyer",,"Florida","168 SE 1st St #700",,"false","Wichman Law Firm, LLC","5","https://www.google.com/maps/search/?api=1&query=Wichman%20Law%20Firm%2C%20LLC&query_place_id=ChIJmXZNoWC32YgRKSHErKmvswg","true","https://www.wichmanlawfirm.com/top-rated-miami-dade-county-florida-criminal-defense-lawyer/"
,,,,,,,,,,,,,,,,,,,,,,,,,,,,"28 W Flagler St #900, Miami, FL 33130","17107331347017100924","Attorney",,,,,,,,,,"Attorney",,,"7577531033507626973","Miami","US",,,"https://lh3.googleusercontent.com/gps-cs-s/AHRPTWmP8GNjWjgILy66gQv-9WaWrIa8l8thIS2-rm5ySyROqkzQHoV6PRdHDt_4VCysnJGnyaS4sdU97weS-N5xnhkarfJj80ej-FCIcZKFzUhTnn5jQU3KjDea1SRI0V5ds1__2jc=w408-h445-k-no","/g/12nv9y0zl","en",,"25.7738328","-80.1943177",,"Government Center","Monday","9 AM to 5 PM","Tuesday","9 AM to 5 PM","Wednesday","9 AM to 5 PM","Thursday","9 AM to 5 PM","Friday","9 AM to 3 PM","Saturday","Closed","Sunday","9 AM to 5 PM",,"false","(645) 220-2720","+16452202720","ChIJOyAu5pu22YgR3X-41lPMKGk",,,,"33130",,"54",,"89","85","1","2","1","0","2026-10-05T10:22:12.137Z","https://www.google.com/maps/search/criminal%20lawyer/@25.681863654126005,-80.04899409033187,12z?hl=en","criminal lawyer",,"Florida","28 W Flagler St #900",,"false","Law Offices of Sara Shulevitz, P.A.","4.9","https://www.google.com/maps/search/?api=1&query=Law%20Offices%20of%20Sara%20Shulevitz%2C%20P.A.&query_place_id=ChIJOyAu5pu22YgR3X-41lPMKGk","false","https://www.shulevitzlaw.com/"
,,,,,,,,,,,,,,,,,,,,,,,,,,,,"1221 Brickell Ave Suite 900, Miami, FL 33131","729656941136737623","Criminal justice attorney","Personal injury attorney",,,,,,,,,"Criminal justice attorney",,,"6221337862884516404","Miami","US",,,"https://lh3.googleusercontent.com/gps-cs-s/AHRPTWnYk8VO-JhPCao5R8hlslUgYNwjpex_8a4whygulgsUfJQV4O_pdUGyuSz55YXeE3LE--BFpa1wwcr7hmsCEJCq04UcZYhXsaq4PjDVmB2H7LH1pd1I_tPme_dGnVffKi5flab5WcJzbbU_=w408-h584-k-no","/g/11ydxp7m7x","en",,"25.7612274","-80.1910809",,"Downtown Miami","Monday","Open 24 hours","Tuesday","Open 24 hours","Wednesday","Open 24 hours","Thursday","Open 24 hours","Friday","Open 24 hours","Saturday","Open 24 hours","Sunday","Open 24 hours",,"false","(305) 488-4357","+13054884357","ChIJWUyMyYxysCIRNGLrANOhVlY",,,,"33131",,"58",,"88","88","0","0","0","0","2026-10-05T10:22:12.137Z","https://www.google.com/maps/search/criminal%20lawyer/@25.681863654126005,-80.04899409033187,12z?hl=en","criminal lawyer",,"Florida","1221 Brickell Ave Suite 900",,"false","Ravelo Law Firm","5","https://www.google.com/maps/search/?api=1&query=Ravelo%20Law%20Firm&query_place_id=ChIJWUyMyYxysCIRNGLrANOhVlY","true","https://www.ravelolawfirm.com/"
,,,,,,,,,,,,,,,,,,,,,,,,,,,,"14 NE 1st Ave Ste 300, Miami, FL 33132","5097450174420528652","Criminal justice attorney","Attorney",,,,,,,,,"Criminal justice attorney",,,"6191761586504784756","Miami","US",,,"https://lh3.googleusercontent.com/gps-cs-s/AHRPTWnaFX3r4rc7NYy5GjYoBH3eidRraWF6VAcDVj-eL14Ty0B4fsjuEddwZJlBxQjkh1ZU_mp-KD4HKERYQbu0mEJ8iLpfO6fofVGXOcge5QEu4x58RgpUx4DmYtvc6MAAePc2nVQ=w408-h272-k-no","/g/12hq6886f","en",,"25.7743082","-80.1920771",,"Government Center","Monday","9 AM to 5 PM","Tuesday","9 AM to 5 PM","Wednesday","9 AM to 5 PM","Thursday","9 AM to 5 PM","Friday","9 AM to 5 PM","Saturday","Closed","Sunday","Closed",,"false","(305) 441-2333","+13054412333","ChIJx2crVJq32YgRdNuGiVuO7VU",,,,"33132",,"59",,"105","100","0","3","0","2","2026-10-05T10:22:12.137Z","https://www.google.com/maps/search/criminal%20lawyer/@25.681863654126005,-80.04899409033187,12z?hl=en","criminal lawyer",,"Florida","14 NE 1st Ave Ste 300",,"false","Saam Zangeneh PA","4.8","https://www.google.com/maps/search/?api=1&query=Saam%20Zangeneh%20PA&query_place_id=ChIJx2crVJq32YgRdNuGiVuO7VU","false",
,,,,,,,,,,,,,,,,,,,,,,,,,,,,"333 SE 2nd Ave Ste 2000, Miami, FL 33131","3305594001551758849","Criminal justice attorney","Attorney","Personal injury attorney",,,,,,,,"Criminal justice attorney",,,"13885466731761041908","Miami","US",,,"https://lh3.googleusercontent.com/gps-cs-s/AHRPTWn0pSanXDFqJ_HOROBpsykdmmXj3bvZe1bdvjr35Kp4QW_Pk-H7uHA61xg04kLBD1jf41bbwjaazA2zPau3BsbaAjiXPH78G_plMFpQ2N-U_ip-75VbdEG-soMb8ACENtcjvVAXnw=w427-h240-k-no","/g/11wj3t2v95","en",,"25.7715829","-80.1887783",,"Downtown Miami","Monday","8:30 AM to 5:30 PM","Tuesday","8:30 AM to 5:30 PM","Wednesday","8:30 AM to 5:30 PM","Thursday","8:30 AM to 5:30 PM","Friday","8:30 AM to 5:30 PM","Saturday","Closed","Sunday","Closed",,"false","(877) 977-9867","+18779779867","ChIJ5ZotyrUv60oR9AEfl2wWs8A",,,,"33131",,"60",,"3","3","0","0","0","0","2026-10-05T10:22:12.137Z","https://www.google.com/maps/search/criminal%20lawyer/@25.681863654126005,-80.04899409033187,12z?hl=en","criminal lawyer",,"Florida","333 SE 2nd Ave Ste 2000",,"false","Advocate Law, PLLC","5","https://www.google.com/maps/search/?api=1&query=Advocate%20Law%2C%20PLLC&query_place_id=ChIJ5ZotyrUv60oR9AEfl2wWs8A","false","http://advocatefl.com/"
,,,,,,,,,,,,,,,,,,,,,,,,,,,,"135 San Lorenzo Ave PH 830, Coral Gables, FL 33146","5345403604002302221","Criminal justice attorney","Civil law attorney","Attorney",,,,,,,,"Criminal justice attorney",,,"1058119866071830089","Coral Gables","US",,,"https://streetviewpixels-pa.googleapis.com/v1/thumbnail?panoid=OOVBdwWIlZCxzAXr8fDHSw&cb_client=search.gws-prod.gps&w=408&h=240&yaw=353.7862&pitch=0&thumbfov=100","/g/1tz76sk2","en",,"25.7318346","-80.2574671",,"Industrial Section","Monday","9 AM to 6 PM","Tuesday","9 AM to 6 PM","Wednesday","9 AM to 6 PM","Thursday","9 AM to 6 PM","Friday","9 AM to 6 PM","Saturday","Closed","Sunday","Closed",,"false","(305) 860-2562","+13058602562","ChIJC6vCGcy32YgRSc7-emkyrw4",,,,"33146",,"62",,"16","16","0","0","0","0","2026-10-05T10:22:13.186Z","https://www.google.com/maps/search/criminal%20lawyer/@25.681863654126005,-80.04899409033187,12z?hl=en","criminal lawyer",,"Florida","135 San Lorenzo Ave PH 830",,"false","Macey Law","5","https://www.google.com/maps/search/?api=1&query=Macey%20Law&query_place_id=ChIJC6vCGcy32YgRSc7-emkyrw4","false","http://davidmacey.com/"
,,,,,,,,,,,,,,,,,,,,,,,,,,,,"66 W Flagler St Suit 900, Miami, FL 33130","13358383268018848890","Law firm",,,,,,,,,,"Law firm",,,"11066483040133663681","Miami","US",,,"https://lh3.googleusercontent.com/gps-cs-s/AHRPTWkEl65Fiwn7ePShN7QQ0n_akXpQI_ADnYaPpevIimH7ehQVaiOOW7PnR7cJx3kfvPDxYGQaPRDro4QnnjQvBu0knQXvK6-h_N0kg2v-ySADsL4Jwr0NkOjVelC4O7f1Sb08qXPB8H-MfeXf=w408-h418-k-no","/g/11x6g1nwzy","en",,"25.7739191","-80.1949873",,"Government Center","Monday","9 AM to 6 PM","Tuesday","9 AM to 6 PM","Wednesday","9 AM to 6 PM","Thursday","9 AM to 6 PM","Friday","9 AM to 6 PM","Saturday","Closed","Sunday","Closed",,"false","(305) 600-6920","+13056006920","ChIJp82k_Lq32YgRwUsNOLELlJk",,,,"33130",,"63",,"53","53","0","0","0","0","2026-10-05T10:22:13.186Z","https://www.google.com/maps/search/criminal%20lawyer/@25.681863654126005,-80.04899409033187,12z?hl=en","criminal lawyer",,"Florida","66 W Flagler St Suit 900",,"false","ALDAHONDO LAW, PLLC","5","https://www.google.com/maps/search/?api=1&query=ALDAHONDO%20LAW%2C%20PLLC&query_place_id=ChIJp82k_Lq32YgRwUsNOLELlJk","false","https://aldahondolaw.com/"
,,,,,,,,,,,,,,,,,,,,,,,,,,,,"2801 Florida Ave #18, Coconut Grove, FL 33133","259456215375659482","Law firm",,,,,,,,,,"Law firm",,,"15757964868088361925","Coconut Grove","US",,,"https://lh3.googleusercontent.com/gps-cs-s/AHRPTWnRpxNahjNPwvGUAjjJxD7KVJ_aDAbNyZAr5zj-8He4NVGWXnGUFx1WMeO0AIQ0w6UOGG5iK_qzVH0U-9fTJQ1vL5U63oNKtHxBw-G-2-apYeysxniXSRjBec6SA7WYC1qnC6ws=w408-h285-k-no","/g/11c1s8kxvy","en",,"25.7294526","-80.2402781",,"Coconut Grove","Monday","8:30 AM to 6:30 PM","Tuesday","8:30 AM to 6:30 PM","Wednesday","8:30 AM to 6:30 PM","Thursday","8:30 AM to 6:30 PM","Friday","8:30 AM to 5 PM","Saturday","Closed","Sunday","Closed",,"false","(305) 492-4300","+13054924300","ChIJpR1JIou52YgRxfN96Y6Jr9o",,,,"33133",,"65",,"266","257","1","7","1","0","2026-10-05T10:22:13.186Z","https://www.google.com/maps/search/criminal%20lawyer/@25.681863654126005,-80.04899409033187,12z?hl=en","criminal lawyer",,"Florida","2801 Florida Ave #18",,"false","Law Firm of Joseph R. Lackey, LLC","4.9","https://www.google.com/maps/search/?api=1&query=Law%20Firm%20of%20Joseph%20R.%20Lackey%2C%20LLC&query_place_id=ChIJpR1JIou52YgRxfN96Y6Jr9o","false","http://www.josephlackey.com/"
,,,,,,,,,,,,,,,,,,,,,,,,,,,,"40 NW 3rd St ph 1, Miami, FL 33128","1418331067030124081","Criminal justice attorney",,,,,,,,,,"Criminal justice attorney",,,"15015990942350018331","Miami","US",,,"https://lh3.googleusercontent.com/gps-cs-s/AHRPTWllk-iMgAzYUEXZqrAoGEjptAfmQDhuRviid-AdqYVTkHL-DObTYR74ydqUYzvzDFHD-8i1mz5XPbO0iTwt1xLlofQ_NHcuqj5KE3qsipEwtBWtgQ5DUXjOfOEDNWmiQnYLhCQYQg=w426-h240-k-no","/g/11bcf1nfl4","en",,"25.776551","-80.194429",,"Government Center","Monday","Open 24 hours","Tuesday","Open 24 hours","Wednesday","Open 24 hours","Thursday","Open 24 hours","Friday","Open 24 hours","Saturday","Closed","Sunday","Closed",,"false","(305) 379-7101","+13053797101","ChIJKQmDPpm22YgRG4dBNTSEY9A",,,,"33128",,"71",,"11","10","0","1","0","0","2026-10-05T10:22:13.187Z","https://www.google.com/maps/search/criminal%20lawyer/@25.681863654126005,-80.04899409033187,12z?hl=en","criminal lawyer",,"Florida","40 NW 3rd St ph 1",,"false","Albert Z. Levin, P.A.","4.6","https://www.google.com/maps/search/?api=1&query=Albert%20Z.%20Levin%2C%20P.A.&query_place_id=ChIJKQmDPpm22YgRG4dBNTSEY9A","true","https://www.albertlevinlaw.com/"
,,,,,,,,,,,,,,,,,,,,,,,,,,,,"201 Biscayne Blvd #1300, Miami, FL 33131","9368058782739306405","Criminal justice attorney","Civil law attorney","Trial attorney",,,,,,,,"Criminal justice attorney",,,"10570810605393709330","Miami","US",,,"https://streetviewpixels-pa.googleapis.com/v1/thumbnail?panoid=RoQL1VbqW30jS6ZoP63d7w&cb_client=search.gws-prod.gps&w=408&h=240&yaw=102.481224&pitch=0&thumbfov=100","/g/1td438zx","en",,"25.7722753","-80.186784",,"Downtown Miami","Monday","9 AM to 5 PM","Tuesday","9 AM to 5 PM","Wednesday","9 AM to 5 PM","Thursday","9 AM to 5 PM","Friday","9 AM to 5 PM","Saturday","Closed","Sunday","Closed",,"false","(305) 371-6421","+13053716421","ChIJk8kOaCe02YgREolsMj0Qs5I",,,,"33131",,"73",,"13","8","1","4","0","0","2026-10-05T10:22:13.187Z","https://www.google.com/maps/search/criminal%20lawyer/@25.681863654126005,-80.04899409033187,12z?hl=en","criminal lawyer",,"Florida","201 Biscayne Blvd #1300",,"false","Black Srebnick","3.7","https://www.google.com/maps/search/?api=1&query=Black%20Srebnick&query_place_id=ChIJk8kOaCe02YgREolsMj0Qs5I","false","http://www.royblack.com/"
,,,,,,,,,,,,,,,,,,,,,,,,,,,,"201 Alhambra Cir #1060, Coral Gables, FL 33134","12443709505568674353","Attorney",,,,,,,,,,"Attorney",,,"15340155200393266491","Coral Gables","US",,,"https://streetviewpixels-pa.googleapis.com/v1/thumbnail?panoid=YeZIVxRIeOEGmH-cjnxWbg&cb_client=search.gws-prod.gps&w=408&h=240&yaw=311.51578&pitch=0&thumbfov=100","/g/11xmljqr44","en",,"25.752692","-80.259923",,"Coral Gables Section","Monday","Open 24 hours","Tuesday","Open 24 hours","Wednesday","Open 24 hours","Thursday","Open 24 hours","Friday","Open 24 hours","Saturday","Open 24 hours","Sunday","Open 24 hours",,"false","(305) 315-5370","+13053155370","ChIJV2CrLqK32YgRO0XNDuEt49Q",,,,"33134",,"74",,"27","27","0","0","0","0","2026-10-05T10:22:13.187Z","https://www.google.com/maps/search/criminal%20lawyer/@25.681863654126005,-80.04899409033187,12z?hl=en","criminal lawyer",,"Florida","201 Alhambra Cir #1060",,"false","Maroni Law","5","https://www.google.com/maps/search/?api=1&query=Maroni%20Law&query_place_id=ChIJV2CrLqK32YgRO0XNDuEt49Q","true","https://maronilaw.com/"
,,,,,,,,,,,,,,,,,,,,,,,,,,,,"848 Brickell Ave Unit 602, Miami, FL 33131","13948388899125508164","Attorney",,,,,,,,,,"Attorney",,,"8094949380066159501","Miami","US",,,"https://lh3.googleusercontent.com/gps-cs-s/AHRPTWk_-m7Q72jWifl6tPr30IlrbgmhecAryqfv2oEMdo4M5uEl6sY8tmqGcTcEJ43PqXDWtzLDwDbsqMkyEzhVtRXBeGcn6CYQhPU9zsgPs7-btmqe_jB9R27L9EoWpvBDGnExGD4L=w408-h326-k-no","/g/1tvtc45h","en",,"25.7649598","-80.1914436",,"Downtown Miami","Monday","9 AM to 9 PM","Tuesday","9 AM to 9 PM","Wednesday","9 AM to 9 PM","Thursday","9 AM to 9 PM","Friday","9 AM to 9 PM","Saturday","9 AM to 9 PM","Sunday","9 AM to 9 PM",,"false","(305) 789-4430","+13057894430","ChIJF3pAo4O22YgRjaucgZIJV3A",,,,"33131",,"75",,"32","32","0","0","0","0","2026-10-05T10:22:13.187Z","https://www.google.com/maps/search/criminal%20lawyer/@25.681863654126005,-80.04899409033187,12z?hl=en","criminal lawyer",,"Florida","848 Brickell Ave Unit 602",,"false","Law Office Of Omar Antonio Lopez","5","https://www.google.com/maps/search/?api=1&query=Law%20Office%20Of%20Omar%20Antonio%20Lopez&query_place_id=ChIJF3pAo4O22YgRjaucgZIJV3A","false","http://www.omarlopezlaw.com/"
,,,,,,,,,,,,,,,,,,,,,,,,,,,,"14 NE 1st Ave Ste 300, Miami, FL 33132","7820379240572889818","Attorney",,,,,,,,,,"Attorney",,,"7932823492048378822","Miami","US",,,"https://lh3.googleusercontent.com/gps-cs-s/AHRPTWn9FCWMRl7qrl3KZMQmmj0jA8-98AnreCASpIxtRBA11fDXzilsEUifsc9COMK6RYW-bJ0Op6z3VEGoUERta8hAK2GqyHFTWt9VCm-2XkqKGmsiKbQyeb6-OGLberr5CkNN_7Y_=w408-h270-k-no","/g/11c3n1p6ls","en",,"25.7743082","-80.1920771",,"Government Center","Monday","9:30 AM to 5 PM","Tuesday","9:30 AM to 5 PM","Wednesday","9:30 AM to 5 PM","Thursday","9:30 AM to 5 PM","Friday","9:30 AM to 5 PM","Saturday","Closed","Sunday","Closed",,"false","(305) 856-1777","+13058561777","ChIJ5ct7vGS22YgRxttqpe8MF24",,,,"33132",,"76",,"98","73","1","24","0","0","2026-10-05T10:22:13.187Z","https://www.google.com/maps/search/criminal%20lawyer/@25.681863654126005,-80.04899409033187,12z?hl=en","criminal lawyer",,"Florida","14 NE 1st Ave Ste 300",,"false","Mauricio Padilla","4","https://www.google.com/maps/search/?api=1&query=Mauricio%20Padilla&query_place_id=ChIJ5ct7vGS22YgRxttqpe8MF24","false","http://miaesq.com/"
,,,,,,,,,,,,,,,,,,,,,,,,,,,,"2100 Ponce de Leon Blvd #1290, Coral Gables, FL 33134","11664099585724555632","Criminal justice attorney",,,,,,,,,,"Criminal justice attorney",,,"16384650001746838973","Coral Gables","US",,,"https://lh3.googleusercontent.com/gps-cs-s/AHRPTWkSdccQRcHA5NvQEukhqJYZofFP3LTjhqgJIyrBg464VgWeUNwDSGo-AIEhBjG2F5ftXnOAOCsC5i0LJ7dRc0RP4U3IPf48plLzssu3YZQFd0zLghkSiAL_UaUV6nzhkPAn6LRg=w408-h272-k-no","/g/11dfj1tvxc","en",,"25.7533226","-80.2590953",,"Coral Gables Section","Monday","Open 24 hours","Tuesday","Open 24 hours","Wednesday","Open 24 hours","Thursday","Open 24 hours","Friday","Open 24 hours","Saturday","Open 24 hours","Sunday","Open 24 hours",,"false","(305) 670-3330","+13056703330","ChIJeZNXh5m32YgRvUU58134YeM",,,,"33134",,"77",,"37","37","0","0","0","0","2026-10-05T10:22:13.187Z","https://www.google.com/maps/search/criminal%20lawyer/@25.681863654126005,-80.04899409033187,12z?hl=en","criminal lawyer",,"Florida","2100 Ponce de Leon Blvd #1290",,"false","The Law Office of Scott A. Ferris, P.A.","5","https://www.google.com/maps/search/?api=1&query=The%20Law%20Office%20of%20Scott%20A.%20Ferris%2C%20P.A.&query_place_id=ChIJeZNXh5m32YgRvUU58134YeM","true","http://ferrislawfirm.com/"
,,,,,,,,,,,,,,,,,,,,,,,,,,,,"2121 SW 3rd Ave Ste 600, Miami, FL 33129","3961073684524101271","Criminal justice attorney","Bankruptcy attorney","Law firm","Attorney","Legal services","Trial attorney",,,,,"Criminal justice attorney",,,"4766682847884677348","Miami","US",,,"https://streetviewpixels-pa.googleapis.com/v1/thumbnail?panoid=H_pNow7OIPguwdKRZzBXHA&cb_client=search.gws-prod.gps&w=408&h=240&yaw=131.45996&pitch=0&thumbfov=100","/g/1tcz93g8","en",,"25.757667","-80.204396",,"Coral Way","Monday","Open 24 hours","Tuesday","Open 24 hours","Wednesday","Open 24 hours","Thursday","Open 24 hours","Friday","Open 24 hours","Saturday","Open 24 hours","Sunday","Open 24 hours",,"false","(305) 856-2713","+13058562713","ChIJt7OU4GG22YgR5BAdkcuoJkI",,,,"33129",,"78",,"49","47","1","1","0","0","2026-10-05T10:22:13.187Z","https://www.google.com/maps/search/criminal%20lawyer/@25.681863654126005,-80.04899409033187,12z?hl=en","criminal lawyer",,"Florida","2121 SW 3rd Ave Ste 600",,"false","The Law Office of Julia Kefalinos P.A.","4.9","https://www.google.com/maps/search/?api=1&query=The%20Law%20Office%20of%20Julia%20Kefalinos%20P.A.&query_place_id=ChIJt7OU4GG22YgR5BAdkcuoJkI","true","https://www.kefalinoslaw.com/"
,,,,,,,,,,,,,,,,,,,,,,,,,,,,"990 Biscayne Blvd, Miami, FL 33132",,"Legal services",,,,,,,,,,"Legal services",,,"11502102751401570988","Miami","US",,,"https://streetviewpixels-pa.googleapis.com/v1/thumbnail?panoid=hXVJ12Y9KgFNfNYaU0U99g&cb_client=search.gws-prod.gps&w=408&h=240&yaw=99.10893&pitch=0&thumbfov=100","/g/11gb3wscd0","en",,"25.7834228","-80.1901371",,"Downtown Miami",,,,,,,,,,,,,,,,"false","(305) 514-0985","+13055140985","ChIJ5R5P_qC22YgRrHJV-4Ktn58",,,,"33132",,"80",,"14","13","0","1","0","0","2026-10-05T10:22:13.187Z","https://www.google.com/maps/search/criminal%20lawyer/@25.681863654126005,-80.04899409033187,12z?hl=en","criminal lawyer",,"Florida","990 Biscayne Blvd",,"false","Tapanes Law","4.7","https://www.google.com/maps/search/?api=1&query=Tapanes%20Law&query_place_id=ChIJ5R5P_qC22YgRrHJV-4Ktn58",,"https://www.tapaneslaw.com/contact"
,,,,,,,,,,,,,,,,,,,,,,,,,,,,"147 Sevilla Ave, Coral Gables, FL 33134","14209219040147074618","Criminal justice attorney","Law firm","Attorney","Legal services","Trial attorney",,,,,,"Criminal justice attorney",,,"9449431795656268243","Coral Gables","US",,,"https://streetviewpixels-pa.googleapis.com/v1/thumbnail?panoid=LOPfcNmcI7IY3YkR1bd4-w&cb_client=search.gws-prod.gps&w=408&h=240&yaw=359.24017&pitch=0&thumbfov=100","/g/1ptyfplt4","en",,"25.746614","-80.257542",,"Crafts","Monday","9 AM to 5 PM","Tuesday","9 AM to 5 PM","Wednesday","9 AM to 5 PM","Thursday","9 AM to 5 PM","Friday","9 AM to 5 PM","Saturday","Closed","Sunday","Closed",,"false","(305) 448-0077","+13054480077","ChIJ_YOf_pa32YgR05lfJScgI4M",,,,"33134",,"82",,"6","6","0","0","0","0","2026-10-05T10:22:14.212Z","https://www.google.com/maps/search/criminal%20lawyer/@25.681863654126005,-80.04899409033187,12z?hl=en","criminal lawyer",,"Florida","147 Sevilla Ave",,"false","Estlund Law","5","https://www.google.com/maps/search/?api=1&query=Estlund%20Law&query_place_id=ChIJ_YOf_pa32YgR05lfJScgI4M","false","http://www.estlundlaw.com/"
,,,,,,,,,,,,,,,,,,,,,,,,,,,,"55 Merrick Wy Ste 212, Coral Gables, FL 33134","13171829677676567758","Criminal justice attorney",,,,,,,,,,"Criminal justice attorney",,,"3494591642642515273","Coral Gables","US",,,"https://lh3.googleusercontent.com/gps-cs-s/AHRPTWluaKdeSXtPxsnYyDRG2YdURJxKPxgw63b5v9bl8atYQbpkbnI27Bx2JlGjzzAvXJeIKAByPXUtlc0f1TbUZ4px3hZ_Cavjqdb6v_m7RWLfi5xF2l4SRH3ApawQCggbRBsWZGOUPg=w408-h306-k-no","/g/11cnccdm4v","en",,"25.7509479","-80.2554398",,"Coral Gables Section","Monday","Open 24 hours","Tuesday","Open 24 hours","Wednesday","Open 24 hours","Thursday","Open 24 hours","Friday","Open 24 hours","Saturday","Open 24 hours","Sunday","Open 24 hours",,"false","(305) 461-1066","+13054611066","ChIJ9_87bZi32YgRSYXBdpVIfzA",,,,"33134",,"83",,"15","14","0","1","0","0","2026-10-05T10:22:14.212Z","https://www.google.com/maps/search/criminal%20lawyer/@25.681863654126005,-80.04899409033187,12z?hl=en","criminal lawyer",,"Florida","55 Merrick Wy Ste 212",,"false","Rick Hermida Law","4.7","https://www.google.com/maps/search/?api=1&query=Rick%20Hermida%20Law&query_place_id=ChIJ9_87bZi32YgRSYXBdpVIfzA","true","https://www.sucasocriminal.com/"
,,,,,,,,,,,,,,,,,,,,,,,,,,,,"555 NE 15th St suite 2-c, Miami, FL 33132",,"Attorney",,,,,,,,,,"Attorney",,,"14042063366165301981","Miami","US",,,,"/g/1tgpy_nn","en",,"25.7901686","-80.1857505",,"Downtown Miami",,,,,,,,,,,,,,,,"false","(305) 416-0324","+13054160324","ChIJiQfZEB202YgR3QrPxTtu38I",,,,"33132",,"84",,"1","1","0","0","0","0","2026-10-05T10:22:14.212Z","https://www.google.com/maps/search/criminal%20lawyer/@25.681863654126005,-80.04899409033187,12z?hl=en","criminal lawyer",,"Florida","555 NE 15th St suite 2-c",,"false","Schuster Law Firm","5","https://www.google.com/maps/search/?api=1&query=Schuster%20Law%20Firm&query_place_id=ChIJiQfZEB202YgR3QrPxTtu38I",,"http://neilmschuster.com/"
,,,,,,,,,,,,,,,,,,,,,,,,,,,,"2655 S Le Jeune Rd 5th Floor, Coral Gables, FL 33134","1988533955340808660","Law firm",,,,,,,,,,"Law firm",,,"13466235091908641682","Coral Gables","US",,,"https://lh3.googleusercontent.com/gps-cs-s/AHRPTWmPqR-ycORFj4ljRsvpYGn9jVEd0rngyK2wCRYlk2qoVbx2_L0sn3suG-aXUoou4pj2GziobP05Uztl5yGQ6SH5-_9eNIOk3ikRgsiUR4iVezTq4u27-7oEus7YYT97lX-Y6wCC=w408-h272-k-no","/g/11v3qlffg3","en",,"25.7474653","-80.2617577",,"Crafts","Monday","9 AM to 5 PM","Tuesday","9 AM to 5 PM","Wednesday","9 AM to 5 PM","Thursday","9 AM to 5 PM","Friday","9 AM to 5 PM","Saturday","Closed","Sunday","Closed",,"false","(786) 375-5621","+17863755621","ChIJ4xrmnrO32YgRkkMdC3it4bo",,,,"33134",,"86",,"71","70","0","0","1","0","2026-10-05T10:22:14.212Z","https://www.google.com/maps/search/criminal%20lawyer/@25.681863654126005,-80.04899409033187,12z?hl=en","criminal lawyer",,"Florida","2655 S Le Jeune Rd 5th Floor",,"false","The McGill Law Firm","5","https://www.google.com/maps/search/?api=1&query=The%20McGill%20Law%20Firm&query_place_id=ChIJ4xrmnrO32YgRkkMdC3it4bo","false","https://www.mcgilllegal.com/"
,,,,,,,,,,,,,,,,,,,,,,,,,,,,"232 Andalusia Ave Ste 350, Coral Gables, FL 33134","2762886953583067923","Criminal justice attorney","Law firm","Attorney","Legal services",,,,,,,"Criminal justice attorney",,,"14366774483154800159","Coral Gables","US",,,"https://streetviewpixels-pa.googleapis.com/v1/thumbnail?panoid=xtMPNpJSUoXhHMfICbbYgA&cb_client=search.gws-prod.gps&w=408&h=240&yaw=211.57616&pitch=0&thumbfov=100","/g/11yhy3qrxz","en",,"25.7484158","-80.259618",,"Crafts","Monday","9 AM to 6 PM","Tuesday","9 AM to 6 PM","Wednesday","9 AM to 6 PM","Thursday","9 AM to 6 PM","Friday","9 AM to 6 PM","Saturday","Closed","Sunday","Closed",,"false","(305) 285-9500","+13052859500","ChIJuSEuH347t68RH46WJEYJYcc",,,,"33134",,"87",,"2","2","0","0","0","0","2026-10-05T10:22:14.212Z","https://www.google.com/maps/search/criminal%20lawyer/@25.681863654126005,-80.04899409033187,12z?hl=en","criminal lawyer",,"Florida","232 Andalusia Ave Ste 350",,"false","Law Office of Randy Maultasch","5","https://www.google.com/maps/search/?api=1&query=Law%20Office%20of%20Randy%20Maultasch&query_place_id=ChIJuSEuH347t68RH46WJEYJYcc","false","https://www.randymaultasch.com/"
,,,,,,,,,,,,,,,,,,,,,,,,,,,,"150 Alhambra Cir, Coral Gables, FL 33134",,"Consultant",,,,,,,,,,"Consultant",,,"2434828371356994618","Coral Gables","US",,,"https://streetviewpixels-pa.googleapis.com/v1/thumbnail?panoid=LtZ_hTaqPD03Ztrj2WAjaw&cb_client=search.gws-prod.gps&w=408&h=240&yaw=154.5702&pitch=0&thumbfov=100","/g/11ghr0lyxd","en",,"25.7518796","-80.25805",,"Coral Gables Section",,,,,,,,,,,,,,,,"false","(305) 285-9500","+13052859500","ChIJVVXFupm32YgROszG44A_yiE",,,,"33134",,"89",,"8","6","1","0","1","0","2026-10-05T10:22:14.212Z","https://www.google.com/maps/search/criminal%20lawyer/@25.681863654126005,-80.04899409033187,12z?hl=en","criminal lawyer",,"Florida","150 Alhambra Cir",,"false","The Ticket Defense Team","4.6","https://www.google.com/maps/search/?api=1&query=The%20Ticket%20Defense%20Team&query_place_id=ChIJVVXFupm32YgROszG44A_yiE",,"http://theticketdefenseteam.com/contact-us/"
,,,,,,,,,,,,,,,,,,,,,,,,,,,,"150 Alhambra Cir #715, Coral Gables, FL 33134","7307773358452390691","Law firm",,,,,,,,,,"Law firm",,,"15375063326488245696","Coral Gables","US",,,"https://lh3.googleusercontent.com/gps-cs-s/AHRPTWmCjTZuWxc8iBmFczB_1naxIssbSc5FVarvd0kKxAaeKinWB5fWGMSCfwCjKKCOZcHynVnTlJditBqrM14nMZBYX_KwCcw1_9aAco594ff25HZeTXPMK7F_P3m3Cy5QacoVsmXtPW5xTDrC=w408-h336-k-no","/g/11q4kbk2wy","en",,"25.7518792","-80.25777",,"Coral Gables Section","Monday","9 AM to 6 PM","Tuesday","9 AM to 6 PM","Wednesday","9 AM to 6 PM","Thursday","9 AM to 6 PM","Friday","9 AM to 6 PM","Saturday","Closed","Sunday","Closed",,"false","(305) 569-7701","+13055697701","ChIJhcD62Ou32YgRwLV3hqIyX9U",,,,"33134",,"90",,"28","28","0","0","0","0","2026-10-05T10:22:14.212Z","https://www.google.com/maps/search/criminal%20lawyer/@25.681863654126005,-80.04899409033187,12z?hl=en","criminal lawyer",,"Florida","150 Alhambra Cir #715",,"false","Fridman Fels & Soto, PLLC","5","https://www.google.com/maps/search/?api=1&query=Fridman%20Fels%20%26%20Soto%2C%20PLLC&query_place_id=ChIJhcD62Ou32YgRwLV3hqIyX9U","false","http://www.ffslawfirm.com/"
,,,,,,,,,,,,,,"Monday","Open 24 hours","Tuesday","Open 24 hours","Wednesday","Open 24 hours","Thursday","Open 24 hours","Friday","Open 24 hours","Saturday","Open 24 hours","Sunday","Open 24 hours","2333 Ponce de Leon Blvd Ste 314, Miami, FL 33134","14042961988165318832","Criminal justice attorney","Accountant","Tax attorney","Law firm","Tax assessor","Tax consultant","Trial attorney",,,,"Criminal justice attorney",,,"8456669598500772887","Miami","US",,,"https://lh3.googleusercontent.com/gps-cs-s/AHRPTWlcfvcRUGfQQEc3HQIHO_4PYhIMqPSK82NR18_lpR_kc1l0ibR5SeH7d3c21j9Wmnwc7_MRus3Vz79k2Z8NSw3sanGUY0wutkI49YChvezZonDCHocVjf5do5yUUi3HkK5IBJU=w408-h272-k-no","/g/1thx4vz1","en",,"25.7500916","-80.2584454",,"Coral Gables Section","Monday","Open 24 hours","Tuesday","Open 24 hours","Wednesday","Open 24 hours","Thursday","Open 24 hours","Friday","Open 24 hours","Saturday","Open 24 hours","Sunday","Open 24 hours",,"false","(305) 371-8101","+13053718101","ChIJ12_nj5222YgRF9x7yTEgXHU",,,,"33134",,"91",,"74","73","0","1","0","0","2026-10-05T10:22:14.212Z","https://www.google.com/maps/search/criminal%20lawyer/@25.681863654126005,-80.04899409033187,12z?hl=en","criminal lawyer",,"Florida","2333 Ponce de Leon Blvd Ste 314",,"false","David M. Garvin","4.9","https://www.google.com/maps/search/?api=1&query=David%20M.%20Garvin&query_place_id=ChIJ12_nj5222YgRF9x7yTEgXHU","true","https://www.davidmgarvin.com/"
,,,,,,,,,,,,,,,,,,,,,,,,,,,,"407 Lincoln Rd #12, Miami Beach, FL 33139",,"Criminal justice attorney","Attorney","Law firm","Legal services","Trial attorney",,,,,,"Criminal justice attorney",,,"1868374606169166688","Miami Beach","US",,,"https://streetviewpixels-pa.googleapis.com/v1/thumbnail?panoid=GupPMajhQzorOk2R0C9VzQ&cb_client=search.gws-prod.gps&w=408&h=240&yaw=344.54593&pitch=0&thumbfov=100","/g/1tgw5v3m","en",,"25.7909385","-80.1323601",,"Lincoln Road","Monday","9 AM to 5 PM","Tuesday","9 AM to 5 PM","Wednesday","9 AM to 5 PM","Thursday","9 AM to 5 PM","Friday","9 AM to 5 PM","Saturday","Closed","Sunday","Closed",,"false","(305) 672-8434","+13056728434","ChIJcXgUKYW02YgRYNMSJM7M7Rk",,,,"33139",,"93",,"8","7","0","1","0","0","2026-10-05T10:22:14.212Z","https://www.google.com/maps/search/criminal%20lawyer/@25.681863654126005,-80.04899409033187,12z?hl=en","criminal lawyer",,"Florida","407 Lincoln Rd #12",,"false","Law Offices of Carlos M. Fleites","4.5","https://www.google.com/maps/search/?api=1&query=Law%20Offices%20of%20Carlos%20M.%20Fleites&query_place_id=ChIJcXgUKYW02YgRYNMSJM7M7Rk","false","http://www.miamicriminalattorney.ws/"
,,,,,,,,,,,,,,,,,,,,,,,,,,,,"28 W Flagler St #909, Miami, FL 33130","15897876243788855865","Criminal justice attorney",,,,,,,,,,"Criminal justice attorney",,,"16497335069166249875","Miami","US",,,"https://streetviewpixels-pa.googleapis.com/v1/thumbnail?panoid=T4UKt06D0aYRx1lZY_Ha5w&cb_client=search.gws-prod.gps&w=408&h=240&yaw=176.3335&pitch=0&thumbfov=100","/g/11q22m1yf6","en",,"25.7739101","-80.1941967",,"Government Center","Monday","Open 24 hours","Tuesday","Open 24 hours","Wednesday","Open 24 hours","Thursday","Open 24 hours","Friday","Open 24 hours","Saturday","Open 24 hours","Sunday","Open 24 hours",,"false","(888) 484-5057","+18884845057","ChIJPy20J7i32YgRk6c_utZO8uQ",,,,"33130",,"94",,"2","2","0","0","0","0","2026-10-05T10:22:14.212Z","https://www.google.com/maps/search/criminal%20lawyer/@25.681863654126005,-80.04899409033187,12z?hl=en","criminal lawyer",,"Florida","28 W Flagler St #909",,"false","Sex Crime Defense Team","5","https://www.google.com/maps/search/?api=1&query=Sex%20Crime%20Defense%20Team&query_place_id=ChIJPy20J7i32YgRk6c_utZO8uQ","true","https://www.sexcrimedefenseattorneys.com/"
,,,,,,,,,,,,,,,,,,,,,,,,,,,,"201 Alhambra Cir #503, Coral Gables, FL 33134","15015088456275151189","Criminal justice attorney","Attorney",,,,,,,,,"Criminal justice attorney",,,"8462072606051980381","Coral Gables","US",,,"https://lh3.googleusercontent.com/gps-cs-s/AHRPTWmF6pRumdfmBMHhIliasLAu0GTGUdfHF7B1uiiIM5TEAhBgo1fWR-ZBa0CD12slgR3xYucqXM5UdSFBnMI5BHn-dVqSH8FfjJKfosaKZism46_JolBEjjd0ZAzLKg7IPz4USpbW=w426-h240-k-no","/g/11h5dv8b5h","en",,"25.7526918","-80.2599229",,"Coral Gables Section","Monday","9 AM to 5 PM","Tuesday","9 AM to 5 PM","Wednesday","9 AM to 5 PM","Thursday","9 AM to 5 PM","Friday","9 AM to 5 PM","Saturday","Closed","Sunday","Closed",,"false","(305) 433-6191","+13054336191","ChIJjSvrrH632YgRXdRKgzNSb3U",,,,"33134",,"95",,"26","24","2","0","0","0","2026-10-05T10:22:14.212Z","https://www.google.com/maps/search/criminal%20lawyer/@25.681863654126005,-80.04899409033187,12z?hl=en","criminal lawyer",,"Florida","201 Alhambra Cir #503",,"false","The Law Office of Joel Defabio","4.9","https://www.google.com/maps/search/?api=1&query=The%20Law%20Office%20of%20Joel%20Defabio&query_place_id=ChIJjSvrrH632YgRXdRKgzNSb3U","false",
,,,,,,,,,,,,,,,,,,,,,,,,,,,,"901 NW 22nd Ave, Miami, FL 33125","4868054465259560558","Divorce lawyer","Bankruptcy attorney","Family law attorney",,,,,,,,"Divorce lawyer",,,"9862976514630838178","Miami","US",,,"https://lh3.googleusercontent.com/gps-cs-s/AHRPTWmmV6DT0aFy4APtIhnjH3kmC8CPbFbeLQKoWdfEdvJZXmoUVj-BNx4B_1MNLaqARsLpIZRHNeOSeen4kXEJ-w_xFzpA6nK5frePoCFMmjYEQ4VT66UBUaW2YMiCwhlATeKw2PD-=w408-h306-k-no","/g/1tnjkcg9","en",,"25.7820459","-80.231035",,"Little Havana","Monday","7:30 AM to 4 PM","Tuesday","7:30 AM to 4 PM","Wednesday","7:30 AM to 4 PM","Thursday","7:30 AM to 4 PM","Friday","7:30 AM to 4 PM","Saturday","Closed","Sunday","Closed",,"false","(305) 649-7344","+13056497344","ChIJU3q8E-C22YgRomeXPuJU4Ig",,,,"33125",,"97",,"68","39","4","19","4","2","2026-10-05T10:22:14.212Z","https://www.google.com/maps/search/criminal%20lawyer/@25.681863654126005,-80.04899409033187,12z?hl=en","criminal lawyer",,"Florida","901 NW 22nd Ave",,"false","Gerald T. Engel Law Office","3.6","https://www.google.com/maps/search/?api=1&query=Gerald%20T.%20Engel%20Law%20Office&query_place_id=ChIJU3q8E-C22YgRomeXPuJU4Ig","false","http://miami-divorce-bankruptcy.com/"
,,,,,,,,,,,,,,,,,,,,,,,,,,,,"25 SE 2nd Ave Ste 720, Miami, FL 33131","18371513603350007469","Law firm",,,,,,,,,,"Law firm",,,"10958873831530335657","Miami","US",,,"https://streetviewpixels-pa.googleapis.com/v1/thumbnail?panoid=AbMvqwC9ZTgnrpEGk8jIeA&cb_client=search.gws-prod.gps&w=408&h=240&yaw=91.9846&pitch=0&thumbfov=100","/g/11y89zzpdm","en",,"25.7737406","-80.1900783",,"Downtown Miami",,,,,,,,,,,,,,,,"false","(305) 523-2250","+13055232250","ChIJO6qi1da32YgRqY2w6q-9FZg",,,,"33131",,"98",,"14","12","0","2","0","0","2026-10-05T10:22:14.212Z","https://www.google.com/maps/search/criminal%20lawyer/@25.681863654126005,-80.04899409033187,12z?hl=en","criminal lawyer",,"Florida","25 SE 2nd Ave Ste 720",,"false","J. Alexander Law, PLLC.","4.4","https://www.google.com/maps/search/?api=1&query=J.%20Alexander%20Law%2C%20PLLC.&query_place_id=ChIJO6qi1da32YgRqY2w6q-9FZg",,"https://jalexanderesq.com/"
,,,,,,,,,,,,,,,,,,,,,,,,,,,,"1421 NW N River Dr, Miami, FL 33125",,"Criminal justice attorney","Attorney","Trial attorney",,,,,,,,"Criminal justice attorney",,,"18310681501138217275","Miami","US",,,"https://streetviewpixels-pa.googleapis.com/v1/thumbnail?panoid=hDQaaHOCO_M4ZUjt8_HM7Q&cb_client=search.gws-prod.gps&w=408&h=240&yaw=17.374853&pitch=0&thumbfov=100","/g/1tdjxtq1","en",,"25.7860437","-80.2194287",,"Allapattah","Monday","9 AM to 4 PM","Tuesday","9 AM to 4:30 PM","Wednesday","9 AM to 4:30 PM","Thursday","9 AM to 4:30 PM","Friday","9 AM to 4:30 PM","Saturday","Closed","Sunday","Closed",,"false","(305) 545-9944","+13055459944","ChIJEVObF8O22YgRO-mops-bHP4",,,,"33125",,"100",,"16","11","0","5","0","0","2026-10-05T10:22:14.212Z","https://www.google.com/maps/search/criminal%20lawyer/@25.681863654126005,-80.04899409033187,12z?hl=en","criminal lawyer",,"Florida","1421 NW N River Dr",,"false","Law Offices of Gregory M Iamunno","3.8","https://www.google.com/maps/search/?api=1&query=Law%20Offices%20of%20Gregory%20M%20Iamunno&query_place_id=ChIJEVObF8O22YgRO-mops-bHP4","false",
,,,,,,,,,,,,,,,,,,,,,,,,,,,,"55 Merrick Wy Ste 406, Coral Gables, FL 33134","16636674449800306815","Law firm",,,,,,,,,,"Law firm",,,"8888950508108018061","Coral Gables","US",,,"https://lh3.googleusercontent.com/gps-cs-s/AHRPTWnbjMr6Ln2SMMSPMBYRQNUdX0SgIKzYjxob0Jnf2fK7znW3v1TEWivDR5Tv9aqXZeikgzUS1je4Agg1mf8mJuiBO9KljjwNaOSzgOEuZ4yNYWb9ZB12wHvknGOWOw2uvwnwjBBOCh4o4YI=w408-h272-k-no","/g/11vd8jzwrh","en",,"25.7507761","-80.2554763",,"Coral Gables Section","Monday","9 AM to 5 PM","Tuesday","9 AM to 5 PM","Wednesday","9 AM to 5 PM","Thursday","9 AM to 5 PM","Friday","9 AM to 5 PM","Saturday","Closed","Sunday","Closed",,"false","(305) 460-1119","+13054601119","ChIJUTWSYGi32YgRjXHONWTlW3s",,,,"33134",,"103",,"47","47","0","0","0","0","2026-10-05T10:22:15.381Z","https://www.google.com/maps/search/criminal%20lawyer/@25.681863654126005,-80.04899409033187,12z?hl=en","criminal lawyer",,"Florida","55 Merrick Wy Ste 406",,"false","Damas Law","5","https://www.google.com/maps/search/?api=1&query=Damas%20Law&query_place_id=ChIJUTWSYGi32YgRjXHONWTlW3s","false","https://damaslaw.com/"
"Monday","Open 24 hours","Tuesday","Open 24 hours","Wednesday","Open 24 hours","Thursday","Open 24 hours","Friday","Open 24 hours","Saturday","Open 24 hours","Sunday","Open 24 hours",,,,,,,,,,,,,,,"2655 S Le Jeune Rd #504, Miami, FL 33134","16525711081312453943","Medical lawyer","Personal injury attorney",,,,,,,,,"Medical lawyer",,,"18128636477068942610","Miami","US",,,"https://lh3.googleusercontent.com/gps-cs-s/AHRPTWmm-iABdqC_aiFf_pj7Ow5d5WBiZ-cNg1zhA7YykZak8vf_3aeNWQP8285937qaYYqaO75D3pjkZs6R5jI0Orkvu84M_uB7brM5d59mTad2nsf14xzaZNfqHaL6yZhOff9lcEHyQw=w408-h408-k-no","/g/11c5nmv40_","en",,"25.7474836","-80.261473",,"Crafts","Monday","Open 24 hours","Tuesday","Open 24 hours","Wednesday","Open 24 hours","Thursday","Open 24 hours","Friday","Open 24 hours","Saturday","Open 24 hours","Sunday","Open 24 hours",,"false","(305) 423-0635","+13054230635","ChIJ4aMh55C32YgREh3ihdPalfs",,,,"33134",,"104",,"111","110","1","0","0","0","2026-10-05T10:22:15.381Z","https://www.google.com/maps/search/criminal%20lawyer/@25.681863654126005,-80.04899409033187,12z?hl=en","criminal lawyer",,"Florida","2655 S Le Jeune Rd #504",,"false","Percy Martinez - Medical Malpractice Lawyers","5","https://www.google.com/maps/search/?api=1&query=Percy%20Martinez%20-%20Medical%20Malpractice%20Lawyers&query_place_id=ChIJ4aMh55C32YgREh3ihdPalfs","true","https://percymartinezlaw.com/"
,,,,,,,,,,,,,,,,,,,,,,,,,,,,"1400 NW 10th Ave Ste RG6, Miami, FL 33136","14112033471975444035","Attorney",,,,,,,,,,"Attorney",,,"4290939808829254935","Miami","US",,,"https://lh3.googleusercontent.com/gps-cs-s/AHRPTWlaXEFiccE6nqqyo2tsffiP9PTFkNN_uytqrH1LhtxaKdweTny8tOKJdhnwvSJ4xPugP3pgW1_bMBE6zLiFkEvXmPqShGqlrs7n8eASIdS3XzHukGhpMLNzuXZYTI66NE3F1rdSOA=w408-h313-k-no","/g/11j92fnkdq","en",,"25.7881776","-80.2114343",,"Allapattah","Monday","9 AM to 5 PM","Tuesday","9 AM to 5 PM","Wednesday","9 AM to 5 PM","Thursday","9 AM to 5 PM","Friday","9 AM to 5 PM","Saturday","Closed","Sunday","Closed",,"false","(305) 325-8119","+13053258119","ChIJ0RcztPG32YgRF63ZkQV7jDs",,,,"33136",,"107",,"24","20","0","3","1","0","2026-10-05T10:22:15.381Z","https://www.google.com/maps/search/criminal%20lawyer/@25.681863654126005,-80.04899409033187,12z?hl=en","criminal lawyer",,"Florida","1400 NW 10th Ave Ste RG6",,"false","The Law Offices of Grey & Mourin","4.4","https://www.google.com/maps/search/?api=1&query=The%20Law%20Offices%20of%20Grey%20%26%20Mourin&query_place_id=ChIJ0RcztPG32YgRF63ZkQV7jDs","false","http://greyandmourin.com/"
,,,,,,,,,,,,,,,,,,,,,,,,,,,,"201 Alhambra Cir #500, Coral Gables, FL 33134","11670002937602442842","Criminal justice attorney",,,,,,,,,,"Criminal justice attorney",,,"11069241654223452335","Coral Gables","US",,,"https://streetviewpixels-pa.googleapis.com/v1/thumbnail?panoid=YeZIVxRIeOEGmH-cjnxWbg&cb_client=search.gws-prod.gps&w=408&h=240&yaw=311.8499&pitch=0&thumbfov=100","/g/11clsf6b7q","en",,"25.7525938","-80.2597939",,"Coral Gables Section","Monday","9 AM to 6 PM","Tuesday","8:30 AM to 6 PM","Wednesday","8 AM to 6 PM","Thursday","9 AM to 6 PM","Friday","9 AM to 6 PM","Saturday","Closed","Sunday","Closed",,"false","(305) 998-6198","+13059986198","ChIJtQWogZm32YgRrzjyHKPYnZk",,,,"33134",,"108",,"7","7","0","0","0","0","2026-10-05T10:22:15.381Z","https://www.google.com/maps/search/criminal%20lawyer/@25.681863654126005,-80.04899409033187,12z?hl=en","criminal lawyer",,"Florida","201 Alhambra Cir #500",,"false","Dachs Law Firm","5","https://www.google.com/maps/search/?api=1&query=Dachs%20Law%20Firm&query_place_id=ChIJtQWogZm32YgRrzjyHKPYnZk","false",
,,,,,,,,,,,,,,,,,,,,,,,,,,,,"3044 SW 28th Ln, Miami, FL 33133","4064552817425941544","Medical lawyer","Civil law attorney","Law firm","Attorney","Legal services","Personal injury attorney","Trial attorney",,,,"Medical lawyer",,,"16361298541969742193","Miami","US",,,"https://lh3.googleusercontent.com/gps-cs-s/AHRPTWmdGpqK3LD78mvGoQk1nM4sFJxduV4ZoOtOTJdGmcFvH3Bzm9bFJ7bTjzLevApgv-SmOWF6Vum5TkmPtVeE3EKUyJe0xWLBhidJYzKK4tl8tSHijVQIYAlZb9SEeZGb2Qmb8_yL3w=w408-h408-k-no","/g/1tdc1fq7","en",,"25.7387865","-80.242648",,"Coral Way","Monday","Open 24 hours","Tuesday","Open 24 hours","Wednesday","Open 24 hours","Thursday","Open 24 hours","Friday","Open 24 hours","Saturday","Open 24 hours","Sunday","Open 24 hours",,"false","(786) 882-7258","+17868827258","ChIJx2CH-5222YgRcRk5ilYCD-M",,,,"33133",,"109",,"116","114","2","0","0","0","2026-10-05T10:22:15.381Z","https://www.google.com/maps/search/criminal%20lawyer/@25.681863654126005,-80.04899409033187,12z?hl=en","criminal lawyer",,"Florida","3044 SW 28th Ln",,"false","Freidin Brown, P.A.","5","https://www.google.com/maps/search/?api=1&query=Freidin%20Brown%2C%20P.A.&query_place_id=ChIJx2CH-5222YgRcRk5ilYCD-M","true","https://www.yourfloridatrialteam.com/miami/?utm_source=google&utm_medium=organic&utm_campaign=gbp-listing-miami"
,,,,,,,,,,,,,,,,,,,,,,,,,,,,"3191 Coral Wy #1005, Miami, FL 33145",,"Criminal justice attorney",,,,,,,,,,"Criminal justice attorney",,,"14717165732442139020","Miami","US",,,"https://streetviewpixels-pa.googleapis.com/v1/thumbnail?panoid=WBh44gv3bv8JToQw239d5g&cb_client=search.gws-prod.gps&w=408&h=240&yaw=347.79657&pitch=0&thumbfov=100","/g/1wfcpytd","en",,"25.750425","-80.2459411",,"Coral Way","Monday","9 AM to 6 PM","Tuesday","9 AM to 6 PM","Wednesday","9 AM to 6 PM","Thursday","9 AM to 6 PM","Friday","9 AM to 6 PM","Saturday","Closed","Sunday","Closed",,"false","(305) 322-6718","+13053226718","ChIJxe5mH6W32YgRjOnDPkLgPcw",,,,"33145",,"112",,"18","14","1","3","0","0","2026-10-05T10:22:15.382Z","https://www.google.com/maps/search/criminal%20lawyer/@25.681863654126005,-80.04899409033187,12z?hl=en","criminal lawyer",,"Florida","3191 Coral Wy #1005",,"false","Scott Miller PA","4.3","https://www.google.com/maps/search/?api=1&query=Scott%20Miller%20PA&query_place_id=ChIJxe5mH6W32YgRjOnDPkLgPcw","false","http://www.scottmillerpa.com/"
,,,,,,,,,,,,,,,,,,,,,,,,,,,,"169 E Flagler St #1620, Miami, FL 33131","1257079035938146724","Attorney","Civil law attorney","Foreclosure service","Law firm","Legal services","Trial attorney",,,,,"Attorney",,,"17615523049142642802","Miami","US",,,"https://lh3.googleusercontent.com/gps-cs-s/AHRPTWnsmUggIhOFwQUP2cUTfotGtqW4ErKbDoYYnCPa6sO0wf62VjpGC9aF8mirpsvCQiDP6rqUH1IX0etITw4iikssHUpaKYve0-S103VNEh7q6kcmHJwblCnTupfIJeihyPUBTlXL=w408-h544-k-no","/g/1tjwjk1r","en",,"25.774533","-80.190644",,"Downtown Miami","Monday","Open 24 hours","Tuesday","Open 24 hours","Wednesday","Open 24 hours","Thursday","Open 24 hours","Friday","Open 24 hours","Saturday","Open 24 hours","Sunday","Open 24 hours",,"false","(305) 358-7991","+13053587991","ChIJf33fg5622YgRcmja1OHodvQ",,,,"33131",,"113",,"19","16","0","3","0","0","2026-10-05T10:22:15.382Z","https://www.google.com/maps/search/criminal%20lawyer/@25.681863654126005,-80.04899409033187,12z?hl=en","criminal lawyer",,"Florida","169 E Flagler St #1620",,"false","Jacobs Legal","4.4","https://www.google.com/maps/search/?api=1&query=Jacobs%20Legal&query_place_id=ChIJf33fg5622YgRcmja1OHodvQ","true","https://www.jakelegal.com/"
,,,,,,,,,,,,,,,,,,,,,,,,,,,,"66 W Flagler St Ste 9081, Miami, FL 33130","10164515515516737520","Attorney",,,,,,,,,,"Attorney",,,"15161488861065074475","Miami","US",,,"https://lh3.googleusercontent.com/gps-cs-s/AHRPTWkqI_5K-iayiXfgk2bX8RafwDpMC93mRGJ2a-00n7WyXJ6nIclQptF0Rq7OhQkRw7_sOL58KwtoG77l1rMnqvG3s9vXMQj0Br7EDFdxUCgChnoyFfMdkJUfEEdhqGaca50sxIuVwqjJIE1G=w408-h272-k-no","/g/11v9yswgm2","en",,"25.7738381","-80.1949725",,"Government Center","Monday","9 AM to 6 PM","Tuesday","9 AM to 6 PM","Wednesday","9 AM to 6 PM","Thursday","9 AM to 6 PM","Friday","9 AM to 6 PM","Saturday","Closed","Sunday","Closed",,"false","(786) 550-1970","+17865501970","ChIJgZirK5a32YgRK1fTRcptaNI",,,,"33130",,"114",,"35","34","0","1","0","0","2026-10-05T10:22:15.382Z","https://www.google.com/maps/search/criminal%20lawyer/@25.681863654126005,-80.04899409033187,12z?hl=en","criminal lawyer",,"Florida","66 W Flagler St Ste 9081",,"false","Rampersad Law","4.9","https://www.google.com/maps/search/?api=1&query=Rampersad%20Law&query_place_id=ChIJgZirK5a32YgRK1fTRcptaNI","false","https://rampersadlaw.com/"
,,,,,,,,,,,,,,,,,,,,,,,,,,,,"1351 NW 16th St, Miami, FL 33125","9490593294495683899","Attorney",,,,,,,,,,"Attorney",,,"3145351334414605147","Miami","US",,,"https://streetviewpixels-pa.googleapis.com/v1/thumbnail?panoid=5JXOxxF77kuqFgVsDXkC2w&cb_client=search.gws-prod.gps&w=408&h=240&yaw=19.602898&pitch=0&thumbfov=100","/g/1v6wq3nc","en",,"25.790377","-80.2187555",,"Allapattah","Monday","9 AM to 5 PM","Tuesday","9 AM to 5 PM","Wednesday","9 AM to 5 PM","Thursday","9 AM to 5 PM","Friday","9 AM to 5 PM","Saturday","Closed","Sunday","Closed",,"false","(305) 326-9901","+13053269901","ChIJRYLx-sS22YgRW1uVtV-Ipis",,,,"33125",,"115",,"25","15","3","7","0","0","2026-10-05T10:22:15.382Z","https://www.google.com/maps/search/criminal%20lawyer/@25.681863654126005,-80.04899409033187,12z?hl=en","criminal lawyer",,"Florida","1351 NW 16th St",,"false","Scott B Saul Law Office","3.8","https://www.google.com/maps/search/?api=1&query=Scott%20B%20Saul%20Law%20Office&query_place_id=ChIJRYLx-sS22YgRW1uVtV-Ipis","false","http://www.criminaldefenselawyermiamidade.com/"
,,,,,,,,,,,,,,,,,,,,,,,,,,,,"150 SE 2nd Ave, Miami, FL 33131","12394835002458783120","Criminal justice attorney",,,,,,,,,,"Criminal justice attorney",,,"3336070424496836031","Miami","US",,,"https://streetviewpixels-pa.googleapis.com/v1/thumbnail?panoid=FHN8L5k3bc8HD_dWF1fWUg&cb_client=search.gws-prod.gps&w=408&h=240&yaw=299.5346&pitch=0&thumbfov=100","/g/11g8yl5y0y","en",,"25.772917","-80.190582",,"Downtown Miami","Monday","Open 24 hours","Tuesday","Open 24 hours","Wednesday","Open 24 hours","Thursday","Open 24 hours","Friday","Open 24 hours","Saturday","Closed","Sunday","Closed",,"false","(305) 537-9565","+13055379565","ChIJ__8_Spy22YgRvw3SNWAaTC4",,,,"33131",,"116",,"14","12","0","2","0","0","2026-10-05T10:22:15.382Z","https://www.google.com/maps/search/criminal%20lawyer/@25.681863654126005,-80.04899409033187,12z?hl=en","criminal lawyer",,"Florida","150 SE 2nd Ave",,"false","Tache, Bronis, and Associates, P. A.","4.4","https://www.google.com/maps/search/?api=1&query=Tache%2C%20Bronis%2C%20and%20Associates%2C%20P.%20A.&query_place_id=ChIJ__8_Spy22YgRvw3SNWAaTC4","true","https://www.tachebronis.com/"
,,,,,,,,,,,,,,,,,,,,,,,,,,,,"2250 SW 3rd Ave, Miami, FL 33129",,"Criminal justice attorney",,,,,,,,,,"Criminal justice attorney",,,"6129516870043641093","Miami","US",,,"https://streetviewpixels-pa.googleapis.com/v1/thumbnail?panoid=jKvMtuauYO98ZOCg-TNN9g&cb_client=search.gws-prod.gps&w=408&h=240&yaw=306.6056&pitch=0&thumbfov=100","/g/1tjkglpd","en",,"25.7576463","-80.2054421",,"Coral Way","Monday","9 AM to 5 PM","Tuesday","9 AM to 5 PM","Wednesday","9 AM to 5 PM","Thursday","9 AM to 5 PM","Friday","9 AM to 5 PM","Saturday","Closed","Sunday","Closed",,"false","(800) 226-9550","+18002269550","ChIJt7OU4GG22YgRBSW3Ix5rEFU",,,,"33129",,"117",,"5","5","0","0","0","0","2026-10-05T10:22:15.382Z","https://www.google.com/maps/search/criminal%20lawyer/@25.681863654126005,-80.04899409033187,12z?hl=en","criminal lawyer",,"Florida","2250 SW 3rd Ave",,"false","Dave Raben, Esq.","5","https://www.google.com/maps/search/?api=1&query=Dave%20Raben%2C%20Esq.&query_place_id=ChIJt7OU4GG22YgRBSW3Ix5rEFU","false","https://www.crimlawfirm.com/david-raben"
,,,,,,,,,,,,,,,,,,,,,,,,,,,,"717 Ponce de Leon Blvd STE 203, Coral Gables, FL 33134","16720580235051395973","Attorney",,,,,,,,,,"Attorney",,,"6395869107004091451","Coral Gables","US",,,"https://lh3.googleusercontent.com/gps-cs-s/AHRPTWnIuJHJMM9VAy_MODn4aZWs2bIaDGUJbahAhHdP3C75wGFFGK0SEUynySHSC7f6ZVFcGv-UIMBURlR7_V9l4fZkSDTJ5I7tOXxWL5CSHHDrl5g7tXdZjCL2Pndl8GPKxH-bDxiL_A=w408-h407-k-no","/g/1tf2t0dl","en",,"25.765429","-80.257999",,"West Flagler","Monday","9 AM to 5 PM","Tuesday","9 AM to 5 PM","Wednesday","9 AM to 5 PM","Thursday","9 AM to 5 PM","Friday","9 AM to 5 PM","Saturday","Closed","Sunday","Closed",,"false","(305) 774-9790","+13057749790","ChIJk3A6W3S32YgRO6zf6BCxwlg",,,,"33134",,"118",,"32","30","0","2","0","0","2026-10-05T10:22:15.382Z","https://www.google.com/maps/search/criminal%20lawyer/@25.681863654126005,-80.04899409033187,12z?hl=en","criminal lawyer",,"Florida","717 Ponce de Leon Blvd STE 203",,"false","Law Offices of Carl Palomino, P.A.","4.8","https://www.google.com/maps/search/?api=1&query=Law%20Offices%20of%20Carl%20Palomino%2C%20P.A.&query_place_id=ChIJk3A6W3S32YgRO6zf6BCxwlg","false","http://carlpalominolaw.com/"
,,,,,,,,,,,,,,,,,,,,,,,,,,,,"1600 Ponce de Leon Blvd 10th floor, Coral Gables, FL 33134","6925281025627267862","Family law attorney",,,,,,,,,,"Family law attorney",,,"8892246114260087746","Coral Gables","US",,,"https://lh3.googleusercontent.com/gps-cs-s/AHRPTWkTRMOpuLYdOFQr5FFl928Rr-MOUC-xjn24JrQLvcqBAaWhWK9XTjG46tEvPQ5NSpRJBoR8ndu5IkjhjjNfmnNB9OzV7wVNhb5Gsd7_cVdXxIDH5NjX-P3B9Yv7MYN4V1mPJbne=w408-h342-k-no","/g/11c0pzd0xf","en",,"25.7570339","-80.2591846",,"Douglas","Monday","9 AM to 5 PM","Tuesday","9 AM to 5 PM","Wednesday","9 AM to 5 PM","Thursday","9 AM to 5 PM","Friday","9 AM to 3 PM","Saturday","Closed","Sunday","Closed",,"false","(305) 440-0736","+13054400736","ChIJt60SvZ632YgRwvPRT7qaZ3s",,,,"33134",,"119",,"102","97","2","3","0","0","2026-10-05T10:22:15.382Z","https://www.google.com/maps/search/criminal%20lawyer/@25.681863654126005,-80.04899409033187,12z?hl=en","criminal lawyer",,"Florida","1600 Ponce de Leon Blvd 10th floor",,"false","Law Offices of Nicole Alvarez P.A.","4.9","https://www.google.com/maps/search/?api=1&query=Law%20Offices%20of%20Nicole%20Alvarez%20P.A.&query_place_id=ChIJt60SvZ632YgRwvPRT7qaZ3s","false","http://nicolealvarezpa.com/"
,,,,,,,,,,,,,,,,,,,,,,,,,,,,"420 S Dixie Hwy STE 4B, Coral Gables, FL 33146","8237571011683526423","Attorney",,,,,,,,,,"Attorney",,,"4344812573301123346","Coral Gables","US",,,"https://lh3.googleusercontent.com/gps-cs-s/AHRPTWmv6Z6CGirrIQ2s1PEJPSKM9dM-AWArZzKJZZV601_kErr2HmprjXdJdhBAaTWPrMp5UhctUHWsYG2NsNYdAspQCb78K34m7PX670cUfAHZ0w8ROnpJU9fopZCqWs7v3s7eshnA=w458-h240-k-no","/g/1vqmk52d","en",,"25.7256251","-80.2623183",,"Riviera","Monday","9 AM to 5 PM","Tuesday","9 AM to 5 PM","Wednesday","9 AM to 5 PM","Thursday","9 AM to 5 PM","Friday","9 AM to 5 PM","Saturday","Closed","Sunday","Closed",,"false","(305) 854-6100","+13058546100","ChIJY9sVEl622YgREqlD_wPgSzw",,,,"33146",,"120",,"22","19","0","2","1","0","2026-10-05T10:22:15.382Z","https://www.google.com/maps/search/criminal%20lawyer/@25.681863654126005,-80.04899409033187,12z?hl=en","criminal lawyer",,"Florida","420 S Dixie Hwy STE 4B",,"false","Ana Davide Law Firm","4.5","https://www.google.com/maps/search/?api=1&query=Ana%20Davide%20Law%20Firm&query_place_id=ChIJY9sVEl622YgREqlD_wPgSzw","false","http://www.anadavidelaw.com/"
,,,,,,,,,,,,,,,,,,,,,,,,,,,,"Alfred I. duPont Building, 1224, 169 E Flagler St, Miami, FL 33131","7947175664442169557","Criminal justice attorney",,,,,,,,,,"Criminal justice attorney",,,"17952078050901014934","Miami","US",,,"https://lh3.googleusercontent.com/gps-cs-s/AHRPTWk9Chh-6-wEy_m2UTiSRxUKiyG769l9x6PCuAtyCvjU-NHMTopgAcIcRn0fXR64zM2c919ab2GGpIMcoV9f56432Qvg21GuBU1yX4kx6hiK1NOiQlllEnjsavsom0qhzHUUgX1GXVUJOSA=w408-h533-k-no","/g/1hc4b4m1b","en",,"25.7745453","-80.190535",,"Downtown Miami","Monday","9 AM to 5 PM","Tuesday","9 AM to 5 PM","Wednesday","9 AM to 5 PM","Thursday","9 AM to 5 PM","Friday","9 AM to 5 PM","Saturday","Closed","Sunday","Closed",,"false","(305) 990-0575","+13059900575","ChIJf33fg5622YgRlrkKhN-XIvk",,,,"33131",,"121",,"1","1","0","0","0","0","2026-10-05T10:22:16.612Z","https://www.google.com/maps/search/criminal%20lawyer/@25.681863654126005,-80.04899409033187,12z?hl=en","criminal lawyer",,"FL","Alfred I. duPont Building, 1224, 169 E Flagler St",,"false","Band Law Firm","5","https://www.google.com/maps/search/?api=1&query=Band%20Law%20Firm&query_place_id=ChIJf33fg5622YgRlrkKhN-XIvk","false","https://www.bandlawfirm.com/?npcmp=dir:local:4568941:33131"
,,,,,,,,,,,,,,,,,,,,,,,,,,,,"1600 Ponce de Leon Blvd Ste 808, Coral Gables, FL 33134","8907326146267145106","Family law attorney","Divorce lawyer","Attorney",,,,,,,,"Family law attorney",,,"12698306088077451877","Coral Gables","US",,,"https://streetviewpixels-pa.googleapis.com/v1/thumbnail?panoid=p4Dh9Aq3gze3oN_wpZSsnw&cb_client=search.gws-prod.gps&w=408&h=240&yaw=265.79816&pitch=0&thumbfov=100","/g/11j7wbdl0s","en",,"25.7573491","-80.2590639",,"Douglas","Monday","9 AM to 5 PM","Tuesday","9 AM to 5 PM","Wednesday","9 AM to 5 PM","Thursday","9 AM to 5 PM","Friday","9 AM to 5 PM","Saturday","Closed","Sunday","Closed",,"false","(305) 229-6441","+13052296441","ChIJ5wVkfcG32YgRZWIJzRtyObA",,,,"33134",,"122",,"67","63","0","4","0","0","2026-10-05T10:22:16.612Z","https://www.google.com/maps/search/criminal%20lawyer/@25.681863654126005,-80.04899409033187,12z?hl=en","criminal lawyer",,"Florida","1600 Ponce de Leon Blvd Ste 808",,"false","The H&D Law Firm, P.A.","4.8","https://www.google.com/maps/search/?api=1&query=The%20H%26D%20Law%20Firm%2C%20P.A.&query_place_id=ChIJ5wVkfcG32YgRZWIJzRtyObA","false","https://www.thehdlawfirm.com/"
,,,,,,,,,,,,,,,,,,,,,,,,,,,,"2 Biscayne Blvd Ste 2530, Miami, FL 33131","14022396331641444637","Law firm",,,,,,,,,,"Law firm",,,"17090332061489057091","Miami","US",,,"https://streetviewpixels-pa.googleapis.com/v1/thumbnail?panoid=xVkEmtIajHoYcWu02Hisbw&cb_client=search.gws-prod.gps&w=408&h=240&yaw=351.0262&pitch=0&thumbfov=100","/g/11h5ndgr77","en",,"25.7737878","-80.1879712",,"Downtown Miami",,,,,,,,,,,,,,,,"false","(305) 400-4260","+13054004260","ChIJaSDOzvO32YgRQ02GInYOLe0",,,,"33131",,"123",,"2","0","0","2","0","0","2026-10-05T10:22:16.612Z","https://www.google.com/maps/search/criminal%20lawyer/@25.681863654126005,-80.04899409033187,12z?hl=en","criminal lawyer",,"Florida","2 Biscayne Blvd Ste 2530",,"false","Marcus Neiman Rashbaum & Pineiro LLP","1","https://www.google.com/maps/search/?api=1&query=Marcus%20Neiman%20Rashbaum%20%26%20Pineiro%20LLP&query_place_id=ChIJaSDOzvO32YgRQ02GInYOLe0",,"http://mnrlawfirm.com/"
,,,,,,,,,,,,,,,,,,,,,,,,,,,,"1450 Madruga Ave Ste 409-A, Coral Gables, FL 33146","791962428766891772","Criminal justice attorney","Tax attorney","Legal services","Tax consultant",,,,,,,"Criminal justice attorney",,,"1422458080779377863","Coral Gables","US",,,"https://lh3.googleusercontent.com/gps-cs-s/AHRPTWnA49KiM7D4GbTvKxaIvNCJYMdTVrkeaEMxoB3gpu4eCUGIGk0cq0VI3D3IlFKFxhAuRHp0AS7NwgjIWzHDVcb-8wbIqWJemFy-KOHAAgNZugpKEOVPHs0p2taANwucv8Ikabaw=w408-h351-k-no","/g/1tph2jmz","en",,"25.708783","-80.2821069",,"Riviera","Monday","Open 24 hours","Tuesday","Open 24 hours","Wednesday","Open 24 hours","Thursday","Open 24 hours","Friday","Open 24 hours","Saturday","Open 24 hours","Sunday","Open 24 hours",,"false","(305) 967-8594","+13059678594","ChIJYZjBznW32YgRxxy9hBaWvRM",,,,"33146",,"124",,"13","13","0","0","0","0","2026-10-05T10:22:16.612Z","https://www.google.com/maps/search/criminal%20lawyer/@25.681863654126005,-80.04899409033187,12z?hl=en","criminal lawyer",,"Florida","1450 Madruga Ave Ste 409-A",,"false","Tomas Law Firm","5","https://www.google.com/maps/search/?api=1&query=Tomas%20Law%20Firm&query_place_id=ChIJYZjBznW32YgRxxy9hBaWvRM","true","https://www.bmrlawgroup.com/"
,,,,,,,,,,,,,,,,,,,,,,,,,,,,"1800 SW 27th Ave Ste 500, Miami, FL 33145",,"Criminal justice attorney","Attorney","Law firm","Legal services","Trial attorney",,,,,,"Criminal justice attorney",,,"6128762281782264661","Miami","US",,,"https://streetviewpixels-pa.googleapis.com/v1/thumbnail?panoid=l6I6YXQ0Zx3iZDYBT9PoIw&cb_client=search.gws-prod.gps&w=408&h=240&yaw=265.66443&pitch=0&thumbfov=100","/g/1hc4qt88_","en",,"25.768912","-80.2147461",,"Little Havana","Monday","9 AM to 5 PM","Tuesday","9 AM to 5 PM","Wednesday","9 AM to 5 PM","Thursday","9 AM to 5 PM","Friday","9 AM to 5 PM","Saturday","Closed","Sunday","Closed",,"false","(305) 672-8434","+13056728434","ChIJyfepPfK22YgRVcNx3tK8DVU",,,,"33145",,"125",,"8","5","0","3","0","0","2026-10-05T10:22:16.612Z","https://www.google.com/maps/search/criminal%20lawyer/@25.681863654126005,-80.04899409033187,12z?hl=en","criminal lawyer",,"Florida","1800 SW 27th Ave Ste 500",,"false","Law Offices of Carlos M. Fleites","3.5","https://www.google.com/maps/search/?api=1&query=Law%20Offices%20of%20Carlos%20M.%20Fleites&query_place_id=ChIJyfepPfK22YgRVcNx3tK8DVU","false","http://miamicriminalattorney.ws/"
,,,,,,,,,,,,,,,,,,,,,,,,,,,,"40 NW 3rd St, Miami, FL 33132","12452428231530875707","Criminal justice attorney",,,,,,,,,,"Criminal justice attorney",,,"5690728873341368946","Miami","US",,,"https://lh3.googleusercontent.com/gps-cs-s/AHRPTWkkBZN9cKBhIOi5mBi2aaake3GhqZq661qiVvIXeIGzGLX8Xn7G5oo2_PBLSPavZGXlhpCIn_w1nBwS0I1radRXEoOztIiYoGpE5BbfgkAOhTJrtz-cHRtniiIrIEtSa6XcBZ0_=w414-h240-k-no","/g/1tj5rjt6","en",,"25.7768996","-80.1942623",,"Government Center","Monday","9 AM to 5 PM","Tuesday","9 AM to 5 PM","Wednesday","9 AM to 5 PM","Thursday","9 AM to 5 PM","Friday","9 AM to 5 PM","Saturday","Closed","Sunday","Closed",,"false","(305) 374-3998","+13053743998","ChIJf33fg5622YgRcjqScMKH-U4",,,,"33132",,"126",,"1","1","0","0","0","0","2026-10-05T10:22:16.612Z","https://www.google.com/maps/search/criminal%20lawyer/@25.681863654126005,-80.04899409033187,12z?hl=en","criminal lawyer",,"Florida","40 NW 3rd St",,"false","Barzee Flores Attorneys At Law","5","https://www.google.com/maps/search/?api=1&query=Barzee%20Flores%20Attorneys%20At%20Law&query_place_id=ChIJf33fg5622YgRcjqScMKH-U4","false","http://www.barzeeflores.com/"
,,,,,,,,,,,,,,,,,,,,,,,,,,,,"3250 NW 7th St, Miami, FL 33125","16950808062209900836","Criminal justice attorney","Personal injury attorney","Trial attorney",,,,,,,,"Criminal justice attorney",,,"5053323064947224674","Miami","US",,,"https://lh3.googleusercontent.com/gps-cs-s/AHRPTWm5n_28xNsJkNGeSPqZeqWouhlmuNsiKWX5giislB-Cr2gWGMhXVVIvJMB9bPFtRR45wUl_d0wyvXYhWwFeEJJyU63kEV6BfFOqtzxlGET-uHZiPW0OCpnW5QImeE_Q1GX5xaieReWSRvo1=w408-h306-k-no","/g/12hn2zbm6","en",,"25.7790165","-80.248616",,"West Flagler","Monday","9 AM to 5 PM","Tuesday","9 AM to 5 PM","Wednesday","9 AM to 5 PM","Thursday","9 AM to 5 PM","Friday","9 AM to 5 PM","Saturday","Closed","Sunday","Closed",,"false","(786) 897-2322","+17868972322","ChIJX3Z-J8y32YgRYrB3zY0CIUY",,,,"33125",,"127",,"58","57","0","0","1","0","2026-10-05T10:22:16.612Z","https://www.google.com/maps/search/criminal%20lawyer/@25.681863654126005,-80.04899409033187,12z?hl=en","criminal lawyer",,"Florida","3250 NW 7th St",,"false","Hoss Hernandez, P.A.","5","https://www.google.com/maps/search/?api=1&query=Hoss%20Hernandez%2C%20P.A.&query_place_id=ChIJX3Z-J8y32YgRYrB3zY0CIUY","false","https://www.hosshernandezpa.com/"
,,,,,,,,,,,,,,,,,,,,,,,,,,,,"850 NW 42nd Ave Ste 205, Miami, FL 33126","14618501778821224554","Immigration attorney","Law firm","Attorney","Personal injury attorney",,,,,,,"Immigration attorney",,,"10422705185140594828","Miami","US",,,"https://lh3.googleusercontent.com/gps-cs-s/AHRPTWlFGRkjLp0vLfExblafMvMKU9-CWYU1O8sPoHM5Bou3P_KGhqijRKkIZ2pzZV3zNnrDnC9oBNMmf-jaCtPHxrtZR2sjb3GNRFxyahnLLIbFtD1LV1z04QFFHovSCdrLV2LTSPU3VA=w408-h276-k-no","/g/11cs62_j52","en",,"25.7801617","-80.2644959",,"Flagami","Monday","9:30 AM to 5:30 PM","Tuesday","9:30 AM to 5:30 PM","Wednesday","9:30 AM to 5:30 PM","Thursday","9:30 AM to 5:30 PM","Friday","9:30 AM to 5:30 PM","Saturday","Closed","Sunday","Closed",,"false","(786) 650-0202","+17866500202","ChIJH63fhcu-2YgRjFjt3iTjpJA",,,,"33126",,"128",,"472","458","4","10","0","0","2026-10-05T10:22:16.612Z","https://www.google.com/maps/search/criminal%20lawyer/@25.681863654126005,-80.04899409033187,12z?hl=en","criminal lawyer",,"Florida","850 NW 42nd Ave Ste 205",,"false","PereGonza The Attorneys - Los Abogados","4.9","https://www.google.com/maps/search/?api=1&query=PereGonza%20The%20Attorneys%20-%20Los%20Abogados&query_place_id=ChIJH63fhcu-2YgRjFjt3iTjpJA","false","http://www.peregonza.com/"
,,,,,,,,,,,,,,,,,,,,,,,,,,,,"3475 W Flagler St, Miami, FL 33135","6975668556519627647","Criminal justice attorney","Trial attorney","Law firm","Attorney","Legal services",,,,,,"Criminal justice attorney",,,"3141541146912828097","Miami","US",,,"https://streetviewpixels-pa.googleapis.com/v1/thumbnail?panoid=51AviHKFXR6YJYp7ee61kw&cb_client=search.gws-prod.gps&w=408&h=240&yaw=7.6608953&pitch=0&thumbfov=100","/g/11cjj0b6ks","en",,"25.7721647","-80.2520276",,"West Flagler","Monday","9 AM to 6 PM","Tuesday","9 AM to 6 PM","Wednesday","9 AM to 6 PM","Thursday","9 AM to 6 PM","Friday","9 AM to 6 PM","Saturday","Closed","Sunday","Closed",,"false","(786) 509-9183","+17865099183","ChIJJ-GGrpa32YgRwSoDTQf_mCs",,,,"33135",,"129",,"37","35","0","2","0","0","2026-10-05T10:22:16.612Z","https://www.google.com/maps/search/criminal%20lawyer/@25.681863654126005,-80.04899409033187,12z?hl=en","criminal lawyer",,"Florida","3475 W Flagler St",,"false","Alejandro Sola, P.A.","4.8","https://www.google.com/maps/search/?api=1&query=Alejandro%20Sola%2C%20P.A.&query_place_id=ChIJJ-GGrpa32YgRwSoDTQf_mCs","false","http://www.solalegal.com/"
,,,,,,,,,,,,,,,,,,,,,,,,,,,,"2210 NW 4th Terrace, Miami, FL 33125","4772056563447164336","Criminal justice attorney","Law firm","Family law attorney","Immigration attorney","Legal services","Personal injury attorney",,,,,"Criminal justice attorney",,,"14323940357167840798","Miami","US",,,"https://lh3.googleusercontent.com/gps-cs-s/AHRPTWlfzfzlIWdbRcUk4bmReU6zCnixN8TghWM45VAlI--uvqHuXh7BGCeBAL7Hd6VFsVk0VVN98F7I-gfaPvwMCfooG4gjsuVhrrsBxU5eAqU3OAGCEoj9bKTz0IEn9aqrmzihFgdX=w408-h253-k-no","/g/11f63ym36l","en",,"25.7771935","-80.2314049",,"Little Havana","Monday","10 AM to 6 PM","Tuesday","10 AM to 6 PM","Wednesday","10 AM to 6 PM","Thursday","10 AM to 6 PM","Friday","10 AM to 6 PM","Saturday","Closed","Sunday","Closed",,"false","(786) 633-5917","+17866335917","ChIJ2XRBgTcG2YgRHv7eBN3byMY",,,,"33125",,"130",,"16","13","0","3","0","0","2026-10-05T10:22:16.612Z","https://www.google.com/maps/search/criminal%20lawyer/@25.681863654126005,-80.04899409033187,12z?hl=en","criminal lawyer",,"Florida","2210 NW 4th Terrace",,"false","USA Law Group LLC.","4.3","https://www.google.com/maps/search/?api=1&query=USA%20Law%20Group%20LLC.&query_place_id=ChIJ2XRBgTcG2YgRHv7eBN3byMY","false","https://usalawgroupllc.com/"
,,,,,,,,,,,,,,,,,,,,,,,,,,,,"901 Ponce de Leon Blvd #101, Coral Gables, FL 33134",,"Attorney",,,,,,,,,,"Attorney",,,"11712334659631205912","Coral Gables","US",,,"https://streetviewpixels-pa.googleapis.com/v1/thumbnail?panoid=ykYWf5G-FYY8LWsTM8pUGw&cb_client=search.gws-prod.gps&w=408&h=240&yaw=197.64449&pitch=0&thumbfov=100","/g/1td211l1","en",,"25.7633588","-80.2588267",,"Douglas","Monday","9 AM to 5 PM","Tuesday","9 AM to 5 PM","Wednesday","9 AM to 5 PM","Thursday","9 AM to 5 PM","Friday","9 AM to 5 PM","Saturday","Closed","Sunday","Closed",,"false","(305) 442-7443","+13054427443","ChIJl39RwXW32YgRGE7QfVGSiqI",,,,"33134",,"132",,"36","30","0","6","0","0","2026-10-05T10:22:16.612Z","https://www.google.com/maps/search/criminal%20lawyer/@25.681863654126005,-80.04899409033187,12z?hl=en","criminal lawyer",,"Florida","901 Ponce de Leon Blvd #101",,"false","Emmanuel Perez Law Office","4.3","https://www.google.com/maps/search/?api=1&query=Emmanuel%20Perez%20Law%20Office&query_place_id=ChIJl39RwXW32YgRGE7QfVGSiqI","false",
,,,,,,,,,,,,,,,,,,,,,,,,,,,,"121 Alhambra Plz #1500, Coral Gables, FL 33134","18332547457055270798","Law firm",,,,,,,,,,"Law firm",,,"17189161771082773825","Coral Gables","US",,,"https://lh3.googleusercontent.com/gps-cs-s/AHRPTWnLsaPSCfbdMIkmgTEfxF8rWokfdl6t1yi4h8Thsaicou_0RzVuMyq00euCVeOM0beAyjtZIOdef2yurm6nCxL1Q92ZE78b9oPQQ0YWyJKd3m2nODWU6JxdQrX_AA91euYHNV7U3w=w408-h497-k-no","/g/1hhhvlv0k","en",,"25.7526307","-80.257165",,"Coral Gables Section","Monday","9 AM to 5 PM","Tuesday","9 AM to 5 PM","Wednesday","9 AM to 5 PM","Thursday","9 AM to 5 PM","Friday","9 AM to 5 PM","Saturday","Closed","Sunday","Closed",,"false","(305) 854-4711","+13058544711","ChIJFduNp6232YgRQfUcCI8rjO4",,,,"33134",,"133",,"17","16","0","0","0","1","2026-10-05T10:22:16.612Z","https://www.google.com/maps/search/criminal%20lawyer/@25.681863654126005,-80.04899409033187,12z?hl=en","criminal lawyer",,"Florida","121 Alhambra Plz #1500",,"false","Susy Ribero-Ayala, P.A.","4.8","https://www.google.com/maps/search/?api=1&query=Susy%20Ribero-Ayala%2C%20P.A.&query_place_id=ChIJFduNp6232YgRQfUcCI8rjO4","false","http://www.ralawmiami.com/"
,,,,,,,,,,,,,,,,,,,,,,,,,,,,"3860 SW 8th St 3rd floor, Coral Gables, FL 33134","3871189676809873522","Criminal justice attorney","Civil law attorney","Attorney","Labor relations attorney","Law firm","Personal injury attorney","Real estate attorney","Trial attorney",,,"Criminal justice attorney",,,"5212076698516829214","Coral Gables","US",,,"https://lh3.googleusercontent.com/gps-cs-s/AHRPTWloTyvjTFuBWL4wtwWzzfpQgedJwK1heWgo8t6-8rPEvLXgARi66_-XL_wj7rR921nmJRei0ZBKkiCiEO2PQIe5wUhmdrJn5pim-x3tyL8KswOUk6I76ux00Y-CjXtX6Ksrc09kFQ=w408-h306-k-no","/g/1262kp_4b","en",,"25.7643275","-80.2584944",,"Douglas","Monday","8:30 AM to 5:30 PM","Tuesday","8:30 AM to 5:30 PM","Wednesday","8:30 AM to 5:30 PM","Thursday","8:30 AM to 5:30 PM","Friday","8:30 AM to 5:30 PM","Saturday","Closed","Sunday","Closed",,"false","(305) 461-5454","+13054615454","ChIJU_HFSnS32YgRHrQvfSQEVUg",,,,"33134",,"134",,"13","12","0","1","0","0","2026-10-05T10:22:16.612Z","https://www.google.com/maps/search/criminal%20lawyer/@25.681863654126005,-80.04899409033187,12z?hl=en","criminal lawyer",,"Florida","3860 SW 8th St 3rd floor",,"false","Dorta & Ortega PA","4.7","https://www.google.com/maps/search/?api=1&query=Dorta%20%26%20Ortega%20PA&query_place_id=ChIJU_HFSnS32YgRHrQvfSQEVUg","false","http://dortaandortega.com/"
,,,,,,,,,,,,,,,,,,,,,,,,,,,,"2121 Biscayne Blvd #1131, Miami, FL 33137","17451000476831775734","Law firm",,,,,,,,,,"Law firm",,,"3584765450892175149","Miami","US",,,"https://lh3.googleusercontent.com/gps-cs-s/AHRPTWkdtSot0kpCFovg0Ru-aJUECuk-8DkqDdUDdEW9qRrz1oZXjvbZ2TEtZOdFH1KkwbkIYs09V4RLSvImfeU-uC1klU_ix64cbzOE2wAWQioQMNnLoRnDAGXV-WMulQlHWhoZyOb-=w408-h408-k-no","/g/11q8tqcvrj","en",,"25.7976111","-80.1885963",,"Edgewater","Monday","9 AM to 5 PM","Tuesday","11 AM to 7 PM","Wednesday","10 AM to 7 PM","Thursday","9 AM to 5 PM","Friday","8:30 AM to 2 PM","Saturday","Closed","Sunday","Closed",,"false","(786) 714-6240","+17867146240","ChIJxfBWvfq32YgRLWeFRy-lvzE",,,,"33137",,"135",,"6","6","0","0","0","0","2026-10-05T10:22:16.612Z","https://www.google.com/maps/search/criminal%20lawyer/@25.681863654126005,-80.04899409033187,12z?hl=en","criminal lawyer",,"Florida","2121 Biscayne Blvd #1131",,"false","Gantt Legacy Law, P.A.","5","https://www.google.com/maps/search/?api=1&query=Gantt%20Legacy%20Law%2C%20P.A.&query_place_id=ChIJxfBWvfq32YgRLWeFRy-lvzE","false","http://www.ganttlegacylaw.com/"
,,,,,,,,,,,,,,,,,,,,,,,,,,,,"1600 Ponce de Leon Blvd 10th floor, Coral Gables, FL 33134","6883307924319675533","Trial attorney","Legal services",,,,,,,,,"Trial attorney",,,"16591930617966005944","Coral Gables","US",,,"https://lh3.googleusercontent.com/gps-cs-s/AHRPTWnuHDycQzSYG-pBiJwXcLM9R-oWjOlAC-lGVGt1Xjlw5ytT6TJ5XVze3Q0FiSp7b0Q4EnIQoxyn19hpTRZXkiITyj2lyHPt7Ze0TPu6L7qBMiwJHWDzj_lqYdA90GLvcslOiKDaBw=w408-h271-k-no","/g/1tczwrbw","en",,"25.7570464","-80.2591768",,"Douglas","Monday","9 AM to 5 PM","Tuesday","9 AM to 5 PM","Wednesday","9 AM to 5 PM","Thursday","9 AM to 5 PM","Friday","9 AM to 5 PM","Saturday","Closed","Sunday","Closed",,"false","(305) 812-8855","+13058128855","ChIJqcbjrrS32YgRuI7KPf1gQuY",,,,"33134",,"136",,"3","3","0","0","0","0","2026-10-05T10:22:16.612Z","https://www.google.com/maps/search/criminal%20lawyer/@25.681863654126005,-80.04899409033187,12z?hl=en","criminal lawyer",,"Florida","1600 Ponce de Leon Blvd 10th floor",,"false","Law Offices of Anthony Rubino, Esq., P.A.","5","https://www.google.com/maps/search/?api=1&query=Law%20Offices%20of%20Anthony%20Rubino%2C%20Esq.%2C%20P.A.&query_place_id=ChIJqcbjrrS32YgRuI7KPf1gQuY","false","http://www.rubinolaw.com/"
,,,,,,,,,,,,,,,,,,,,,,,,,,,,"100 SE 2nd St #2222, Miami, FL 33131","8511865605121933297","Attorney","Legal services",,,,,,,,,"Attorney",,,"18390625308750330181","Miami","US",,,"https://streetviewpixels-pa.googleapis.com/v1/thumbnail?panoid=ilS__g4w-LVdpEwAnvPKDQ&cb_client=search.gws-prod.gps&w=408&h=240&yaw=63.462685&pitch=0&thumbfov=100","/g/1tdhft97","en",,"25.7720848","-80.1912988",,"Downtown Miami","Monday","9 AM to 6 PM","Tuesday","9 AM to 6 PM","Wednesday","9 AM to 6 PM","Thursday","9 AM to 6 PM","Friday","9 AM to 6 PM","Saturday","Closed","Sunday","Closed",,"false","(305) 374-5544","+13053745544","ChIJP5HQ34C22YgRRTlf1UegOP8",,,,"33131",,"137",,"6","6","0","0","0","0","2026-10-05T10:22:16.612Z","https://www.google.com/maps/search/criminal%20lawyer/@25.681863654126005,-80.04899409033187,12z?hl=en","criminal lawyer",,"Florida","100 SE 2nd St #2222",,"false","Weisberg Kainen Mark, PL","5","https://www.google.com/maps/search/?api=1&query=Weisberg%20Kainen%20Mark%2C%20PL&query_place_id=ChIJP5HQ34C22YgRRTlf1UegOP8","false","http://www.wkm-law.com/"
,,,,,,,,,,,,,,,,,,,,,,,,,,,,"2828 Coral Wy #540, Miami, FL 33145","12969571732131079173","Criminal justice attorney","Attorney","Law firm",,,,,,,,"Criminal justice attorney",,,"14932749602874943912","Miami","US",,,"https://lh3.googleusercontent.com/gps-cs-s/AHRPTWm-XwxLvcgPg0Qlf6FA_KIZAYG1rwQFUZD-WV9ERZkPWd_i8nXQTM4jxtRz7lhE49cZjS1QZJ7ozRE7FxNSsWEq6-wQgcC7o2BILnmb-Bo9np_cXd3g86yNYkDr3RWbMUPU1H317Q=w780-h240-k-no","/g/1tsr3_rt","en",,"25.7498806","-80.2401286",,"Coral Way","Monday","9 AM to 5:30 PM","Tuesday","9 AM to 5:30 PM","Wednesday","9 AM to 5:30 PM","Thursday","9 AM to 5:30 PM","Friday","9 AM to 5:30 PM","Saturday","Closed","Sunday","Closed",,"false","(305) 444-0755","+13054440755","ChIJxe5mH6W32YgRqGk3j6XIO88",,,,"33145",,"138",,"6","5","0","1","0","0","2026-10-05T10:22:16.612Z","https://www.google.com/maps/search/criminal%20lawyer/@25.681863654126005,-80.04899409033187,12z?hl=en","criminal lawyer",,"Florida","2828 Coral Wy #540",,"false","Reizenstein Law","4.3","https://www.google.com/maps/search/?api=1&query=Reizenstein%20Law&query_place_id=ChIJxe5mH6W32YgRqGk3j6XIO88","false","http://www.reizensteinlaw.com/"
,,,,,,,,,,,,,,,,,,,,,,,,,,,,"1395 NW 15th St, Miami, FL 33125","16255543471963958641","Attorney",,,,,,,,,,"Attorney",,,"14785238578166693781","Miami","US",,,"https://lh3.googleusercontent.com/gps-cs-s/AHRPTWnTXzs50J0kp_iXFIa_xvyifmg0oCorVS-59cynsO2bx2IIOzbzbannvT4AZSLm6OblvrZjYdAAxV5N5hZhpFWU8ha2BAqf_Elwy66aRp9HVdbOEUvY3ND5gqXWczATNf6WLiY=w408-h272-k-no","/g/1v6l88xh","en",,"25.7896505","-80.218883",,"Allapattah","Monday","9 AM to 5:30 PM","Tuesday","9 AM to 5:30 PM","Wednesday","9 AM to 5:30 PM","Thursday","9 AM to 5:30 PM","Friday","9 AM to 5:30 PM","Saturday","Closed","Sunday","Closed",,"false","(305) 512-0810","+13055120810","ChIJY7VQ7cS22YgRlf8Guya4L80",,,,"33125",,"140",,"12","12","0","0","0","0","2026-10-05T10:22:16.612Z","https://www.google.com/maps/search/criminal%20lawyer/@25.681863654126005,-80.04899409033187,12z?hl=en","criminal lawyer",,"Florida","1395 NW 15th St",,"false","Law Offices of Julio César Pérez, PA","5","https://www.google.com/maps/search/?api=1&query=Law%20Offices%20of%20Julio%20C%C3%A9sar%20P%C3%A9rez%2C%20PA&query_place_id=ChIJY7VQ7cS22YgRlf8Guya4L80","false",
,,,,,,,,,,,,,,,,,,,,,,,,,,,,"1221 Brickell Ave Suite 900, Miami, FL 33131","16367149857489764277","Criminal justice attorney","Divorce lawyer","Estate planning attorney","Family law attorney","Law firm","Attorney",,,,,"Criminal justice attorney",,,"13934002471740600520","Miami","US",,,"https://lh3.googleusercontent.com/gps-cs-s/AHRPTWkCXG4_EWMGvxTAayiwCiEhIzG_U0bmHerLaLSyBe_PhlgXMYcsZa9W2ymzAt8kaCwWwxJOglEZctXSNMwIWb1pPcnNmlgFAfdzw-PHHFbH397dmZBQRD3_E-6ozYBymcY5QEAZrg=w408-h493-k-no","/g/1v76_gkv","en",,"25.7612274","-80.1910809",,"Downtown Miami","Monday","Open 24 hours","Tuesday","Open 24 hours","Wednesday","Open 24 hours","Thursday","Open 24 hours","Friday","Open 24 hours","Saturday","Open 24 hours","Sunday","Open 24 hours",,"false","(786) 260-1212","+17862601212","ChIJGyP3aoG22YgRyHCDK2yFX8E",,,,"33131",,"141",,"10","9","0","0","1","0","2026-10-05T10:22:17.965Z","https://www.google.com/maps/search/criminal%20lawyer/@25.681863654126005,-80.04899409033187,12z?hl=en","criminal lawyer",,"Florida","1221 Brickell Ave Suite 900",,"false","Law Office of Christopher Pracitto, P.A.","4.8","https://www.google.com/maps/search/?api=1&query=Law%20Office%20of%20Christopher%20Pracitto%2C%20P.A.&query_place_id=ChIJGyP3aoG22YgRyHCDK2yFX8E","true","http://pracittolaw.com/"
,,,,,,,,,,,,,,,,,,,,,,,,,,,,"407 Lincoln Rd Ste 6-C, Miami Beach, FL 33139","12318101515255652685","Attorney","Bail bonds service","Trial attorney",,,,,,,,"Attorney",,,"14165115799187917413","Miami Beach","US",,,"https://streetviewpixels-pa.googleapis.com/v1/thumbnail?panoid=XiiWAvrJkMocaCTn7Zvblw&cb_client=search.gws-prod.gps&w=408&h=240&yaw=1.5297556&pitch=0&thumbfov=100","/g/1th7z4b7","en",,"25.7909038","-80.1321034",,"Lincoln Road","Monday","Open 24 hours","Tuesday","Open 24 hours","Wednesday","Open 24 hours","Thursday","Open 24 hours","Friday","Open 24 hours","Saturday","Open 24 hours","Sunday","Open 24 hours",,"false","(305) 531-7433","+13055317433","ChIJURNvKYW02YgRZYre9MSZlMQ",,,,"33139",,"142",,"7","5","0","1","1","0","2026-10-05T10:22:17.965Z","https://www.google.com/maps/search/criminal%20lawyer/@25.681863654126005,-80.04899409033187,12z?hl=en","criminal lawyer",,"Florida","407 Lincoln Rd Ste 6-C",,"false","Stupel Eric","4.1","https://www.google.com/maps/search/?api=1&query=Stupel%20Eric&query_place_id=ChIJURNvKYW02YgRZYre9MSZlMQ","true",
,,,,,,,,,,,,,,,,,,,,,,,,,,,,"333 SE 2nd Ave #3200, Miami, FL 33131","16988360321020867560","Legal services",,,,,,,,,,"Legal services",,,"2907755520607501907","Miami","US",,,"https://lh3.googleusercontent.com/gps-cs-s/AHRPTWk5rnpf0DNI_Q9_TgcozC852RbrbvWqIDStVoRR1Sul-FWyH5cDWeENwb23YwDTW_kYXaJZlbr8mLGdqfW1d_9GcCIOJg97p9Pl106_9BmVhYy06aMpuOHwOd0ZmDCweHL0caDd=w408-h927-k-no","/g/1262w507l","en",,"25.7710183","-80.1898415",,"Downtown Miami","Monday","8:30 AM to 5:30 PM","Tuesday","8:30 AM to 5:30 PM","Wednesday","8:30 AM to 5:30 PM","Thursday","8:30 AM to 5:30 PM","Friday","8:30 AM to 5:30 PM","Saturday","Closed","Sunday","Closed",,"false","(305) 416-6880","+13054166880","ChIJU4POEoG22YgRU759cz1sWig",,,,"33131",,"143",,"13","6","2","4","1","0","2026-10-05T10:22:17.965Z","https://www.google.com/maps/search/criminal%20lawyer/@25.681863654126005,-80.04899409033187,12z?hl=en","criminal lawyer",,"Florida","333 SE 2nd Ave #3200",,"false","GrayRobinson Miami Law Firm","3.5","https://www.google.com/maps/search/?api=1&query=GrayRobinson%20Miami%20Law%20Firm&query_place_id=ChIJU4POEoG22YgRU759cz1sWig","false","http://www.gray-robinson.com/offices/miami-fl"
,,,,,,,,,,,,,,,,,,,,,,,,,,,,"999 Ponce de Leon Blvd #625, Miami, FL 33134","5194382564339880238","Personal injury attorney","Law firm","Attorney","Legal services","Trial attorney",,,,,,"Personal injury attorney",,,"11727761082005387831","Miami","US",,,"https://lh3.googleusercontent.com/gps-cs-s/AHRPTWlIeiuYqYbyTsob-xnaC5TcdwzoI5n8M1nJiLIU0zJ8RrOKSlyaauR_JbtyIm0eB2S2_VSGPMfj4Ukd_4PrXpf5aTpxzO-dMdOJiFspWC_Tx2EnMYPTkmjwTA-UV8klX8xRrqs-Ho0jt28b=w426-h240-k-no","/g/1v75sq7s","en",,"25.7621877","-80.258904",,"Douglas","Monday","9 AM to 5:30 PM","Tuesday","9 AM to 5:30 PM","Wednesday","9 AM to 5:30 PM","Thursday","9 AM to 5:30 PM","Friday","9 AM to 5:30 PM","Saturday","Closed","Sunday","Closed",,"false","(305) 758-7774","+13057587774","ChIJCWSYmHu52YgRN_qUV5FgwaI",,,,"33134",,"144",,"310","291","2","15","1","1","2026-10-05T10:22:17.965Z","https://www.google.com/maps/search/criminal%20lawyer/@25.681863654126005,-80.04899409033187,12z?hl=en","criminal lawyer",,"Florida","999 Ponce de Leon Blvd #625",,"false","The Law Offices of Gonzalez & Associates","4.8","https://www.google.com/maps/search/?api=1&query=The%20Law%20Offices%20of%20Gonzalez%20%26%20Associates&query_place_id=ChIJCWSYmHu52YgRN_qUV5FgwaI","false","https://www.neilgonzalezlaw.com/"
,,,,,,,,,,,,,,,,,,,,,,,,,,,,"2 Biscayne Blvd Ste 2530, Miami, FL 33131","8004062222228464696","Employment attorney",,,,,,,,,,"Employment attorney",,,"13206112022013814142","Miami","US",,,"https://streetviewpixels-pa.googleapis.com/v1/thumbnail?panoid=mWLiWxYeeeXzChZMzL3xiw&cb_client=search.gws-prod.gps&w=408&h=240&yaw=8.805354&pitch=0&thumbfov=100","/g/11s6h_8yd4","en",,"25.7737878","-80.1879712",,"Downtown Miami","Monday","9 AM to 5 PM","Tuesday","9 AM to 5 PM","Wednesday","9 AM to 5 PM","Thursday","9 AM to 5 PM","Friday","9 AM to 5 PM","Saturday","9 AM to 5 PM","Sunday","Closed",,"false","(305) 677-8713","+13056778713","ChIJdxbZ3Aq32YgRfiUmQOqIRbc",,,,"33131",,"145",,"30","29","0","1","0","0","2026-10-05T10:22:17.965Z","https://www.google.com/maps/search/criminal%20lawyer/@25.681863654126005,-80.04899409033187,12z?hl=en","criminal lawyer",,"Florida","2 Biscayne Blvd Ste 2530",,"false","Ravindran Law Firm PLLC","4.9","https://www.google.com/maps/search/?api=1&query=Ravindran%20Law%20Firm%20PLLC&query_place_id=ChIJdxbZ3Aq32YgRfiUmQOqIRbc","false","https://www.ravindranlaw.com/"
,,,,,,,,,,,,,,,,,,,,,,,,,,,,"2333 Brickell Ave, Miami, FL 33129","11770327634272224977","General practice attorney",,,,,,,,,,"General practice attorney",,,"3682341255200610853","Miami","US",,,,"/g/11bw2fqmlt","en",,"25.7506906","-80.1996674",,"Brickell","Monday","9 AM to 5 PM","Tuesday","9 AM to 5 PM","Wednesday","9 AM to 5 PM","Thursday","9 AM to 5 PM","Friday","9 AM to 5 PM","Saturday","Closed","Sunday","Closed",,"false","(305) 285-1500","+13052851500","ChIJhxmkHIun2YgRJZr_mdxNGjM",,,,"33129",,"146",,"9","9","0","0","0","0","2026-10-05T10:22:17.965Z","https://www.google.com/maps/search/criminal%20lawyer/@25.681863654126005,-80.04899409033187,12z?hl=en","criminal lawyer",,"Florida","2333 Brickell Ave",,"false","Leonard Sands Esquire P.A.","5","https://www.google.com/maps/search/?api=1&query=Leonard%20Sands%20Esquire%20P.A.&query_place_id=ChIJhxmkHIun2YgRJZr_mdxNGjM","false","http://www.leonardsands.com/"
,,,,,,,,,,,,,,,,,,,,,,,,,,,,"800 Brickell Ave, Miami, FL 33131",,"Attorney",,,,,,,,,,"Attorney",,,"17823237718431376000","Miami","US",,,"https://streetviewpixels-pa.googleapis.com/v1/thumbnail?panoid=ny-EVeF3kavvp8AMhyk6Bw&cb_client=search.gws-prod.gps&w=408&h=240&yaw=21.298433&pitch=0&thumbfov=100","/g/1tnblyhs","en",,"25.7659368","-80.1914576",,"Downtown Miami","Monday","9 AM to 5 PM","Tuesday","9 AM to 5 PM","Wednesday","9 AM to 5 PM","Thursday","9 AM to 5 PM","Friday","9 AM to 5 PM","Saturday","Closed","Sunday","Closed",,"false","(305) 358-7400","+13053587400","ChIJ9fJWa4O22YgRgCJy-kXcWPc",,,,"33131",,"147",,"1","1","0","0","0","0","2026-10-05T10:22:17.965Z","https://www.google.com/maps/search/criminal%20lawyer/@25.681863654126005,-80.04899409033187,12z?hl=en","criminal lawyer",,"Florida","800 Brickell Ave",,"false","Roy J Kahn, P.A","5","https://www.google.com/maps/search/?api=1&query=Roy%20J%20Kahn%2C%20P.A&query_place_id=ChIJ9fJWa4O22YgRgCJy-kXcWPc","false","http://roykahnlaw.com/"
,,,,,,,,,,,,,,,,,,,,,,,,,,,,"815 Ponce de Leon Blvd, Coral Gables, FL 33134","13344305489430920963","Attorney",,,,,,,,,,"Attorney",,,"10165219252275907621","Coral Gables","US",,,"https://streetviewpixels-pa.googleapis.com/v1/thumbnail?panoid=j4AxJvpkCfYDzxV_1tVKXQ&cb_client=search.gws-prod.gps&w=408&h=240&yaw=75.695305&pitch=0&thumbfov=100","/g/11g69gk_yl","en",,"25.7639008","-80.2588685",,"Douglas","Monday","9 AM to 5 PM","Tuesday","9 AM to 5 PM","Wednesday","9 AM to 5 PM","Thursday","9 AM to 5 PM","Friday","9 AM to 5 PM","Saturday","Closed","Sunday","Closed",,"false","(305) 577-3444","+13055773444","ChIJ-60EyXW32YgRJQzeYw0dEo0",,,,"33134",,"148",,"1","1","0","0","0","0","2026-10-05T10:22:17.965Z","https://www.google.com/maps/search/criminal%20lawyer/@25.681863654126005,-80.04899409033187,12z?hl=en","criminal lawyer",,"Florida","815 Ponce de Leon Blvd",,"false","The Martinez Law Offices, P.A.","5","https://www.google.com/maps/search/?api=1&query=The%20Martinez%20Law%20Offices%2C%20P.A.&query_place_id=ChIJ-60EyXW32YgRJQzeYw0dEo0","false","https://themartinezlawoffices.com/"
,,,,,,,,,,,,,,,,,,,,,,,,,,,,"201 S Biscayne Blvd 18th Floor, Miami, FL 33131","9486604837002904038","Divorce lawyer","Attorney",,,,,,,,,"Divorce lawyer",,,"6597088372986152628","Miami","US",,,"https://lh3.googleusercontent.com/gps-cs-s/AHRPTWlxEpNWQSrGP3ZVKeItRyilXgml-kdQHPDgciv8M6xjDvoH16hyxMJE0IAwuYSJ7fvd92t0TUaQt4c32_RgpSvK5XBqKxlM8eQuftHmfChGUq4OxmeilskdmhpFFtG17SnRQk1wFg=w426-h240-k-no","/g/11clshj2cq","en",,"25.7724281","-80.1868027",,"Downtown Miami","Monday","9 AM to 6 PM","Tuesday","9 AM to 6 PM","Wednesday","9 AM to 6 PM","Thursday","9 AM to 6 PM","Friday","9 AM to 6 PM","Saturday","Closed","Sunday","Closed",,"false","(305) 860-5811","+13058605811","ChIJwTuoCFWx2YgRtAazH-yQjVs",,,,"33131",,"149",,"12","11","0","1","0","0","2026-10-05T10:22:17.965Z","https://www.google.com/maps/search/criminal%20lawyer/@25.681863654126005,-80.04899409033187,12z?hl=en","criminal lawyer",,"Florida","201 S Biscayne Blvd 18th Floor",,"false","Sandy B Becher PA","4.7","https://www.google.com/maps/search/?api=1&query=Sandy%20B%20Becher%20PA&query_place_id=ChIJwTuoCFWx2YgRtAazH-yQjVs","false","https://sandybecherlaw.com/"
,,,,,,,,,,,,,,,,,,,,,,,,,,,,"396 Alhambra Cir #202, Miami, FL 33134","12259321276069508569","Law firm",,,,,,,,,,"Law firm",,,"3252010398591769519","Miami","US",,,"https://lh3.googleusercontent.com/gps-cs-s/AHRPTWllTgjAS2HUadlWmbswSJtd3Xd2G6GnEuoru3epPjwnwuWCCU0L6S7SIX7ZkkZ4gfszdZWgar3_mdRQ0VGuFVgDVJjynWY8cWLahtNJIcl_wpZFgtrwKR_9oQxe7XV-T4hveuhR=w408-h240-k-no-pi0-ya300-ro-0-fo100","/g/1tjs5r9y","en",,"25.7512143","-80.2622607",,"Coral Gables Section","Monday","9 AM to 5 PM","Tuesday","9 AM to 5 PM","Wednesday","9 AM to 5 PM","Thursday","9 AM to 5 PM","Friday","9 AM to 5 PM","Saturday","Closed","Sunday","Closed",,"false","(305) 577-9711","+13055779711","ChIJj1fp_IK22YgRr1vwRTp2IS0",,,,"33134",,"150",,"1","1","0","0","0","0","2026-10-05T10:22:17.965Z","https://www.google.com/maps/search/criminal%20lawyer/@25.681863654126005,-80.04899409033187,12z?hl=en","criminal lawyer",,"Florida","396 Alhambra Cir #202",,"false","Bozorgi Law, PLLC","5","https://www.google.com/maps/search/?api=1&query=Bozorgi%20Law%2C%20PLLC&query_place_id=ChIJj1fp_IK22YgRr1vwRTp2IS0","false","http://www.bozorgilaw.com/"
,,,,,,,,,,,,,,,,,,,,,,,,,,,,"3127 Ponce de Leon Blvd, Coral Gables, FL 33134",,"Attorney",,,,,,,,,,"Attorney",,,"4377246336896223841","Coral Gables","US",,,"https://streetviewpixels-pa.googleapis.com/v1/thumbnail?panoid=qKWIFkWF1DFVpXiMllLYOA&cb_client=search.gws-prod.gps&w=408&h=240&yaw=87.33164&pitch=0&thumbfov=100","/g/1hc48z4kn","en",,"25.7435301","-80.2580718",,"Crafts","Monday","8:30 AM to 5 PM","Tuesday","8:30 AM to 5 PM","Wednesday","8:30 AM to 5 PM","Thursday","8:30 AM to 5 PM","Friday","8:30 AM to 5 PM","Saturday","Closed","Sunday","Closed",,"false","(305) 444-7181","+13054447181","ChIJv3R5JpS32YgRYUoUDVoavzw",,,,"33134",,"151",,"20","13","1","6","0","0","2026-10-05T10:22:17.965Z","https://www.google.com/maps/search/criminal%20lawyer/@25.681863654126005,-80.04899409033187,12z?hl=en","criminal lawyer",,"Florida","3127 Ponce de Leon Blvd",,"false","Richard J Diaz P.A.","3.8","https://www.google.com/maps/search/?api=1&query=Richard%20J%20Diaz%20P.A.&query_place_id=ChIJv3R5JpS32YgRYUoUDVoavzw","false","https://www.rjdpa.com/"
,,,,,,,,,,,,,,,,,,,,,,,,,,,,"330 SW 27th Ave Ste 203, Miami, FL 33135","4750792510845421821","Criminal justice attorney","Family law attorney","Divorce lawyer","Divorce service","Legal services",,,,,,"Criminal justice attorney",,,"14003755679369914875","Miami","US",,,"https://lh3.googleusercontent.com/gps-cs-s/AHRPTWnFbtIZUqX4Q-1CsA66b-TG8H4j3VNp9cGAYsP75yUR5Ddd6bxUGZpCmu2Ym9Cx7RYzfLBxMFQ7c7YMEFdMw-PoSAsypf51sQZimiLNCRFoyHvcWlH_X-tgh7jzEXnhU9CGiFWn=w408-h273-k-no","/g/113jxnckj","en",,"25.7691036","-80.2392113",,"West Flagler","Monday","8:30 AM to 5 PM","Tuesday","8:30 AM to 5 PM","Wednesday","8:30 AM to 5 PM","Thursday","8:30 AM to 5 PM","Friday","8:30 AM to 5 PM","Saturday","Closed","Sunday","Closed",,"false","(305) 774-5702","+13057745702","ChIJEa6oigS32YgR--kzZphVV8I",,,,"33135",,"152",,"21","12","0","9","0","0","2026-10-05T10:22:17.965Z","https://www.google.com/maps/search/criminal%20lawyer/@25.681863654126005,-80.04899409033187,12z?hl=en","criminal lawyer",,"Florida","330 SW 27th Ave Ste 203",,"false","Law Office of Hernan Hernandez, PA","3.3","https://www.google.com/maps/search/?api=1&query=Law%20Office%20of%20Hernan%20Hernandez%2C%20PA&query_place_id=ChIJEa6oigS32YgR--kzZphVV8I","false","https://hernanlaw.com/?utm_source=google-local&utm_medium=organic&utm_campaign=1461"
,,,,,,,,,,,,,,,,,,,,,,,,,,,,"3162 Commodore Plaza, Miami, FL 33133","12391448043212441521","Real estate attorney","Business to business service","Civil law attorney","Immigration attorney","Law firm","Attorney","Legal services","Patent attorney",,,"Real estate attorney",,,"7570107071101965299","Miami","US",,,"https://streetviewpixels-pa.googleapis.com/v1/thumbnail?panoid=Z9qAxoru3Y6KWKztI-PnvA&cb_client=search.gws-prod.gps&w=408&h=240&yaw=229.50877&pitch=0&thumbfov=100","/g/1262s7yvs","en",,"25.727219","-80.244828",,"Coconut Grove","Monday","9 AM to 6 PM","Tuesday","9 AM to 6 PM","Wednesday","9 AM to 6 PM","Thursday","9 AM to 6 PM","Friday","9 AM to 6 PM","Saturday","Closed","Sunday","Closed",,"false","(305) 223-9999","+13052239999","ChIJc_iDFMW32YgR85O05EVsDmk",,,,"33133",,"153",,"19","12","2","5","0","0","2026-10-05T10:22:17.965Z","https://www.google.com/maps/search/criminal%20lawyer/@25.681863654126005,-80.04899409033187,12z?hl=en","criminal lawyer",,"Florida","3162 Commodore Plaza",,"false","Law Office of Alexis Gonzalez","3.8","https://www.google.com/maps/search/?api=1&query=Law%20Office%20of%20Alexis%20Gonzalez&query_place_id=ChIJc_iDFMW32YgR85O05EVsDmk","false","http://www.aglawpa.com/"
,,,,,,,,,,,,,,,,,,,,,,,,,,,,"3059 Grand Ave #340, Miami, FL 33133",,"Criminal justice attorney","Civil law attorney","Attorney","Tax attorney",,,,,,,"Criminal justice attorney",,,"13296935448797162380","Miami","US",,,"https://streetviewpixels-pa.googleapis.com/v1/thumbnail?panoid=bFMKcX8u74Rxrx7EwUmolQ&cb_client=search.gws-prod.gps&w=408&h=240&yaw=351.8435&pitch=0&thumbfov=100","/g/1vpfkbcq","en",,"25.728489","-80.242563",,"Coconut Grove","Monday","9 AM to 6 PM","Tuesday","9 AM to 6 PM","Wednesday","9 AM to 6 PM","Thursday","9 AM to 6 PM","Friday","9 AM to 6 PM","Saturday","Closed","Sunday","Closed",,"false","(305) 442-1101","+13054421101","ChIJ9908ds-32YgRjKvaKlc0iLg",,,,"33133",,"154",,,,,,,,"2026-10-05T10:22:17.965Z","https://www.google.com/maps/search/criminal%20lawyer/@25.681863654126005,-80.04899409033187,12z?hl=en","criminal lawyer",,"Florida","3059 Grand Ave #340",,"false","Lewis Tein",,"https://www.google.com/maps/search/?api=1&query=Lewis%20Tein&query_place_id=ChIJ9908ds-32YgRjKvaKlc0iLg","false","https://www.teinmalone.com/"
,,,,,,,,,,,,,,,,,,,,,,,,,,,,"1000 5th St, Miami Beach, FL 33139",,"Criminal justice attorney","General practice attorney","Family law attorney","Legal services","Personal injury attorney",,,,,,"Criminal justice attorney",,,"15953036277796625535","Miami Beach","US",,,"https://streetviewpixels-pa.googleapis.com/v1/thumbnail?panoid=AQh9JzgHDm0MWt55dq7cQQ&cb_client=search.gws-prod.gps&w=408&h=240&yaw=332.87582&pitch=0&thumbfov=100","/g/11g9vxtvmj","en",,"25.7738895","-80.1386199",,"South of Fifth","Monday","9 AM to 5 PM","Tuesday","9 AM to 5 PM","Wednesday","9 AM to 5 PM","Thursday","9 AM to 5 PM","Friday","9 AM to 5 PM","Saturday","Closed","Sunday","Closed",,"false","(305) 878-5272","+13058785272","ChIJ68elivS02YgRf9z8yviRZN0",,,,"33139",,"155",,"4","2","0","2","0","0","2026-10-05T10:22:17.965Z","https://www.google.com/maps/search/criminal%20lawyer/@25.681863654126005,-80.04899409033187,12z?hl=en","criminal lawyer",,"Florida","1000 5th St",,"false","Law Offices of Hector E. Villamar, Jr.","3","https://www.google.com/maps/search/?api=1&query=Law%20Offices%20of%20Hector%20E.%20Villamar%2C%20Jr.&query_place_id=ChIJ68elivS02YgRf9z8yviRZN0","false",
,,,,,,,,,,,,,,,,,,,,,,,,,,,,"2250 SW 3rd Ave #401, Miami, FL 33129",,"Attorney",,,,,,,,,,"Attorney",,,"349440736500378388","Miami","US",,,"https://streetviewpixels-pa.googleapis.com/v1/thumbnail?panoid=GfrUWU0WnFjG-h3mhcCOnA&cb_client=search.gws-prod.gps&w=408&h=240&yaw=78.13288&pitch=0&thumbfov=100","/g/113gd8381","en",,"25.7575802","-80.2055465",,"Coral Way",,,,,,,,,,,,,,,,"false","(305) 858-9550","+13058589550","ChIJt7OU4GG22YgRFOsnmX922QQ",,,,"33129",,"156",,"1","1","0","0","0","0","2026-10-05T10:22:17.965Z","https://www.google.com/maps/search/criminal%20lawyer/@25.681863654126005,-80.04899409033187,12z?hl=en","criminal lawyer",,"Florida","2250 SW 3rd Ave #401",,"false","Robert G. Amsel","5","https://www.google.com/maps/search/?api=1&query=Robert%20G.%20Amsel&query_place_id=ChIJt7OU4GG22YgRFOsnmX922QQ",,"https://www.crimlawfirm.com/robert-amsel"
,,,,,,,,,,,,,,,,,,,,,,,,,,,,"232 Andalusia Ave Ste 350, Coral Gables, FL 33134","7080701574432707337","Personal injury attorney",,,,,,,,,,"Personal injury attorney",,,"17603483752679571288","Coral Gables","US",,,"https://lh3.googleusercontent.com/gps-cs-s/AHRPTWl6exKWA7ZvdaLqx5XFXp4V2SUyscwvLLUJBODGabfHo76mgAyZ68mMonBmtpsbNM6m5zvN3BVdnqOor-3dqNAikMR8wk29C17xzhel2nF5iKdxMU8vGPq0_e2uP-sdtCQnXyYl=w408-h544-k-no","/g/11t5jmg2qt","en",,"25.7484158","-80.259618",,"Crafts","Monday","9 AM to 5 PM","Tuesday","9 AM to 5 PM","Wednesday","9 AM to 5 PM","Thursday","9 AM to 5 PM","Friday","9 AM to 5 PM","Saturday","9 AM to 5 PM","Sunday","Closed",,"false","(786) 738-9682","+17867389682","ChIJkeeJLSG32YgRWH_TrzQjTPQ",,,,"33134",,"157",,"18","15","0","3","0","0","2026-10-05T10:22:17.965Z","https://www.google.com/maps/search/criminal%20lawyer/@25.681863654126005,-80.04899409033187,12z?hl=en","criminal lawyer",,"Florida","232 Andalusia Ave Ste 350",,"false","Randy Maultasch Law","4.3","https://www.google.com/maps/search/?api=1&query=Randy%20Maultasch%20Law&query_place_id=ChIJkeeJLSG32YgRWH_TrzQjTPQ","false","https://www.randymaultasch.com/"
,,,,,,,,,,,,,,,,,,,,,,,,,,,,"901 Ponce de Leon Blvd #101, Coral Gables, FL 33134",,"Attorney",,,,,,,,,,"Attorney",,,"3108294813781890419","Coral Gables","US",,,"https://streetviewpixels-pa.googleapis.com/v1/thumbnail?panoid=C0UOutFaGCrGqfHFcVN62g&cb_client=search.gws-prod.gps&w=408&h=240&yaw=342.72433&pitch=0&thumbfov=100","/g/1tj85n28","en",,"25.763272","-80.2586874",,"Douglas","Monday","9 AM to 5:30 PM","Tuesday","9 AM to 5:30 PM","Wednesday","9 AM to 5:30 PM","Thursday","9 AM to 5:30 PM","Friday","9 AM to 5:30 PM","Saturday","Closed","Sunday","Closed",,"false","(305) 443-5181","+13054435181","ChIJl39RwXW32YgRc5WoKKrhIis",,,,"33134",,"158",,"7","3","0","4","0","0","2026-10-05T10:22:17.965Z","https://www.google.com/maps/search/criminal%20lawyer/@25.681863654126005,-80.04899409033187,12z?hl=en","criminal lawyer",,"Florida","901 Ponce de Leon Blvd #101",,"false","Law Offices of Tony A. Haber - Coral Gables - Family, Civil and Criminal Attorney","2.7","https://www.google.com/maps/search/?api=1&query=Law%20Offices%20of%20Tony%20A.%20Haber%20-%20Coral%20Gables%20-%20Family%2C%20Civil%20and%20Criminal%20Attorney&query_place_id=ChIJl39RwXW32YgRc5WoKKrhIis","false",
,,,,,,,,,,,,,,,,,,,,,,,,,,,,"1350 NW 12th Ave, Miami, FL 33136",,"State government office",,,,,,,,,,"State government office",,,"11134451226297397622","Miami","US",,,"https://lh3.googleusercontent.com/gps-cs-s/AHRPTWlG5J7rGI3piCmirofqj6uJwHCPwJSIZWG3xYTCm0hmn6HgO3a9prq3vriagZor_dAzKHwUNHj6B2gy2iZd1UOhsh9Gk1wNpFoJNtDHDklJ8uVmvIDLF7trzIzw_p3DqDUiF-By-g=w426-h240-k-no","/g/1tfd7sly","en",,"25.7867067","-80.2155753",,"Allapattah","Monday","8:30 AM to 5 PM","Tuesday","8:30 AM to 5 PM","Wednesday","8:30 AM to 5 PM","Thursday","8:30 AM to 5 PM","Friday","8:30 AM to 5 PM","Saturday","Closed","Sunday","Closed",,"false","(305) 547-0100","+13055470100","ChIJx5mUXsG22YgRdnFewGWEhZo",,,,"33136",,"159",,"47","17","0","26","1","3","2026-10-05T10:22:17.965Z","https://www.google.com/maps/search/criminal%20lawyer/@25.681863654126005,-80.04899409033187,12z?hl=en","criminal lawyer",,"Florida","1350 NW 12th Ave",,"false","Miami-Dade State Attorney's Office","2.6","https://www.google.com/maps/search/?api=1&query=Miami-Dade%20State%20Attorney's%20Office&query_place_id=ChIJx5mUXsG22YgRdnFewGWEhZo","false","http://www.miamisao.com/"
,,,,,,,,,,,,,,,,,,,,,,,,,,,,"333 SE 2nd Ave Ste 2000, Office 2007, Miami, FL 33131","13313494699113094086","Personal injury attorney","Attorney","Legal services",,,,,,,,"Personal injury attorney",,,"2059668310835289475","Miami","US",,,"https://streetviewpixels-pa.googleapis.com/v1/thumbnail?panoid=GVfJ106wHpPETEThfI7JKQ&cb_client=search.gws-prod.gps&w=408&h=240&yaw=96.050224&pitch=0&thumbfov=100","/g/11t30fmj4q","en",,"25.7712953","-80.1897732",,"Downtown Miami","Monday","Open 24 hours","Tuesday","Open 24 hours","Wednesday","Open 24 hours","Thursday","Open 24 hours","Friday","Open 24 hours","Saturday","Open 24 hours","Sunday","Open 24 hours",,"false","(305) 422-9416","+13054229416","ChIJLUcnO9m32YgRg113hmpplRw",,,,"33131",,"160",,"103","96","0","5","2","0","2026-10-05T10:22:17.965Z","https://www.google.com/maps/search/criminal%20lawyer/@25.681863654126005,-80.04899409033187,12z?hl=en","criminal lawyer",,"Florida","333 SE 2nd Ave Ste 2000, Office 2007",,"false","Rubenstein Law Personal Injury Lawyers","4.8","https://www.google.com/maps/search/?api=1&query=Rubenstein%20Law%20Personal%20Injury%20Lawyers&query_place_id=ChIJLUcnO9m32YgRg113hmpplRw","true","https://www.rubensteinlaw.com/?y_source=1_MzY1NjQwNjMtNzE1LWxvY2F0aW9uLndlYnNpdGU="
,,,,,,,,,,,,,,,,,,,,,,,,,,,,"40 NW 3rd St Ste 200, Miami, FL 33128",,"Criminal justice attorney",,,,,,,,,,"Criminal justice attorney",,,"4312632490293216603","Miami","US",,,"https://streetviewpixels-pa.googleapis.com/v1/thumbnail?panoid=ENTUXIlBj1yWgbnCiCxS3g&cb_client=search.gws-prod.gps&w=408&h=240&yaw=153.34024&pitch=0&thumbfov=100","/g/11clwhx8p_","en",,"25.7766403","-80.1943935",,"Government Center",,,,,,,,,,,,,,,,"false","(305) 579-4850","+13055794850","ChIJuScIPpm22YgRW0W8jmaM2Ts",,,,"33128",,"161",,"3","2","0","1","0","0","2026-10-05T10:22:19.482Z","https://www.google.com/maps/search/criminal%20lawyer/@25.681863654126005,-80.04899409033187,12z?hl=en","criminal lawyer",,"Florida","40 NW 3rd St Ste 200",,"false","Atty. Arturo V. Hernandez, PA","3.7","https://www.google.com/maps/search/?api=1&query=Atty.%20Arturo%20V.%20Hernandez%2C%20PA&query_place_id=ChIJuScIPpm22YgRW0W8jmaM2Ts",,"http://arturovhernandezpa.com/"
,,,,,,,,,,,,,,,,,,,,,,,,,,,,"1000 Brickell Ave, Miami, FL 33131","12653801884512020063","Attorney",,,,,,,,,,"Attorney",,,"13042862962215787494","Miami","US",,,"https://streetviewpixels-pa.googleapis.com/v1/thumbnail?panoid=o4ma7D3y3LUsuYvrhW6Ebg&cb_client=search.gws-prod.gps&w=408&h=240&yaw=179.16718&pitch=0&thumbfov=100","/g/1v5fsq4v","en",,"25.7642731","-80.1934903",,"Downtown Miami","Monday","Open 24 hours","Tuesday","Open 24 hours","Wednesday","Open 24 hours","Thursday","Open 24 hours","Friday","Open 24 hours","Saturday","Open 24 hours","Sunday","Open 24 hours",,"false","(305) 371-1883","+13053711883","ChIJj1fp_IK22YgR5pv4lMKOAbU",,,,"33131",,"162",,"2","2","0","0","0","0","2026-10-05T10:22:19.482Z","https://www.google.com/maps/search/criminal%20lawyer/@25.681863654126005,-80.04899409033187,12z?hl=en","criminal lawyer",,"Florida","1000 Brickell Ave",,"false","Joel Denaro PA","5","https://www.google.com/maps/search/?api=1&query=Joel%20Denaro%20PA&query_place_id=ChIJj1fp_IK22YgR5pv4lMKOAbU","true","https://joeldenarolaw.com/"
,,,,,,,,,,,,,,,,,,,,,,,,,,,,"28 W Flagler St #608, Miami, FL 33130","15557790170897947877","Legal services",,,,,,,,,,"Legal services",,,"6853857340458272060","Miami","US",,,"https://lh3.googleusercontent.com/gps-cs-s/AHRPTWnfn_CP6F0iQnLA2q-Q19Q9JudbM8D82jJeznjNmiAVP2zXv0s7lFJDpdQq-cGwldP64ZLMFJ0BTr8eDZpU63t1FH7a1QXTD_0hB80vpn9ueNPPLr2bmntW0e0z3BqErSrehXk=w408-h725-k-no","/g/1tj53dd3","en",,"25.7737383","-80.1942931",,"Government Center","Monday","8:30 AM to 4 PM","Tuesday","8:30 AM to 4 PM","Wednesday","8:30 AM to 4 PM","Thursday","8:30 AM to 4 PM","Friday","8:30 AM to 4 PM","Saturday","Closed","Sunday","Closed",,"false","(305) 579-5733","+13055795733","ChIJRUd9b5m22YgRPAU4F_DKHV8",,,,"33130",,"163",,"129","72","5","38","8","6","2026-10-05T10:22:19.482Z","https://www.google.com/maps/search/criminal%20lawyer/@25.681863654126005,-80.04899409033187,12z?hl=en","criminal lawyer",,"Florida","28 W Flagler St #608",,"false","Dade Legal Aid/Put Something Back","3.5","https://www.google.com/maps/search/?api=1&query=Dade%20Legal%20Aid%2FPut%20Something%20Back&query_place_id=ChIJRUd9b5m22YgRPAU4F_DKHV8","false","https://www.dadelegalaid.org/"
,,,,,,,,,,,,,,,,,,,,,,,,,,,,"1500 NW 12th Ave, Miami, FL 33136",,"Attorney","Public defender's office",,,,,,,,,"Attorney",,,"15191042678837773064","Miami","US",,,"https://streetviewpixels-pa.googleapis.com/v1/thumbnail?panoid=5SAjBkRa8sBgni4PPkKNoA&cb_client=search.gws-prod.gps&w=408&h=240&yaw=5.8423505&pitch=0&thumbfov=100","/g/1tfn3jy4","en",,"25.7895937","-80.215936",,"Allapattah","Monday","8:30 AM to 5 PM","Tuesday","8:30 AM to 5 PM","Wednesday","8:30 AM to 5 PM","Thursday","8:30 AM to 5 PM","Friday","8:30 AM to 5 PM","Saturday","Closed","Sunday","Closed",,"false","(305) 545-3348","+13055453348","ChIJEU9Vnsa22YgRCIPsr9Rs0dI",,,,"33136",,"164",,"4","2","0","1","1","0","2026-10-05T10:22:19.482Z","https://www.google.com/maps/search/criminal%20lawyer/@25.681863654126005,-80.04899409033187,12z?hl=en","criminal lawyer",,"Florida","1500 NW 12th Ave",,"false","Public Defender","3.5","https://www.google.com/maps/search/?api=1&query=Public%20Defender&query_place_id=ChIJEU9Vnsa22YgRCIPsr9Rs0dI","false","http://www.pdmiami.com/"
,,,,,,,,,,,,,,,,,,,,,,,,,,,,"2000 S Dixie Hwy #108, Coconut Grove, FL 33133","895185940140435466","Criminal justice attorney","Civil law attorney","Divorce lawyer","Family law attorney",,,,,,,"Criminal justice attorney",,,"1843080108360676662","Coconut Grove","US",,,"https://lh3.googleusercontent.com/gps-cs-s/AHRPTWkzQqkxpmkHhN31ZBzTrO-L4le0SxUkB-CyL8BcSydp4xCtbzmA_4zZQTeXeZoEf310CDNncyq6pE53rbSuwl_KbfV-j7KVT1S_XTIjoNzrFSwLffQH52y_aK3XD86lNXDAcY-FhA=w408-h277-k-no","/g/11b66krrq5","en",,"25.7436877","-80.2266635",,"Coconut Grove",,,,,,,,,,,,,,,,"false","(305) 371-5060","+13053715060","ChIJQ6viKLe32YgRNjVt75fvkxk",,,,"33133",,"165",,"2","2","0","0","0","0","2026-10-05T10:22:19.482Z","https://www.google.com/maps/search/criminal%20lawyer/@25.681863654126005,-80.04899409033187,12z?hl=en","criminal lawyer",,"Florida","2000 S Dixie Hwy #108",,"false","Attorney Bolivar C. Porta, P.A.","5","https://www.google.com/maps/search/?api=1&query=Attorney%20Bolivar%20C.%20Porta%2C%20P.A.&query_place_id=ChIJQ6viKLe32YgRNjVt75fvkxk",,"https://www.boporta.com/"
,,,,,,,,,,,,,,,,,,,,,,,,,,,,"2655 S Le Jeune Rd #700, Coral Gables, FL 33134","7735104623067561396","Criminal justice attorney","Real estate attorney","Title company",,,,,,,,"Criminal justice attorney",,,"18012697965693071246","Coral Gables","US",,,"https://streetviewpixels-pa.googleapis.com/v1/thumbnail?panoid=p_6K5BugRET9Pd-tisgn0g&cb_client=search.gws-prod.gps&w=408&h=240&yaw=1.0798246&pitch=0&thumbfov=100","/g/11gzz7vym","en",,"25.747464","-80.26151",,"Crafts","Monday","9 AM to 6 PM","Tuesday","9 AM to 6 PM","Wednesday","9 AM to 6 PM","Thursday","9 AM to 6 PM","Friday","9 AM to 6 PM","Saturday","10 AM to 2 PM","Sunday","10 AM to 2 PM",,"false","(305) 505-7150","+13055057150","ChIJ9WF3GoG22YgRjm-JS131-fk",,,,"33134",,"166",,"6","6","0","0","0","0","2026-10-05T10:22:19.482Z","https://www.google.com/maps/search/criminal%20lawyer/@25.681863654126005,-80.04899409033187,12z?hl=en","criminal lawyer",,"Florida","2655 S Le Jeune Rd #700",,"false","Law Office of Aston Wilson, P.A.","5","https://www.google.com/maps/search/?api=1&query=Law%20Office%20of%20Aston%20Wilson%2C%20P.A.&query_place_id=ChIJ9WF3GoG22YgRjm-JS131-fk","false",
,,,,,,,,,,,,,,,,,,,,,,,,,,,,"2121 Ponce de Leon Blvd Ste 950, Coral Gables, FL 33134",,"Attorney",,,,,,,,,,"Attorney",,,"16865537971173314764","Coral Gables","US",,,"https://streetviewpixels-pa.googleapis.com/v1/thumbnail?panoid=Pt2QP3M6ktmR_cegUDMBIQ&cb_client=search.gws-prod.gps&w=408&h=240&yaw=187.68568&pitch=0&thumbfov=100","/g/1tfd365p","en",,"25.7533044","-80.2579961",,"Coral Gables Section",,,,,,,,,,,,,,,,"false","(305) 442-2121","+13054422121","ChIJuX_qD5m32YgRzNClZW1tDuo",,,,"33134",,"167",,"23","20","1","2","0","0","2026-10-05T10:22:19.482Z","https://www.google.com/maps/search/criminal%20lawyer/@25.681863654126005,-80.04899409033187,12z?hl=en","criminal lawyer",,"Florida","2121 Ponce de Leon Blvd Ste 950",,"false","Mario S Cano Law Office","4.6","https://www.google.com/maps/search/?api=1&query=Mario%20S%20Cano%20Law%20Office&query_place_id=ChIJuX_qD5m32YgRzNClZW1tDuo",,
,,,,,,,,,,,,,,,,,,,,,,,,,,,,"2665 S Bayshore Dr PH 2b, Miami, FL 33133","123868601574630628","Criminal justice attorney","Law firm","Attorney",,,,,,,,"Criminal justice attorney",,,"8904363014636548392","Miami","US",,,"https://lh3.googleusercontent.com/gps-cs-s/AHRPTWka9-EI-UKnV170PWU1K12IB2FslvkkAsFbMpOij17hphN3O3mRN1vppcIg_WbGq2_Vbp3xk542l99iGRUSXgHyRxfsMnLD8rlWKQI753sRwXe5s7ufwtyNo-r084pbj60ibR3Qf8Cija2V=w408-h306-k-no","/g/1hhkdqv25","en",,"25.731229","-80.2367821",,"Coconut Grove",,,,,,,,,,,,,,,,"false","(305) 374-1920","+13053741920","ChIJpabLhcu32YgRKLGJBvymkns",,,,"33133",,"169",,"5","5","0","0","0","0","2026-10-05T10:22:19.482Z","https://www.google.com/maps/search/criminal%20lawyer/@25.681863654126005,-80.04899409033187,12z?hl=en","criminal lawyer",,"Florida","2665 S Bayshore Dr PH 2b",,"false","Kaplan Rothstein Prüss Peraza, P.A","5","https://www.google.com/maps/search/?api=1&query=Kaplan%20Rothstein%20Pr%C3%BCss%20Peraza%2C%20P.A&query_place_id=ChIJpabLhcu32YgRKLGJBvymkns",,"https://krp2.com/"
,,,,,,,,,,,,,,,,,,,,,,,,,,,,"175 SW 7th St Ste 1915-AB, Miami, FL 33130","13983790175201966439","Criminal justice attorney","Civil law attorney","Immigration attorney","Divorce lawyer","Family law attorney",,,,,,"Criminal justice attorney",,,"13114566424661391941","Miami","US",,,"https://streetviewpixels-pa.googleapis.com/v1/thumbnail?panoid=FCyETyCjZe4If8FEZR8KuQ&cb_client=search.gws-prod.gps&w=408&h=240&yaw=20.88006&pitch=0&thumbfov=100","/g/11qgd4hnzv","en",,"25.7676096","-80.1968556",,"Downtown Miami","Monday","Open 24 hours","Tuesday","Open 24 hours","Wednesday","Open 24 hours","Thursday","Open 24 hours","Friday","Open 24 hours","Saturday","Open 24 hours","Sunday","Open 24 hours",,"false","(786) 292-4846","+17862924846","ChIJOf1_ZXm32YgRRfo05a1MALY",,,,"33130",,"170",,"12","10","0","2","0","0","2026-10-05T10:22:19.482Z","https://www.google.com/maps/search/criminal%20lawyer/@25.681863654126005,-80.04899409033187,12z?hl=en","criminal lawyer",,"Florida","175 SW 7th St Ste 1915-AB",,"false","Ross & Asmar LLC","4.3","https://www.google.com/maps/search/?api=1&query=Ross%20%26%20Asmar%20LLC&query_place_id=ChIJOf1_ZXm32YgRRfo05a1MALY","true","http://lawyersmiami.net/"
,,,,,,,,,,,,,,,,,,,,,,,,,,,,"343 Alcazar Ave, Coral Gables, FL 33134",,"Attorney","Attorney referral service",,,,,,,,,"Attorney",,,"15183919119676402019","Coral Gables","US",,,"https://streetviewpixels-pa.googleapis.com/v1/thumbnail?panoid=XXrp_LFACNa0d8npAoiVug&cb_client=search.gws-prod.gps&w=408&h=240&yaw=346.13113&pitch=0&thumbfov=100","/g/12612c_rs","en",,"25.7530191","-80.2617303",,"Coral Gables Section","Monday","8 AM to 5 PM","Tuesday","8 AM to 5 PM","Wednesday","8 AM to 5 PM","Thursday","8 AM to 5 PM","Friday","8 AM to 5 PM","Saturday","Closed","Sunday","Closed",,"false","(305) 403-2272","+13054032272","ChIJAXOJi5i32YgRY-mS0v0duNI",,,,"33134",,"171",,"6","4","0","2","0","0","2026-10-05T10:22:19.482Z","https://www.google.com/maps/search/criminal%20lawyer/@25.681863654126005,-80.04899409033187,12z?hl=en","criminal lawyer",,"Florida","343 Alcazar Ave",,"false","The Reyes Law Firm, P.A.","3.7","https://www.google.com/maps/search/?api=1&query=The%20Reyes%20Law%20Firm%2C%20P.A.&query_place_id=ChIJAXOJi5i32YgRY-mS0v0duNI","false","https://reyeslawfirmpa.com/"
,,,,,,,,,,,,,,,,,,,,,,,,,,,,"3250 Mary St #406, Coconut Grove, FL 33133",,"Criminal justice attorney","Attorney","Tax attorney",,,,,,,,"Criminal justice attorney",,,"3168220458743749849","Coconut Grove","US",,,"https://streetviewpixels-pa.googleapis.com/v1/thumbnail?panoid=q7NI5B8QExuAgx2H1vAfvg&cb_client=search.gws-prod.gps&w=408&h=240&yaw=254.10173&pitch=0&thumbfov=100","/g/11g6nj14qp","en",,"25.7303372","-80.2400082",,"Coconut Grove","Monday","8:30 AM to 6:30 PM","Tuesday","8:30 AM to 6:30 PM","Wednesday","8:30 AM to 6:30 PM","Thursday","8:30 AM to 6:30 PM","Friday","8:30 AM to 6:30 PM","Saturday","Closed","Sunday","Closed",,"false","(305) 951-8182","+13059518182","ChIJq6nx0M632YgR2dyLpbjH9ys",,,,"33133",,"172",,"1","1","0","0","0","0","2026-10-05T10:22:19.482Z","https://www.google.com/maps/search/criminal%20lawyer/@25.681863654126005,-80.04899409033187,12z?hl=en","criminal lawyer",,"Florida","3250 Mary St #406",,"false","Law Office of Danise Ponton, P.A.","5","https://www.google.com/maps/search/?api=1&query=Law%20Office%20of%20Danise%20Ponton%2C%20P.A.&query_place_id=ChIJq6nx0M632YgR2dyLpbjH9ys","false",
,,,,,,,,,,,,,,,,,,,,,,,,,,,,"14875 NW 77th Ave #206, Miami Lakes, FL 33014","9884587864124353742","Law firm",,,,,,,,,,"Law firm",,,"1999121524577583632","Miami Lakes","US",,,"https://lh3.googleusercontent.com/grass-cs/ACvplmM_danqnWq7wM8ajamV4JPyds5RqIVJG0XZuTrXTKSlD_als23ixs5vP1wybZdH9_KlPC5cIDT8kYu8Cdpj8RssvyNqBqKHtQt0LRswJ85wGksbEYZg1rUGKOD2WhRxTMRoD174pw=w408-h544-k-no","/g/11bwd2ncfy","en",,"25.908004","-80.3239633",,,"Monday","9 AM to 6 PM","Tuesday","9 AM to 6 PM","Wednesday","9 AM to 6 PM","Thursday","9 AM to 6 PM","Friday","9 AM to 6 PM","Saturday","9 AM to 2 PM","Sunday","Closed",,"false","(305) 792-8221","+13057928221","ChIJ6-TboNWp2YgREMJIT29Ovhs",,,,"33014",,"34",,"113","112","0","1","0","0","2026-10-05T10:22:26.169Z","https://www.google.com/maps/search/criminal%20defense%20lawyer/@25.92904476237801,-80.32203469677728,12z?hl=en","criminal defense lawyer",,"Florida","14875 NW 77th Ave #206",,"false","Stephan Lopez Law Firm","5","https://www.google.com/maps/search/?api=1&query=Stephan%20Lopez%20Law%20Firm&query_place_id=ChIJ6-TboNWp2YgREMJIT29Ovhs","false","https://www.crimlegal.com/"
,,,,,,,,,,,,,,,,,,,,,,,,,,,,"1530 W 49th St, Hialeah, FL 33012","17163034443906455175","Criminal justice attorney","Legal services","Trial attorney",,,,,,,,"Criminal justice attorney",,,"11137743420737563147","Hialeah","US",,,"https://lh3.googleusercontent.com/grass-cs/ACvplmM5lU6hDY3waDdI0t-MAx_Jdf33aUBZCX5Dp27PFomQksoSU1_gVtdkJ8kuEIt7RGDDoZF7-I8_WYLGo_vHTZg4snqrb3X_e7kjkM6mFyhHOdGoLoskcpTg4mntjMuE5scJoRTA=w408-h626-k-no","/g/1tgyxhzr","en",,"25.8657008","-80.3135531",,,"Monday","9 AM to 5:30 PM","Tuesday","9 AM to 5:30 PM","Wednesday","9 AM to 5:30 PM","Thursday","9 AM to 5:30 PM","Friday","9 AM to 5:30 PM","Saturday","10 AM to 2 PM","Sunday","Closed",,"false","(305) 825-4870","+13058254870","ChIJDxQpt_u62YgRC6qBgKE2kZo",,,,"33012",,"40",,"100","94","1","5","0","0","2026-10-05T10:22:26.169Z","https://www.google.com/maps/search/criminal%20defense%20lawyer/@25.92904476237801,-80.32203469677728,12z?hl=en","criminal defense lawyer",,"Florida","1530 W 49th St",,"false","Law Offices of Victor Vedmed PA","4.8","https://www.google.com/maps/search/?api=1&query=Law%20Offices%20of%20Victor%20Vedmed%20PA&query_place_id=ChIJDxQpt_u62YgRC6qBgKE2kZo","false","http://www.trafficlawmiami.com/"
,,,,,,,,,,,,,,,,,,,,,,,,,,,,"900 W 49th St Ste 422, Hialeah, FL 33012","13199204611190360995","Bankruptcy attorney","Bankruptcy service","Foreclosure service","Personal injury attorney",,,,,,,"Bankruptcy attorney",,,"7855672137309736145","Hialeah","US",,,"https://lh3.googleusercontent.com/grass-cs/ACvplmOii62Wqs2TXWxqU7xJEc5fcl5Rml97tUBtDhT6YoB6QMjxcBs3DS7xBR6RMAgWVoN93MHSz5ihB7kWLCMhES3ikuHvpg537f8YTWZd93x2tus6yviIksUpBfsa37852rnHZZDDIQ=w524-h240-k-no","/g/12608fyb6","en",,"25.8662609","-80.3016713",,,"Monday","9 AM to 6 PM","Tuesday","9 AM to 6 PM","Wednesday","9 AM to 6 PM","Thursday","9 AM to 6 PM","Friday","9 AM to 5 PM","Saturday","Closed","Sunday","Closed",,"false","(305) 362-6277","+13053626277","ChIJmZE0GvO62YgR0cxHEDD0BG0",,,,"33012",,"42",,"262","253","1","7","0","1","2026-10-05T10:22:27.107Z","https://www.google.com/maps/search/criminal%20defense%20lawyer/@25.92904476237801,-80.32203469677728,12z?hl=en","criminal defense lawyer",,"Florida","900 W 49th St Ste 422",,"false","Del Pino & Granados Law Firm","4.9","https://www.google.com/maps/search/?api=1&query=Del%20Pino%20%26%20Granados%20Law%20Firm&query_place_id=ChIJmZE0GvO62YgR0cxHEDD0BG0","false","http://www.delpinolaw.com/"
,,,,,,,,,,,,,,,,,,,,,,,,,,,,"4160 W 16th Ave #501, Hialeah, FL 33012","4084854375258738177","Attorney","Law firm","Trial attorney",,,,,,,,"Attorney",,,"7410618158506692770","Hialeah","US",,,"https://lh3.googleusercontent.com/grass-cs/ACvplmP2XmG8WcEKiUUagVkWkRjy1YwfmmKI3gHilXDhdEefQ-xbeRdAULKS85U8IfSMQvZC-C7CAFOeEElXzOUIWaVSKp4HY8KBPpKESX5HtTyk0UE4qVk-arjzEa7StDNWMtHh09O42w=w408-h408-k-no","/g/11b67d4lhh","en",,"25.8594059","-80.3149898",,,"Monday","Open 24 hours","Tuesday","Open 24 hours","Wednesday","Open 24 hours","Thursday","Open 24 hours","Friday","Open 24 hours","Saturday","Closed","Sunday","Closed",,"false","(305) 557-0578","+13055570578","ChIJCRLspfi62YgRotDZt_PN12Y",,,,"33012",,"47",,"20","16","0","4","0","0","2026-10-05T10:22:27.107Z","https://www.google.com/maps/search/criminal%20defense%20lawyer/@25.92904476237801,-80.32203469677728,12z?hl=en","criminal defense lawyer",,"Florida","4160 W 16th Ave #501",,"false","Adolfo Gil, P.A.","4.2","https://www.google.com/maps/search/?api=1&query=Adolfo%20Gil%2C%20P.A.&query_place_id=ChIJCRLspfi62YgRotDZt_PN12Y","true","https://adolfogillaw.com/"
,,,,,,,,,,,,,,,,,,,,,,,,,,,,"8000 Governors Square Blvd Ste 402, Miami Lakes, FL 33016","6664773468754395557","Criminal justice attorney","Civil law attorney","General practice attorney","Family law attorney","Foreclosure service","Immigration attorney",,,,,"Criminal justice attorney",,,"18223364803881922281","Miami Lakes","US",,,"https://lh3.googleusercontent.com/grass-cs/ACvplmOg4L1YzKOBqg7PIbQ2aElsNp0iT2wBgO7-Jm2Q94aq5RZiENdsLyvdDqebuhcVfh9UjZ4qXqyz1ciRz9lOC4hAMVEj7ejsEYhu9wGKC8HNb95moqIKnsN4fJUDJwj9elduKLNcOlxGzAA4=w408-h510-k-no","/g/11ckvf493k","en",,"25.908413","-80.3305671",,,"Monday","9 AM to 6 PM","Tuesday","9 AM to 6 PM","Wednesday","9 AM to 6 PM","Thursday","9 AM to 6 PM","Friday","9 AM to 6 PM","Saturday","Closed","Sunday","Closed",,"false","(305) 514-0500","+13055140500","ChIJX_lJl9Gk2YgR6e6807xl5vw",,,,"33016",,"53",,"408","363","3","37","2","3","2026-10-05T10:22:27.108Z","https://www.google.com/maps/search/criminal%20defense%20lawyer/@25.92904476237801,-80.32203469677728,12z?hl=en","criminal defense lawyer",,"Florida","8000 Governors Square Blvd Ste 402",,"false","Law Offices of Alexander E. Borell","4.6","https://www.google.com/maps/search/?api=1&query=Law%20Offices%20of%20Alexander%20E.%20Borell&query_place_id=ChIJX_lJl9Gk2YgR6e6807xl5vw","false","http://www.borell.com/"
,,,,,,,,,,,,,,,,,,,,,,,,,,,,"16537 NW 57th Ave, Miami Lakes, FL 33014","7992464205836969458","Criminal justice attorney","Legal services","Law firm","Attorney",,,,,,,"Criminal justice attorney",,,"3330066285635209361","Miami Lakes","US",,,"https://lh3.googleusercontent.com/grass-cs/ACvplmNvtX2-uIXf_tS2iyufnY904jFS2Csloi-yPLnDJV6X7zLpEhUzkvyu8JCffiL7QiJSk7CAZJOPlEgw2X0S2frg4VeAyoxpR16hd52PjqiNf6QroJeCuEMxv7CyP6UjbgtMMMI=w484-h240-k-no","/g/11bx1y6xv2","en",,"25.9227582","-80.2926549",,,"Monday","8 AM to 6 PM","Tuesday","8 AM to 6 PM","Wednesday","8 AM to 6 PM","Thursday","8 AM to 6 PM","Friday","8 AM to 6 PM","Saturday","9 AM to 2 PM","Sunday","Closed",,"false","(305) 749-8350","+13057498350","ChIJy1PA5EOl2YgRkYjKsaTFNi4",,,,"33014",,"58",,"632","603","8","17","3","1","2026-10-05T10:22:27.108Z","https://www.google.com/maps/search/criminal%20defense%20lawyer/@25.92904476237801,-80.32203469677728,12z?hl=en","criminal defense lawyer",,"Florida","16537 NW 57th Ave",,"false","The Ticket Clinic - A Law Firm","4.9","https://www.google.com/maps/search/?api=1&query=The%20Ticket%20Clinic%20-%20A%20Law%20Firm&query_place_id=ChIJy1PA5EOl2YgRkYjKsaTFNi4","false","https://www.theticketclinic.com/locations/miami-lakes"
,,,,,,,,,,,,,,,,,,,,,,,,,,,,"102 Hialeah Dr, Hialeah, FL 33010",,"Attorney",,,,,,,,,,"Attorney",,,"62179409536650264","Hialeah","US",,,"https://streetviewpixels-pa.googleapis.com/v1/thumbnail?panoid=c8luZaJf75GZnGFRHo7xCw&cb_client=search.gws-prod.grass&w=408&h=240&yaw=183.24052&pitch=0&thumbfov=100","/g/1tdzb6ml","en",,"25.8226038","-80.2791723",,,,,,,,,,,,,,,,,,"false","(305) 885-1255","+13058851255","ChIJK6XMZgi62YgRGIzG8dfn3AA",,,,"33010",,"59",,"11","11","0","0","0","0","2026-10-05T10:22:27.108Z","https://www.google.com/maps/search/criminal%20defense%20lawyer/@25.92904476237801,-80.32203469677728,12z?hl=en","criminal defense lawyer",,"Florida","102 Hialeah Dr",,"false","Ray Rodriguez Law Office","5","https://www.google.com/maps/search/?api=1&query=Ray%20Rodriguez%20Law%20Office&query_place_id=ChIJK6XMZgi62YgRGIzG8dfn3AA",,
,,,,,,,,,,,,,,,,,,,,,,,,,,,,"4160 W 16th Ave #404, Hialeah, FL 33012",,"Attorney",,,,,,,,,,"Attorney",,,"10626863838303894822","Hialeah","US",,,"https://lh3.googleusercontent.com/grass-cs/ACvplmOX53WM6kaLOWIoI_Fvf8B1eQwrEwaF6ROSZt0bElieVk1PAJ71O1-yB0xe2LhDbL8bzaqNwDnTTk1uOxJno_LmbT_wJXON0dKb5CKh7bk-ljt9jWC94TXxzMpWLogOxkRM9iZpPA=w426-h240-k-no","/g/1tdz5mkx","en",,"25.8593115","-80.314981",,,"Monday","9 AM to 5 PM","Tuesday","9 AM to 5 PM","Wednesday","9 AM to 5 PM","Thursday","9 AM to 5 PM","Friday","9 AM to 5 PM","Saturday","Closed","Sunday","Closed",,"false","(305) 826-8171","+13058268171","ChIJEY0Lpvi62YgRJj2Mfls0epM",,,,"33012",,"62",,"28","22","1","5","0","0","2026-10-05T10:22:28.041Z","https://www.google.com/maps/search/criminal%20defense%20lawyer/@25.92904476237801,-80.32203469677728,12z?hl=en","criminal defense lawyer",,"Florida","4160 W 16th Ave #404",,"false","Arturo Taquechel PA","4.3","https://www.google.com/maps/search/?api=1&query=Arturo%20Taquechel%20PA&query_place_id=ChIJEY0Lpvi62YgRJj2Mfls0epM","false",
,,,,,,,,,,,,,,,,,,,,,,,,,,,,"301 6500 Cow Pen Rd, Miami Lakes, FL 33014","9579548390999803234","Attorney",,,,,,,,,,"Attorney",,,"15543623144722909003","Miami Lakes","US",,,"https://lh3.googleusercontent.com/grass-cs/ACvplmNYvStXqJSaD_IVwXbGvdqM80PbKzpwzI2jEx61jyMovO0YfVBs5DHlBDzdTHcDEqnJwO6OqjD07RNm24KPMsgvk8tvkvc_AnvA-1GoAHZ1qmhsWBm9gypHUiVWdgO4MT6K4OjkvQ=w408-h725-k-no","/g/1tcx7tjl","en",,"25.9152635","-80.3071021",,,"Monday","9 AM to 5 PM","Tuesday","9 AM to 5 PM","Wednesday","9 AM to 5 PM","Thursday","9 AM to 5 PM","Friday","9 AM to 5 PM","Saturday","Closed","Sunday","Closed",,"false","(305) 821-5500","+13058215500","ChIJRzq3jDCl2YgRS8e_f-UKttc",,,,"33014",,"69",,"29","27","0","2","0","0","2026-10-05T10:22:28.042Z","https://www.google.com/maps/search/criminal%20defense%20lawyer/@25.92904476237801,-80.32203469677728,12z?hl=en","criminal defense lawyer",,"Florida","301 6500 Cow Pen Rd",,"false","The Law Office of Daniel M. Keil","4.7","https://www.google.com/maps/search/?api=1&query=The%20Law%20Office%20of%20Daniel%20M.%20Keil&query_place_id=ChIJRzq3jDCl2YgRS8e_f-UKttc","false","http://www.keillaw.com/"
,,,,,,,,,,,,,,,,,,,,,,,,,,,,"15100 NW 67th Ave Ste 204, Miami Lakes, FL 33014","7570550598621346328","Estate planning attorney","Law firm","Attorney","Legal services",,,,,,,"Estate planning attorney",,,"12190950307509188484","Miami Lakes","US",,,"https://lh3.googleusercontent.com/grass-cs/ACvplmMw9dw6rhhFNQ6zzn7RI7GDdgsg4lkjb844dNr8SCb0hyTq-hE2YQj1M93gm1JzV0EbQO6mRZSAImwqoTwVHeVoEIbxswhXyG2UG17QLaUMcUgXkBv8su-HBxfUsqxhix-Vrx3JNg=w426-h240-k-no","/g/11t1dtyt4f","en",,"25.9105794","-80.3091672",,,"Monday","Open 24 hours","Tuesday","Open 24 hours","Wednesday","Open 24 hours","Thursday","Open 24 hours","Friday","Open 24 hours","Saturday","Open 24 hours","Sunday","Open 24 hours",,"false","(305) 631-2438","+13056312438","ChIJMw2NNGil2YgRhDeG2bb0Lqk",,,,"33014",,"72",,"43","43","0","0","0","0","2026-10-05T10:22:28.042Z","https://www.google.com/maps/search/criminal%20defense%20lawyer/@25.92904476237801,-80.32203469677728,12z?hl=en","criminal defense lawyer",,"Florida","15100 NW 67th Ave Ste 204",,"false","Steszewski Law","5","https://www.google.com/maps/search/?api=1&query=Steszewski%20Law&query_place_id=ChIJMw2NNGil2YgRhDeG2bb0Lqk","true","https://www.steszewskilaw.com/"
,,,,,,,,,,,,,,,,,,,,,,,,,,,,"5901 NW 183rd St, Hialeah, FL 33015","2196985731664906675","Immigration attorney","Attorney",,,,,,,,,"Immigration attorney",,,"13467437743603194494","Hialeah","US",,,"https://lh3.googleusercontent.com/grass-cs/ACvplmMYYNaQ9vLHjsGWYQVDTjTPy6lsg-ABnK7qE9KHCIQbGnTy9gPFwUImiVcghXVKngECZAA8sUX2N1NKaQxMNBVMxzGj04_wZM_FrL8k-fGUyDBKHSkwAPfAavxbMwoOOp6jo7rnfFACtEPk=w408-h544-k-no","/g/1tgff4sz","en",,"25.9400415","-80.2959723",,,"Monday","9 AM to 6 PM","Tuesday","9 AM to 6 PM","Wednesday","9 AM to 6 PM","Thursday","9 AM to 6 PM","Friday","9 AM to 6 PM","Saturday","Closed","Sunday","Closed",,"false","(305) 625-8010","+13056258010","ChIJC_lbfHKl2YgRfhooNkbz5bo",,,,"33015",,"74",,"378","342","7","23","3","3","2026-10-05T10:22:28.042Z","https://www.google.com/maps/search/criminal%20defense%20lawyer/@25.92904476237801,-80.32203469677728,12z?hl=en","criminal defense lawyer",,"Florida","5901 NW 183rd St",,"false","Immigration Law Offices Of Robert Sheldon Miami Gardens","4.7","https://www.google.com/maps/search/?api=1&query=Immigration%20Law%20Offices%20Of%20Robert%20Sheldon%20Miami%20Gardens&query_place_id=ChIJC_lbfHKl2YgRfhooNkbz5bo","false","https://www.vidaenamerica.com/"
,,,,,,,,,,,,,,,,,,,,,,,,,,,,"Portofino Shopping Center 2900 # 19, 2900 W 12th Ave, Hialeah, FL 33012","16367207122665394671","Divorce lawyer",,,,,,,,,,"Divorce lawyer",,,"5911696668179568761","Hialeah","US",,,"https://streetviewpixels-pa.googleapis.com/v1/thumbnail?panoid=nBn297x8l-QKn82-7MZXTA&cb_client=search.gws-prod.grass&w=408&h=240&yaw=296.60657&pitch=-0.4918801&thumbfov=100","/g/1hhh_9l86","en",,"25.8484861","-80.3068678",,,"Monday","10 AM to 5 PM","Tuesday","10 AM to 5 PM","Wednesday","10 AM to 5 PM","Thursday","10 AM to 5 PM","Friday","10 AM to 5 PM","Saturday","Closed","Sunday","Closed",,"false","(305) 209-6393","+13052096393","ChIJEY0Lpvi62YgReRi0VsyQClI",,,,"33012",,"75",,"21","20","0","1","0","0","2026-10-05T10:22:28.042Z","https://www.google.com/maps/search/criminal%20defense%20lawyer/@25.92904476237801,-80.32203469677728,12z?hl=en","criminal defense lawyer",,"FL","Portofino Shopping Center 2900 # 19, 2900 W 12th Ave",,"false","Law Office of Abdel Jimenez","4.8","https://www.google.com/maps/search/?api=1&query=Law%20Office%20of%20Abdel%20Jimenez&query_place_id=ChIJEY0Lpvi62YgReRi0VsyQClI","false","http://www.jimenezlawyer.com/"
,,,,,,,,,,,,,,,,,,,,,,,,,,,,"6011 W 16th Ave #304, Hialeah, FL 33012",,"Attorney",,,,,,,,,,"Attorney",,,"17935442548763804731","Hialeah","US",,,"https://lh3.googleusercontent.com/grass-cs/ACvplmOq6RVg5w_y6VcSHKnkbnk0sRCLbZw78r3bZkfkJSJ6inxZqcDb27h9UeRZhW6mJU6MDbrsuXyGV07K0V1nTcTdcH1wpdR4j5I7mr71Ct0sygCexmrSpoTFiYNiLN_YtWic11GE=w426-h240-k-no","/g/1whdk4l2","en",,"25.8772874","-80.3150327",,,,,,,,,,,,,,,,,,"false","(305) 557-3332","+13055573332","ChIJu00AsOa62YgRO0R-2Ph95_g",,,,"33012",,"85",,"36","31","1","3","0","1","2026-10-05T10:22:29.039Z","https://www.google.com/maps/search/criminal%20defense%20lawyer/@25.92904476237801,-80.32203469677728,12z?hl=en","criminal defense lawyer",,"Florida","6011 W 16th Ave #304",,"false","Dorta Ruben","4.6","https://www.google.com/maps/search/?api=1&query=Dorta%20Ruben&query_place_id=ChIJu00AsOa62YgRO0R-2Ph95_g",,
,,,,,,,,,,,,,,,,,,,,,,,,,,,,"5951 NW 173rd Dr Suite #1, Hialeah, FL 33015","2769055315247595548","Legal services",,,,,,,,,,"Legal services",,,"17133971912849472138","Hialeah","US",,,"https://lh3.googleusercontent.com/grass-cs/ACvplmP0v4wkXY0GXgPnialrva5AKcH1O_4befWmrhYP7URoeuMG8oxzPGFQa6h1-l-5S_5HJVv_kbP1VAQYvnpPv8SqZr5SZ5x3SLByyHVE6PqDtIyqDuAOiNkIQes3fJunrjzO1QER=w408-h544-k-no","/g/11bxg5r6rm","en",,"25.931006","-80.2992668",,,"Monday","9 AM to 6 PM","Tuesday","9 AM to 6 PM","Wednesday","9 AM to 6 PM","Thursday","9 AM to 6 PM","Friday","9 AM to 6 PM","Saturday","Closed","Sunday","Closed",,"false","(786) 842-1470","+17868421470","ChIJy80MH9Ok2YgRirrp0KwYyO0",,,,"33015",,"92",,"73","68","2","3","0","0","2026-10-05T10:22:29.039Z","https://www.google.com/maps/search/criminal%20defense%20lawyer/@25.92904476237801,-80.32203469677728,12z?hl=en","criminal defense lawyer",,"Florida","5951 NW 173rd Dr Suite #1",,"false","Law Office of Christian Veras, LLC","4.8","https://www.google.com/maps/search/?api=1&query=Law%20Office%20of%20Christian%20Veras%2C%20LLC&query_place_id=ChIJy80MH9Ok2YgRirrp0KwYyO0","false","http://www.veraslaw.net/"
,,,,,,,,,,,,,,,,,,,,,,,,,,,,"1165 W 49th St #202, Hialeah, FL 33012","6966874174132259307","Criminal justice attorney","Legal services","Law firm","Attorney",,,,,,,"Criminal justice attorney",,,"9305322276241698588","Hialeah","US",,,"https://lh3.googleusercontent.com/grass-cs/ACvplmOIPe0fKggCQefPGK5LeyBx1kxZYZWCdFlhdYgWClpNK_HTv_uAfymepF5gJQeTO3i2-WH-bibfz2p66BwBXxqO-4riEIhJ2djP61Vug-2wl-rtikxlg54fJRKVByxj6ITmXDrvxdvLGeIK=w408-h272-k-no","/g/1tp8_vpn","en",,"25.8671077","-80.3056131",,,"Monday","8 AM to 7 PM","Tuesday","8 AM to 7 PM","Wednesday","8 AM to 7 PM","Thursday","8 AM to 7 PM","Friday","8 AM to 7 PM","Saturday","9 AM to 4 PM","Sunday","Closed",,"false","(305) 824-3630","+13058243630","ChIJyQNZC_G62YgRHG_q-04lI4E",,,,"33012",,"103",,"297","256","11","21","6","3","2026-10-05T10:22:30.086Z","https://www.google.com/maps/search/criminal%20defense%20lawyer/@25.92904476237801,-80.32203469677728,12z?hl=en","criminal defense lawyer",,"Florida","1165 W 49th St #202",,"false","The Ticket Clinic - A Law Firm","4.6","https://www.google.com/maps/search/?api=1&query=The%20Ticket%20Clinic%20-%20A%20Law%20Firm&query_place_id=ChIJyQNZC_G62YgRHG_q-04lI4E","false","https://www.theticketclinic.com/locations/hialeah"
,,,,,,,,,,,,,,,,,,,,,,,,,,,,"4160 W 16th Ave, Hialeah, FL 33012","3402143971316180302","Bankruptcy attorney","Divorce lawyer","Family law attorney","Personal injury attorney",,,,,,,"Bankruptcy attorney",,,"14409639815683527562","Hialeah","US",,,"https://streetviewpixels-pa.googleapis.com/v1/thumbnail?panoid=Ym8f_iTK_BDr0rBaLu8yQw&cb_client=search.gws-prod.grass&w=408&h=240&yaw=272.47885&pitch=0&thumbfov=100","/g/1vvr6_yq","en",,"25.8593298","-80.3150722",,,"Monday","9 AM to 5 PM","Tuesday","9 AM to 5 PM","Wednesday","9 AM to 5 PM","Thursday","9 AM to 5 PM","Friday","9 AM to 5 PM","Saturday","Closed","Sunday","Closed",,"false","(305) 557-0578","+13055570578","ChIJEY0Lpvi62YgRilMkGxFT-cc",,,,"33012",,"109",,"7","6","0","1","0","0","2026-10-05T10:22:30.087Z","https://www.google.com/maps/search/criminal%20defense%20lawyer/@25.92904476237801,-80.32203469677728,12z?hl=en","criminal defense lawyer",,"Florida","4160 W 16th Ave",,"false","Gil & Gil PA","4.4","https://www.google.com/maps/search/?api=1&query=Gil%20%26%20Gil%20PA&query_place_id=ChIJEY0Lpvi62YgRilMkGxFT-cc","false","https://adolfogillaw.com/"
,,,,,,,,,,,,,,,,,,,,,,,,,,,,"20801 Biscayne Blvd #400, Aventura, FL 33180","14101502646699630448","Personal injury attorney",,,,,,,,,,"Personal injury attorney",,,"14176647850808562760","Aventura","US",,,"https://lh3.googleusercontent.com/grass-cs/ACvplmOTs13tIUTTs3pGivdXa6K6Lokwgwuwq0PxCW_vde-opifz05skOaETy1qM4W-ynTEzSd4g_Pw_zzF7-_CZm8ZYr62dmr9jkQK6wHaeRjLgCcAyqNpw5lJxmj1UbuWZX1-ihSJj=w660-h240-k-no","/g/11b6spd9ml","en",,"25.9680023","-80.1438543",,,"Monday","8 AM to 8 PM","Tuesday","8 AM to 8 PM","Wednesday","8 AM to 8 PM","Thursday","8 AM to 8 PM","Friday","8 AM to 8 PM","Saturday","8 AM to 8 PM","Sunday","8 AM to 8 PM",,"false","(786) 230-3819","+17862303819","ChIJteax11Ws2YgRSNQ_9RuSvcQ",,,,"33180",,"113",,"75","60","0","12","2","1","2026-10-05T10:22:30.087Z","https://www.google.com/maps/search/criminal%20defense%20lawyer/@25.92904476237801,-80.32203469677728,12z?hl=en","criminal defense lawyer",,"Florida","20801 Biscayne Blvd #400",,"false","SteinLaw","4.3","https://www.google.com/maps/search/?api=1&query=SteinLaw&query_place_id=ChIJteax11Ws2YgRSNQ_9RuSvcQ","false","https://www.steinlaw.com/locations/aventura/?utm_source=googlemybusiness&utm_medium=organic&utm_campaign=Google+My+Business"
,,,,,,,,,,,,,,,,,,,,,,,,,,,,"8100 Oak Ln penthouse 403, Miami Lakes, FL 33016","9939933553670170128","Criminal justice attorney","Civil defense","Civil law attorney","General practice attorney","Law firm","Trial attorney",,,,,"Criminal justice attorney",,,"11419974802692285588","Miami Lakes","US",,,"https://lh3.googleusercontent.com/grass-cs/ACvplmOKUmWWJSFXVZW-V5LBo-j2KNpHQoXYKenGqcwJbfzQHO_bD1cNgrOr3i3OMSHy9988isukoQv07_M0fo5Qq6cfPxl7apwGy-8YoDTE0qIArEuuMwl-fWr-grolYUfufxXc8iqBb1MOwO6D=w408-h612-k-no","/g/1tk1zvlj","en",,"25.9084907","-80.3325499",,,"Monday","9 AM to 5 PM","Tuesday","9 AM to 5 PM","Wednesday","9 AM to 5 PM","Thursday","9 AM to 5 PM","Friday","9 AM to 5 PM","Saturday","Closed","Sunday","Closed",,"false","(305) 358-4500","+13053584500","ChIJBaBpfmO22YgRlKRi0pPme54",,,,"33016",,"122",,"12","12","0","0","0","0","2026-10-05T10:22:31.054Z","https://www.google.com/maps/search/criminal%20defense%20lawyer/@25.92904476237801,-80.32203469677728,12z?hl=en","criminal defense lawyer",,"Florida","8100 Oak Ln penthouse 403",,"false","The Health Law Offices of Anthony C. Vitale, P.A.","5","https://www.google.com/maps/search/?api=1&query=The%20Health%20Law%20Offices%20of%20Anthony%20C.%20Vitale%2C%20P.A.&query_place_id=ChIJBaBpfmO22YgRlKRi0pPme54","false","http://www.vitalehealthlaw.com/"
,,,,,,,,,,,,,,,,,,,,,,,,,,,,"6625 Miami Lakes Dr 3rd floor, Miami Lakes, FL 33014","2923203839556155848","Criminal justice attorney","Immigration attorney",,,,,,,,,"Criminal justice attorney",,,"5474408899423305724","Miami Lakes","US",,,"https://lh3.googleusercontent.com/grass-cs/ACvplmM4ZenxflOH2kGclg03VGlFqDWZnl8tuwhfnhx2eIEm0jon0dYcMigaqqFSnkX_lZFtVo-UijCDXVpRYivyrPzCmp0sG3X-thVu2fqt4E_sPUkfY9O0ewAPyRgQdey-5TYD29w=w566-h240-k-no","/g/11dx8nbtz8","en",,"25.9090649","-80.3075487",,,"Monday","9 AM to 5 PM","Tuesday","9 AM to 5 PM","Wednesday","9 AM to 5 PM","Thursday","9 AM to 5 PM","Friday","9 AM to 5 PM","Saturday","Closed","Sunday","Closed",,"false","(786) 277-8575","+17862778575","ChIJDzAKTTKl2YgR_P9creMB-Us",,,,"33014",,"123",,"1","0","0","1","0","0","2026-10-05T10:22:31.054Z","https://www.google.com/maps/search/criminal%20defense%20lawyer/@25.92904476237801,-80.32203469677728,12z?hl=en","criminal defense lawyer",,"Florida","6625 Miami Lakes Dr 3rd floor",,"false","South Florida Legal","1","https://www.google.com/maps/search/?api=1&query=South%20Florida%20Legal&query_place_id=ChIJDzAKTTKl2YgR_P9creMB-Us","false","https://sflalegal.com/"
,,,,,,,,,,,,,,,,,,,,,,,,,,,,"8333 NW 53rd St SUITE 450, Doral, FL 33166","5277027476387324298","Family law attorney","Estate planning attorney","Immigration attorney","Personal injury attorney",,,,,,,"Family law attorney",,,"5442985840362461662","Doral","US",,,"https://streetviewpixels-pa.googleapis.com/v1/thumbnail?panoid=j-FxIqpp_Koq-9flO9UbKg&cb_client=search.gws-prod.grass&w=408&h=240&yaw=228.85088&pitch=0&thumbfov=100","/g/1tcwmc7p","en",,"25.8218444","-80.3322642",,,"Monday","9 AM to 5 PM","Tuesday","9 AM to 5 PM","Wednesday","9 AM to 5 PM","Thursday","9 AM to 5 PM","Friday","9 AM to 5 PM","Saturday","Closed","Sunday","Closed",,"false","(305) 557-4300","+13055574300","ChIJAQAAACW72YgR3hlJnMheiUs",,,,"33166",,"127",,"37","36","0","1","0","0","2026-10-05T10:22:31.054Z","https://www.google.com/maps/search/criminal%20defense%20lawyer/@25.92904476237801,-80.32203469677728,12z?hl=en","criminal defense lawyer",,"Florida","8333 NW 53rd St SUITE 450",,"false","Law Office of Alvarez Annalie","4.9","https://www.google.com/maps/search/?api=1&query=Law%20Office%20of%20Alvarez%20Annalie&query_place_id=ChIJAQAAACW72YgR3hlJnMheiUs","false","https://www.lawofficeofannaliealvarez.com/"
,,,,,,,,,,,,,,,,,,,,,,,,,,,,"8200 NW 41st St Suite 200, Doral, FL 33166","4552014148358980045","Immigration attorney","Divorce lawyer","Family law attorney",,,,,,,,"Immigration attorney",,,"4334967333447346481","Doral","US",,,"https://lh3.googleusercontent.com/grass-cs/ACvplmPlsKXXyrysqXsOCqbThDeSpmzm_NQ7GfV25-wEm2Rtvw960LNpvXl0NjEAW6vjxnWtjenj77c5-CmhFcq8PWVftRwIF6hbL_-m_lHanzpt6nMA47BmRGOY3xxmsDYL9Am8plajoFK2gaUz=w408-h543-k-no","/g/12hkvy13j","en",,"25.8110604","-80.3306115",,,"Monday","9 AM to 5 PM","Tuesday","9 AM to 5 PM","Wednesday","9 AM to 5 PM","Thursday","9 AM to 5 PM","Friday","9 AM to 5 PM","Saturday","Closed","Sunday","Closed",,"false","(786) 319-9150","+17863199150","ChIJ6QVLUIi22YgRMSkNd9LlKDw",,,,"33166",,"128",,"190","188","0","2","0","0","2026-10-05T10:22:31.054Z","https://www.google.com/maps/search/criminal%20defense%20lawyer/@25.92904476237801,-80.32203469677728,12z?hl=en","criminal defense lawyer",,"Florida","8200 NW 41st St Suite 200",,"false","Perez Law P.L.- Ana Maria Perez","5","https://www.google.com/maps/search/?api=1&query=Perez%20Law%20P.L.-%20Ana%20Maria%20Perez&query_place_id=ChIJ6QVLUIi22YgRMSkNd9LlKDw","false","http://perezlawcenter.com/"
,,,,,,,,,,,,,,,,,,,,,,,,,,,,"7791 NW 46th St, Doral, FL 33166",,"Immigration attorney",,,,,,,,,,"Immigration attorney",,,"1114292677202359197","Doral","US",,,"https://lh3.googleusercontent.com/grass-cs/ACvplmNaIYU5Cr3BO8YRYs77Fih8cgDQ6sSQ4m9imyjWsODEKllgZdIpcuP-z3ApexKQZKzbROF5cesFkb5-WBsX-Ssl8kMPrhg2NmHIWzW6KdoieZoGp5dbS82cbHAMpxb6QPIZ-jri=w408-h534-k-no","/g/11tf8bgq8l","en",,"25.8156239","-80.3231237",,,"Monday","9 AM to 5 PM","Tuesday","9 AM to 5 PM","Wednesday","9 AM to 5 PM","Thursday","9 AM to 5 PM","Friday","9 AM to 5 PM","Saturday","Closed","Sunday","Closed",,"false","(954) 991-1060","+19549911060","ChIJ-VRUjZC52YgRnTN3QEnDdg8",,,,"33166",,"133",,"257","239","0","17","1","0","2026-10-05T10:22:31.055Z","https://www.google.com/maps/search/criminal%20defense%20lawyer/@25.92904476237801,-80.32203469677728,12z?hl=en","criminal defense lawyer",,"Florida","7791 NW 46th St",,"false","Elio Vázquez Lawyer","4.7","https://www.google.com/maps/search/?api=1&query=Elio%20V%C3%A1zquez%20Lawyer&query_place_id=ChIJ-VRUjZC52YgRnTN3QEnDdg8","false","http://www.eliovazquezimmigrationlawyer.com/"
,,,,,,,,,,,,,,,,,,,,,,,,,,,,"7975 NW 155th St Ste A, Miami Lakes, FL 33016","11516772013275827424","Real estate attorney","Divorce lawyer","Estate planning attorney","Law firm",,,,,,,"Real estate attorney",,,"10710664413263544146","Miami Lakes","US",,,"https://streetviewpixels-pa.googleapis.com/v1/thumbnail?panoid=Vdh_YKek4hZfLisJoEEBjQ&cb_client=search.gws-prod.grass&w=408&h=240&yaw=356.53&pitch=0&thumbfov=100","/g/1tlbpyvx","en",,"25.9149117","-80.3303825",,,"Monday","9 AM to 5 PM","Tuesday","9 AM to 5 PM","Wednesday","9 AM to 5 PM","Thursday","9 AM to 5 PM","Friday","9 AM to 5 PM","Saturday","Closed","Sunday","Closed",,"false","(305) 821-5419","+13058215419","ChIJ6zJSpdGk2YgRUr_9TInso5Q",,,,"33016",,"138",,"26","23","1","2","0","0","2026-10-05T10:22:31.055Z","https://www.google.com/maps/search/criminal%20defense%20lawyer/@25.92904476237801,-80.32203469677728,12z?hl=en","criminal defense lawyer",,"Florida","7975 NW 155th St Ste A",,"false","The Anon Law Firm, P.A.","4.7","https://www.google.com/maps/search/?api=1&query=The%20Anon%20Law%20Firm%2C%20P.A.&query_place_id=ChIJ6zJSpdGk2YgRUr_9TInso5Q","false",
,,,,,,,,,,,,,,,,,,,,,,,,,,,,"10800 Biscayne Blvd #440, Miami, FL 33161","7239001302893531616","Law firm",,,,,,,,,,"Law firm",,,"8096891231908667663","Miami","US",,,"https://lh3.googleusercontent.com/grass-cs/ACvplmP1iH93V42q73ZeaQf1r-frg_EchQU5SpHQ3mLw9tcr13Lzss31fZ2VBZ39wd_Tx2Lul3bf7ePS45JqIt6xXzCwjQWR28sLVYNHrc-skDA-hB-Z1CEna30F3S2ypAGAsk78cPKq=w408-h283-k-no","/g/1v3kj9j3","en",,"25.8752456","-80.1707201",,,"Monday","9 AM to 5 PM","Tuesday","9 AM to 5 PM","Wednesday","9 AM to 5 PM","Thursday","9 AM to 5 PM","Friday","9 AM to 5 PM","Saturday","Closed","Sunday","Closed",,"false","(305) 792-9100","+13057929100","ChIJjTUL1hWy2YgRDyHkHq3vXXA",,,,"33161",,"139",,"1","1","0","0","0","0","2026-10-05T10:22:31.055Z","https://www.google.com/maps/search/criminal%20defense%20lawyer/@25.92904476237801,-80.32203469677728,12z?hl=en","criminal defense lawyer",,"Florida","10800 Biscayne Blvd #440",,"false","Recalde Law Firm, P.A.","5","https://www.google.com/maps/search/?api=1&query=Recalde%20Law%20Firm%2C%20P.A.&query_place_id=ChIJjTUL1hWy2YgRDyHkHq3vXXA","false",
,,,,,,,,,,,,,,,,,,,,,,,,,,,,"14160 Palmetto Frontage Rd Unit 101, Miami Lakes, FL 33016","13811429605569343742","Law firm","Bankruptcy attorney","Immigration & naturalization service","Immigration attorney",,,,,,,"Law firm",,,"18181984786677523093","Miami Lakes","US",,,"https://streetviewpixels-pa.googleapis.com/v1/thumbnail?panoid=DeksFf2BaOpbBEzoXwFF-Q&cb_client=search.gws-prod.grass&w=408&h=240&yaw=261.6011&pitch=0&thumbfov=100","/g/11jz11fpr2","en",,"25.9022621","-80.3290571",,,"Monday","Open 24 hours","Tuesday","Open 24 hours","Wednesday","Open 24 hours","Thursday","Open 24 hours","Friday","Open 24 hours","Saturday","Open 24 hours","Sunday","Open 24 hours",,"false","(833) 305-1234","+18333051234","ChIJWy_psSm72YgRlWJ4ydRiU_w",,,,"33016",,"140",,"3","3","0","0","0","0","2026-10-05T10:22:31.055Z","https://www.google.com/maps/search/criminal%20defense%20lawyer/@25.92904476237801,-80.32203469677728,12z?hl=en","criminal defense lawyer",,"Florida","14160 Palmetto Frontage Rd Unit 101",,"false","Verdaguer Law","5","https://www.google.com/maps/search/?api=1&query=Verdaguer%20Law&query_place_id=ChIJWy_psSm72YgRlWJ4ydRiU_w","true","http://www.verdaguerlaw.com/"
,,,,,,,,,,,,,,,,,,,,,,,,,,,,"12550 Biscayne Blvd Ste 608, North Miami, FL 33181","12858518079942378322","Law firm",,,,,,,,,,"Law firm",,,"12762340065727553688","North Miami","US",,,"https://streetviewpixels-pa.googleapis.com/v1/thumbnail?panoid=nbT_47kyu5eCCfdVdYBG3w&cb_client=search.gws-prod.grass&w=408&h=240&yaw=169.2889&pitch=0&thumbfov=100","/g/11m7482ngt","en",,"25.8922649","-80.1641631",,,"Monday","8 AM to 6 PM","Tuesday","8 AM to 6 PM","Wednesday","8 AM to 12 AM","Thursday","12 to 6 AM, 8 AM to 6 PM","Friday","8 AM to 6 PM","Saturday","Closed","Sunday","Closed",,"false","(305) 405-8000","+13054058000","ChIJL1DIkbW32YgRmCBtCKzwHLE",,,,"33181",,"144",,"19","15","0","4","0","0","2026-10-05T10:22:32.273Z","https://www.google.com/maps/search/criminal%20defense%20lawyer/@25.92904476237801,-80.32203469677728,12z?hl=en","criminal defense lawyer",,"Florida","12550 Biscayne Blvd Ste 608",,"false","MILOSEVIC LAW P.A.","4.2","https://www.google.com/maps/search/?api=1&query=MILOSEVIC%20LAW%20P.A.&query_place_id=ChIJL1DIkbW32YgRmCBtCKzwHLE","false","https://miloseviclaw.com/"
,,,,,,,,,,,,,,,,,,,,,,,,,,,,"18191 NW 68th Ave #212, Hialeah, FL 33015","15508523963485419766","Law firm",,,,,,,,,,"Law firm",,,"2175165585289456340","Hialeah","US",,,"https://streetviewpixels-pa.googleapis.com/v1/thumbnail?panoid=QFniLeo8VBZ5LuonfblYuA&cb_client=search.gws-prod.grass&w=408&h=240&yaw=108.619385&pitch=0&thumbfov=100","/g/11v_0_373c","en",,"25.9380044","-80.3114086",,,"Monday","9 AM to 6 PM","Tuesday","9 AM to 6 PM","Wednesday","9 AM to 6 PM","Thursday","9 AM to 6 PM","Friday","9 AM to 6 PM","Saturday","Closed","Sunday","Closed",,"false","(786) 905-9555","+17869059555","ChIJ2Q67UACl2YgR1CrVRpO9Lx4",,,,"33015",,"145",,"24","23","0","1","0","0","2026-10-05T10:22:32.273Z","https://www.google.com/maps/search/criminal%20defense%20lawyer/@25.92904476237801,-80.32203469677728,12z?hl=en","criminal defense lawyer",,"Florida","18191 NW 68th Ave #212",,"false","JANNETTE PINEIRO ATTORNEY AT LAW","4.8","https://www.google.com/maps/search/?api=1&query=JANNETTE%20PINEIRO%20ATTORNEY%20AT%20LAW&query_place_id=ChIJ2Q67UACl2YgR1CrVRpO9Lx4","false","http://pineiropalaw.com/"
,,,,,,,,,,,,,,,,,,,,,,,,,,,,"6625 Miami Lakes Dr, Miami Lakes, FL 33014",,"Estate planning attorney","Divorce lawyer","Family law attorney",,,,,,,,"Estate planning attorney",,,"5570847260979509816","Miami Lakes","US",,,"https://streetviewpixels-pa.googleapis.com/v1/thumbnail?panoid=p-KXUEDXQ0eknuruzDzDoA&cb_client=search.gws-prod.grass&w=408&h=240&yaw=157.30191&pitch=0&thumbfov=100","/g/1hdzpk9vf","en",,"25.9090036","-80.3075967",,,"Monday","8:30 AM to 5:30 PM","Tuesday","8:30 AM to 5:30 PM","Wednesday","8:30 AM to 5:30 PM","Thursday","8:30 AM to 5:30 PM","Friday","8:30 AM to 5:30 PM","Saturday","Closed","Sunday","Closed",,"false","(786) 262-5105","+17862625105","ChIJ84KWUjKl2YgRODqkeBGgT00",,,,"33014",,"157",,"11","11","0","0","0","0","2026-10-05T10:22:32.274Z","https://www.google.com/maps/search/criminal%20defense%20lawyer/@25.92904476237801,-80.32203469677728,12z?hl=en","criminal defense lawyer",,"Florida","6625 Miami Lakes Dr",,"false","Law Office of Isabel Betancourt-Levey","5","https://www.google.com/maps/search/?api=1&query=Law%20Office%20of%20Isabel%20Betancourt-Levey&query_place_id=ChIJ84KWUjKl2YgRODqkeBGgT00","false","http://ibllaw.com/"
,,,,,,,,,,,,,,,,,,,,,,,,,,,,"107 Westward Dr, Miami Springs, FL 33266",,"Law firm",,,,,,,,,,"Law firm",,,"7183116201941029063","Miami Springs","US",,,"https://lh3.googleusercontent.com/grass-cs/ACvplmO7DbpzVeJl4uHFbO1q1oTedrRteszm53y7dQ5ClY6NtIPBwiPAJNdT9Vzcd9zUr-VLQFxNzpfWF5SkZQdHVnUDP83LHRaFBJb4PDlFnFCm-VcfXbOXnp-npmcANL6lYQi1ToU=w426-h240-k-no","/g/11bwhbc837","en",,"25.8214063","-80.283656",,,"Monday","9 AM to 4:30 PM","Tuesday","9 AM to 4:30 PM","Wednesday","9 AM to 4:30 PM","Thursday","9 AM to 4:30 PM","Friday","9 AM to 4:30 PM","Saturday","Closed","Sunday","Closed",,"false","(305) 910-4590","+13059104590","ChIJDRhZOha62YgRx1AMvSCOr2M",,,,"33266",,"161",,"3","2","0","1","0","0","2026-10-05T10:22:33.470Z","https://www.google.com/maps/search/criminal%20defense%20lawyer/@25.92904476237801,-80.32203469677728,12z?hl=en","criminal defense lawyer",,"Florida","107 Westward Dr",,"false","Law Offices of Nicolas Babinsky","3.7","https://www.google.com/maps/search/?api=1&query=Law%20Offices%20of%20Nicolas%20Babinsky&query_place_id=ChIJDRhZOha62YgRx1AMvSCOr2M","false","http://www.sealmyrecord.com/"
,,,,,,,,,,,,,,,,,,,,,,,,,,,,"9999 NE 2nd Ave, Miami Shores, FL 33138",,"Attorney",,,,,,,,,,"Attorney",,,"14894543509298101541","Miami Shores","US",,,"https://streetviewpixels-pa.googleapis.com/v1/thumbnail?panoid=pBB8G5j-Dml3OfsO7pNHNg&cb_client=search.gws-prod.grass&w=408&h=240&yaw=95.39883&pitch=0&thumbfov=100","/g/1tdw48fk","en",,"25.8665986","-80.1932995",,,,,,,,,,,,,,,,,,"false","(305) 759-6428","+13057596428","ChIJJ68Py46x2YgRJT1QM2gMtM4",,,,"33138",,"165",,"25","5","2","18","0","0","2026-10-05T10:22:33.471Z","https://www.google.com/maps/search/criminal%20defense%20lawyer/@25.92904476237801,-80.32203469677728,12z?hl=en","criminal defense lawyer",,"Florida","9999 NE 2nd Ave",,"false","Ariol Eugene Law Office","2","https://www.google.com/maps/search/?api=1&query=Ariol%20Eugene%20Law%20Office&query_place_id=ChIJJ68Py46x2YgRJT1QM2gMtM4",,
,,,,,,,,,,,,,,,,,,,,,,,,,,,,"2637 W 76th St Bldg c, Hialeah, FL 33016","6790380823935904266","Private investigator",,,,,,,,,,"Private investigator",,,"1432405357385054745","Hialeah","US",,,"https://streetviewpixels-pa.googleapis.com/v1/thumbnail?panoid=6FTJhn_PGLFQUUVpr1py_w&cb_client=search.gws-prod.grass&w=408&h=240&yaw=92.08191&pitch=0&thumbfov=100","/g/11krrj68wm","en",,"25.8918307","-80.3367993",,,"Monday","Open 24 hours","Tuesday","Open 24 hours","Wednesday","Open 24 hours","Thursday","Open 24 hours","Friday","Open 24 hours","Saturday","Closed","Sunday","Closed",,"false","(954) 615-7382","+19546157382","ChIJF0FpQm672YgRGXpNVRXt4BM",,,,"33016",,"170",,"2","2","0","0","0","0","2026-10-05T10:22:33.471Z","https://www.google.com/maps/search/criminal%20defense%20lawyer/@25.92904476237801,-80.32203469677728,12z?hl=en","criminal defense lawyer",,"Florida","2637 W 76th St Bldg c",,"false","Investigative Services Unlimited Group","5","https://www.google.com/maps/search/?api=1&query=Investigative%20Services%20Unlimited%20Group&query_place_id=ChIJF0FpQm672YgRGXpNVRXt4BM","true","http://investigativeservicesgroup.com/"
,,,,,,,,,,,,,,,,,,,,,,,,,,,,"115 NW 167th St Third Floor, North Miami Beach, FL 33169","8086219268613010008","Legal services",,,,,,,,,,"Legal services",,,"14235571033183277895","North Miami Beach","US",,,"https://lh3.googleusercontent.com/grass-cs/ACvplmOK9sreljPU2HtoSg4AToQJIQPaknH-AwnEh0_8sB5RLajYC9daBmjnxO2VAirGqvhoGc-Nx-tk12QGqzSasdLuw4I-SEpD6hSXQoZOs_cBkN1NKqXUtBncwLWNy7fb7H4LDFeuZA=w408-h259-k-no","/g/11bz_3yf9y","en",,"25.9283116","-80.2025984",,,"Monday","9 AM to 5:30 PM","Tuesday","9 AM to 5:30 PM","Wednesday","9 AM to 5:30 PM","Thursday","9 AM to 5:30 PM","Friday","9 AM to 5:30 PM","Saturday","Closed","Sunday","Closed",,"false","(305) 944-9120","+13059449120","ChIJsZMvkW6u2YgRR9O6b27ojsU",,,,"33169",,"172",,"1","1","0","0","0","0","2026-10-05T10:22:33.471Z","https://www.google.com/maps/search/criminal%20defense%20lawyer/@25.92904476237801,-80.32203469677728,12z?hl=en","criminal defense lawyer",,"Florida","115 NW 167th St Third Floor",,"false","Immigration Law Centre","5","https://www.google.com/maps/search/?api=1&query=Immigration%20Law%20Centre&query_place_id=ChIJsZMvkW6u2YgRR9O6b27ojsU","false","http://www.gelfmanassociates.com/"
,,,,,,,,,,,,,,,,,,,,,,,,,,,,"1840 W 49th St #308, Hialeah, FL 33012","11761592110256806207","Immigration attorney","Immigration & naturalization service",,,,,,,,,"Immigration attorney",,,"5081036380630977459","Hialeah","US",,,"https://streetviewpixels-pa.googleapis.com/v1/thumbnail?panoid=UVsm29Qs3SXjYcK0nV6CIg&cb_client=search.gws-prod.grass&w=408&h=240&yaw=180.32317&pitch=0&thumbfov=100","/g/11cm0914pm","en",,"25.8659077","-80.3197437",,,"Monday","9 AM to 5 PM","Tuesday","9 AM to 5 PM","Wednesday","9 AM to 5 PM","Thursday","9 AM to 5 PM","Friday","9 AM to 5 PM","Saturday","Closed","Sunday","Closed",,"false","(305) 306-4206","+13053064206","ChIJj3wnw_262YgRs4tY7qp3g0Y",,,,"33012",,"176",,"4","4","0","0","0","0","2026-10-05T10:22:33.471Z","https://www.google.com/maps/search/criminal%20defense%20lawyer/@25.92904476237801,-80.32203469677728,12z?hl=en","criminal defense lawyer",,"Florida","1840 W 49th St #308",,"false","Abogada de Inmigracion","5","https://www.google.com/maps/search/?api=1&query=Abogada%20de%20Inmigracion&query_place_id=ChIJj3wnw_262YgRs4tY7qp3g0Y","false","https://www.abogadainmigracionmiami.com/"
,,,,,,,,,,,,,,,,,,,,,,,,,,,,"460 W 83rd St, Hialeah, FL 33014",,"Criminal justice attorney",,,,,,,,,,"Criminal justice attorney",,,"16034843804563112332","Hialeah","US",,,"https://streetviewpixels-pa.googleapis.com/v1/thumbnail?panoid=hbprVVosKon4a-9lyat1Wg&cb_client=search.gws-prod.grass&w=408&h=240&yaw=182.1931&pitch=0&thumbfov=100","/g/11h8kw1cnp","en",,"25.8976294","-80.2934087",,,,,,,,,,,,,,,,,,"false","(786) 589-6526","+17865896526","ChIJfew2HOi72YgRjIHb53s1h94",,,,"33014",,"185",,"1","1","0","0","0","0","2026-10-05T10:22:34.788Z","https://www.google.com/maps/search/criminal%20defense%20lawyer/@25.92904476237801,-80.32203469677728,12z?hl=en","criminal defense lawyer",,"Florida","460 W 83rd St",,"true","Healthcare Fraud Group L.L.C.","5","https://www.google.com/maps/search/?api=1&query=Healthcare%20Fraud%20Group%20L.L.C.&query_place_id=ChIJfew2HOi72YgRjIHb53s1h94","false",
,,,,,,,,,,,,,,,,,,,,,,,,,,,,"3785 NW 82nd Ave Ste 417, Doral, FL 33166","17211262222647970201","Criminal justice attorney","Bankruptcy attorney","Family law attorney","Attorney","Real estate attorney",,,,,,"Criminal justice attorney",,,"13338557634643342835","Doral","US",,,"https://lh3.googleusercontent.com/grass-cs/ACvplmM0_C5WR6dUpWxR_ZHY2klIoQ9LH0Cv1PKQtz2qAgmKq24GTLqExH4-WZWAguwsl4aeEKIa8tAKvh64EMKZHP28qCJb01BL-Aj3oNvC7y2hBNz-uP5R9IbK0joa5nZ2eXScIQIGgA=w408-h306-k-no","/g/1hm469krv","en",,"25.808469","-80.3287976",,,"Monday","9 AM to 5 PM","Tuesday","9 AM to 5 PM","Wednesday","9 AM to 5 PM","Thursday","9 AM to 5 PM","Friday","9 AM to 5 PM","Saturday","Closed","Sunday","Closed",,"false","(305) 477-7000","+13054777000","ChIJIc4wZ3y52YgR87X9fH8THLk",,,,"33166",,"20",,"42","33","0","9","0","0","2026-10-05T10:22:47.600Z","https://www.google.com/maps/search/criminal%20defense%20lawyer/@25.814782882771972,-80.35838283161446,17z?hl=en","criminal defense lawyer",,"Florida","3785 NW 82nd Ave Ste 417",,"false","Leon Law Office - Raquel Leon-Pereira","4.1","https://www.google.com/maps/search/?api=1&query=Leon%20Law%20Office%20-%20Raquel%20Leon-Pereira&query_place_id=ChIJIc4wZ3y52YgR87X9fH8THLk","false",
,,,,,,,,,,,,,,,,,,,,,,,,,,,,"8750 NW 36th St Ste 250, Doral, FL 33178","17798998165084150729","Attorney","Estate planning attorney","Law firm","Legal services",,,,,,,"Attorney",,,"15110033332218183996","Doral","US",,,"https://lh3.googleusercontent.com/gps-cs-s/ANWiy9R2g5Vv_DS8jHp7PSF4Y8OkePOitogsqVYgRvezVQzMCjiMBjdKm6pXXDwPVjc3JTsqPSyf18FriMgwJCtlrroPOAKgiJdajQOpFMVy_DvrbF9W_wTQkbDIdagahiomwjUKEB_k=w477-h240-k-no","/g/11wfg_vt_1","en",,"25.8094586","-80.3389351",,,"Monday","10 AM to 4 PM","Tuesday","10 AM to 4 PM","Wednesday","10 AM to 4 PM","Thursday","10 AM to 4 PM","Friday","10 AM to 4 PM","Saturday","Closed","Sunday","Closed",,"false","(786) 919-2838","+17869192838","ChIJOzyZWLC72YgRPEEtX0KfsdE",,,,"33178",,"19",,"126","123","2","1","0","0","2026-10-05T10:22:52.411Z","https://www.google.com/maps/search/criminal%20defense%20lawyer/@25.814782882771972,-80.34979546838557,17z?hl=en","criminal defense lawyer",,"Florida","8750 NW 36th St Ste 250",,"false","Codina Law Group, PLLC","5","https://www.google.com/maps/search/?api=1&query=Codina%20Law%20Group%2C%20PLLC&query_place_id=ChIJOzyZWLC72YgRPEEtX0KfsdE","false","https://www.codinalawgroup.com/"
,,,,,,,,,,,,,,,,,,,,,,,,,,,,"8400 NW 33rd St Ste 310, Miami, FL 33122","17819283420978085740","Personal injury attorney",,,,,,,,,,"Personal injury attorney",,,"17918508287578343328","Miami","US",,,"https://lh3.googleusercontent.com/gps-cs-s/ANWiy9SLOhGU4iT3Wtufftj4ga0lNOvvcWMPyiy1RMxsa6NpOPWyFfAzkzPwVR_foLM-1jFvlHfDdxwAUnUClD9jgHE74prjvPkdRS6H9lHmZNhs9OXToAyuQyJYGP4pdlA_UieJhDow=w408-h537-k-no","/g/11vx6fmbdr","en",,"25.8042199","-80.3340493",,,"Monday","Open 24 hours","Tuesday","Open 24 hours","Wednesday","Open 24 hours","Thursday","Open 24 hours","Friday","Open 24 hours","Saturday","Open 24 hours","Sunday","Open 24 hours",,"false","(786) 953-1499","+17869531499","ChIJYww2nyO72YgRoAcA6llUq_g",,,,"33122",,"4",,"37","37","0","0","0","0","2026-10-05T10:22:52.657Z","https://www.google.com/maps/search/criminal%20defense%20lawyer/@25.807050348315908,-80.34120810515667,17z?hl=en","criminal defense lawyer",,"Florida","8400 NW 33rd St Ste 310",,"false","Aaron Feuer Law, PLLC","5","https://www.google.com/maps/search/?api=1&query=Aaron%20Feuer%20Law%2C%20PLLC&query_place_id=ChIJYww2nyO72YgRoAcA6llUq_g","true","https://aaronfeuerlaw.com/"
,,,,,,,,,,,,,,,,,,,,,,,,,,,,"3401 NW 82nd Ave Ste 360, Doral, FL 33122","18237049463583547831","Law firm",,,,,,,,,,"Law firm",,,"1220674313392209812","Doral","US",,,"https://lh3.googleusercontent.com/gps-cs-s/ANWiy9QOlM6ZyN63Rt246bofVub0owLUCJ-kKP12fATyprXmFI0CczUiY1HXYQ6uu_gIIVjm2rQv8lEGxyOGuTCTppM3qNZkLL2J2Tg0PQb8hGBbv-rJ6YOh1Arhzi82lgFMJY-5d-Kjhg=w408-h408-k-no","/g/11j57xbfv7","en",,"25.8057746","-80.3286769",,,"Monday","8:30 AM to 5:30 PM","Tuesday","8:30 AM to 5:30 PM","Wednesday","8:30 AM to 5:30 PM","Thursday","8:30 AM to 5:30 PM","Friday","8:30 AM to 5:30 PM","Saturday","Closed","Sunday","Closed",,"false","(305) 704-2500","+13057042500","ChIJ6SXWG_O52YgRlL8vFNK08BA",,,,"33122",,"18",,"202","201","1","0","0","0","2026-10-05T10:22:52.657Z","https://www.google.com/maps/search/criminal%20defense%20lawyer/@25.807050348315908,-80.34120810515667,17z?hl=en","criminal defense lawyer",,"Florida","3401 NW 82nd Ave Ste 360",,"false","FGC ATTORNEYS (f/k/a Florida General Counsel, P.A.)","5","https://www.google.com/maps/search/?api=1&query=FGC%20ATTORNEYS%20(f%2Fk%2Fa%20Florida%20General%20Counsel%2C%20P.A.)&query_place_id=ChIJ6SXWG_O52YgRlL8vFNK08BA","false","http://www.generalcounselfl.com/"
,,,,,,,,,,,,,,,,,,,,,,,,,,,,"3785 NW 82nd Ave Suite 403, Doral, FL 33166","16187266718935851874","Family law attorney",,,,,,,,,,"Family law attorney",,,"2970301490854569319","Doral","US",,,"https://lh3.googleusercontent.com/gps-cs-s/ANWiy9QF1dO4ftKMAEDFizqniS_IEgw4-4kf96vlSMVWUpYhSokCV4YEUvM9Z2KEqKrUTRz1g79merm52uxFVdk2Shz1EIc7Qqo0SCIN-bK7brwzBlOHoASgdJYEL7WRUE4crOcWcDQ=w445-h240-k-no","/g/1tmcn0t8","en",,"25.8084186","-80.3288395",,,"Monday","9 AM to 5:30 PM","Tuesday","9 AM to 5:30 PM","Wednesday","9 AM to 5:30 PM","Thursday","9 AM to 5:30 PM","Friday","9 AM to 5:30 PM","Saturday","Closed","Sunday","Closed",,"false","(305) 227-4700","+13052274700","ChIJZ9B6F02_2YgRZyUz9nehOCk",,,,"33166",,"20",,"116","105","1","9","0","1","2026-10-05T10:22:52.657Z","https://www.google.com/maps/search/criminal%20defense%20lawyer/@25.807050348315908,-80.34120810515667,17z?hl=en","criminal defense lawyer",,"Florida","3785 NW 82nd Ave Suite 403",,"false","Doral Divorce Attorneys | Jorge L. Gonzalez & Associates","4.7","https://www.google.com/maps/search/?api=1&query=Doral%20Divorce%20Attorneys%20%7C%20Jorge%20L.%20Gonzalez%20%26%20Associates&query_place_id=ChIJZ9B6F02_2YgRZyUz9nehOCk","false","https://jorgegonzalezlaw.com/"
,,,,,,,,,,,,,,,,,,,,,,,,,,,,"2500 NW 79th Ave Ste 289, Doral, FL 33122","11283289901970756224","Law firm",,,,,,,,,,"Law firm",,,"8529306123349612166","Doral","US",,,"https://lh3.googleusercontent.com/grass-cs/AABkmLfOBWlffF0EaAbEdEnSKZE6gExp-SRyGAd1XQZxGd_Y82WOxtK_5ojQrSWTvj1S3YQUme6F-uDWNDXQJw1AREbFMwn4GsDWknApyDGGrXHpmPwAQHlj7qmh3bxoIIlWSWHyoSjn=w408-h272-k-no","/g/11lnhxdzxy","en",,"25.797734","-80.3257497",,,"Monday","Open 24 hours","Tuesday","Open 24 hours","Wednesday","Open 24 hours","Thursday","Open 24 hours","Friday","Open 24 hours","Saturday","Closed","Sunday","Closed",,"false","(602) 910-4040","+16029104040","ChIJfXN8lNa52YgRhlbRnrouXnY",,,,"33122",,"4",,"84","82","2","0","0","0","2026-10-05T10:22:55.581Z","https://www.google.com/maps/search/criminal%20defense%20lawyer/@25.799317813859844,-80.33262074192777,17z?hl=en","criminal defense lawyer",,"Florida","2500 NW 79th Ave Ste 289",,"false","Ybarra Maldonado Law Group","5","https://www.google.com/maps/search/?api=1&query=Ybarra%20Maldonado%20Law%20Group&query_place_id=ChIJfXN8lNa52YgRhlbRnrouXnY","true","https://www.abogadoray.com/"
,,,,,,,,,,,,,,,,,,,,,,,,,,,,"8780 NW 18th Terrace, Doral, FL 33172","17574868859562232429","Law firm",,,,,,,,,,"Law firm",,,"8540287487599416865","Doral","US",,,"https://streetviewpixels-pa.googleapis.com/v1/thumbnail?panoid=GNcc5bnnKn2MmWAeD8YIDA&cb_client=search.gws-prod.grass&w=408&h=240&yaw=259.63232&pitch=0&thumbfov=100","/g/11y22bblbz","en",,"25.7904906","-80.3380754",,,"Monday","8:30 AM to 5 PM","Tuesday","8:30 AM to 5 PM","Wednesday","8:30 AM to 5 PM","Thursday","8:30 AM to 5 PM","Friday","8:30 AM to 5 PM","Saturday","Closed","Sunday","Closed",,"false","(786) 257-8847","+17862578847","ChIJiwidcVa72YgRIZYTujgyhXY",,,,"33172",,"12",,"42","41","0","1","0","0","2026-10-05T10:22:55.581Z","https://www.google.com/maps/search/criminal%20defense%20lawyer/@25.799317813859844,-80.33262074192777,17z?hl=en","criminal defense lawyer",,"Florida","8780 NW 18th Terrace",,"false","De La Noval, P.A.","4.9","https://www.google.com/maps/search/?api=1&query=De%20La%20Noval%2C%20P.A.&query_place_id=ChIJiwidcVa72YgRIZYTujgyhXY","false","https://delanovalpa.com/"
,,,,,,,,,,,,,,,,,,,,,,,,,,,,"3403 NW 82nd Ave Suite 211, Doral, FL 33122","8536671374433628046","Personal injury attorney",,,,,,,,,,"Personal injury attorney",,,"1739207226446914532","Doral","US",,,"https://lh3.googleusercontent.com/gps-cs-s/AHRPTWnpYxWFFMc9e0-oDdflVq0VjqhPZWbOj58rOLB1owPFlsnyJUBsByFDKnKuWN0kEAk2HRICszKpS5B5_X8CmZX_PTXbPW6OOhXO4k31oYDL3sBcjCDdIhqeBmddsZzg1beR2n0E7Q=w408-h306-k-no","/g/11trsgx7n9","en",,"25.8057902","-80.3285349",,,"Monday","9 AM to 5:30 PM","Tuesday","9 AM to 5:30 PM","Wednesday","9 AM to 5:30 PM","Thursday","9 AM to 5:30 PM","Friday","9 AM to 5:30 PM","Saturday","Closed","Sunday","Closed",,"false","(305) 317-1917","+13053171917","ChIJXWWN8Si52YgR5CMp-8HnIhg",,,,"33122",,"17",,"68","68","0","0","0","0","2026-10-05T10:22:56.795Z","https://www.google.com/maps/search/criminal%20defense%20lawyer/@25.807050348315908,-80.33262074192777,17z?hl=en","criminal defense lawyer",,"Florida","3403 NW 82nd Ave Suite 211",,"false","My 305 Attorneys, P.A.","5","https://www.google.com/maps/search/?api=1&query=My%20305%20Attorneys%2C%20P.A.&query_place_id=ChIJXWWN8Si52YgR5CMp-8HnIhg","false","https://www.my305attorneys.com/"
,,,,,,,,,,,,,,,,,,,,,,,,,,,,"3650 NW 82nd Ave Suite 505, Doral, FL 33166","16654960497917867010","Real estate attorney","Escrow service","Estate planning attorney","Real estate agent","Title company",,,,,,"Real estate attorney",,,"11439164874223320334","Doral","US",,,"https://lh3.googleusercontent.com/gps-cs-s/AHRPTWnqY9M7JbfGTMBMwfr3kaTaowSPGhg2p_9HQKJxOJCfmFYYqskgyNSmT7OwWgQTHApcXtwXvojCweXGNNmIg3kaAwz5qPg5CMmtqnNUhSX45uNgbbk2UbPI8_PexxT3UWd1w9n3sg=w408-h408-k-no","/g/1tksp4t1","en",,"25.8084226","-80.3300587",,,"Monday","9 AM to 5 PM","Tuesday","9 AM to 5 PM","Wednesday","9 AM to 5 PM","Thursday","9 AM to 5 PM","Friday","9 AM to 5 PM","Saturday","Closed","Sunday","Closed",,"false","(305) 567-2499","+13055672499","ChIJuVVY-Zu_2YgRDv00h9gTwJ4",,,,"33166",,"20",,"60","58","0","1","0","1","2026-10-05T10:22:56.795Z","https://www.google.com/maps/search/criminal%20defense%20lawyer/@25.807050348315908,-80.33262074192777,17z?hl=en","criminal defense lawyer",,"Florida","3650 NW 82nd Ave Suite 505",,"false","Gustavo A. Fernandez, PA","4.9","https://www.google.com/maps/search/?api=1&query=Gustavo%20A.%20Fernandez%2C%20PA&query_place_id=ChIJuVVY-Zu_2YgRDv00h9gTwJ4","false","https://www.gaf-law.com/?utm_source=google&utm_medium=wix_google_business_profile&utm_campaign=16654960497917867010"
,,,,,,,,,,,,,,,,,,,,,,,,,,,,"8725 NW 18th Terrace suite 313, Doral, FL 33172","5619100633875365224","Personal injury attorney","Law firm",,,,,,,,,"Personal injury attorney",,,"5505307937784207462","Doral","US",,,"https://lh3.googleusercontent.com/gps-cs-s/AHRPTWnH2THyb4YvNz1dZBoXcrSaFkBynoZG7gorjUTFQXe8P9LJVZXDjfV9pDwD-rQlyFoMZUTXDxtLaDCsaYTQqiSzGlnpL4x3nV-iX7GHG_GuiPRrItE39jxEF44YA9zmS28528pl=w408-h274-k-no","/g/11j4dq9ksf","en",,"25.7919036","-80.3378037",,,"Monday","9 AM to 5 PM","Tuesday","9 AM to 5 PM","Wednesday","9 AM to 5 PM","Thursday","9 AM to 5 PM","Friday","9 AM to 5 PM","Saturday","Closed","Sunday","Closed",,"false","(786) 530-4357","+17865304357","ChIJJ8MRgF232YgRZhjEqmbIZkw",,,,"33172",,"10",,"277","275","1","1","0","0","2026-10-05T10:23:01.196Z","https://www.google.com/maps/search/criminal%20defense%20lawyer/@25.79158527940378,-80.34120810515667,17z?hl=en","criminal defense lawyer",,"Florida","8725 NW 18th Terrace suite 313",,"false","Arias & Abbass Your Attorneys","5","https://www.google.com/maps/search/?api=1&query=Arias%20%26%20Abbass%20Your%20Attorneys&query_place_id=ChIJJ8MRgF232YgRZhjEqmbIZkw","false","https://talktomyattorneys.com/"
,,,,,,,,,,,,,,,,,,,,,,,,,,,,"8180 NW 36th St Ste 420, Miami, FL 33166","11914157809811744443","Criminal justice attorney","Civil law attorney","Personal injury attorney","Divorce lawyer","Elder law attorney","Family law attorney","Insurance attorney","Legal services","Trial attorney",,"Criminal justice attorney",,,"18227303023404074158","Miami","US",,,"https://lh3.googleusercontent.com/gps-cs-s/AHRPTWmUrZNwi3Qt9d5X0lJh_mohTJzlgJNPtJ9c9lFWEbGvVf1_YamtfuOOWuHaZYReKXFaRrOq7IKIHXFEhROH4vwi_c1kr_Z2DZ4rkUECfIl4m6dNZOd99L1961NEN-sxXWcEP-m5=w408-h272-k-no","/g/1tg9nyjx","en",,"25.809145","-80.328753",,,"Monday","8:30 AM to 5:30 PM","Tuesday","8:30 AM to 5:30 PM","Wednesday","8:30 AM to 5:30 PM","Thursday","8:30 AM to 5:30 PM","Friday","8:30 AM to 5:30 PM","Saturday","Closed","Sunday","Closed",,"false","(305) 245-9990","+13052459990","ChIJV4cl3f262YgRrkRnA4dj9Pw",,,,"33166",,"13",,"30","22","0","8","0","0","2026-10-05T10:23:04.554Z","https://www.google.com/maps/search/criminal%20defense%20lawyer/@25.807050348315908,-80.32403337869887,17z?hl=en","criminal defense lawyer",,"Florida","8180 NW 36th St Ste 420",,"false","Kaba Law Group, PLLC","3.9","https://www.google.com/maps/search/?api=1&query=Kaba%20Law%20Group%2C%20PLLC&query_place_id=ChIJV4cl3f262YgRrkRnA4dj9Pw","false","http://www.kabalaw.com/"
,,,,,,,,,,,,,,,,,,,,,,,,,,,,"7270 NW 12th St Ste 865, Miami, FL 33126","2445416235986130927","Immigration attorney","Attorney",,,,,,,,,"Immigration attorney",,,"13827992198926070271","Miami","US",,,"https://lh3.googleusercontent.com/gps-cs-s/AHRPTWmvmd1IslXvEdyHch5RAp2CMfGQm9iORhXAruK9568lzZevYdqWmIPKuhpqjvrxEEA-U-swpnf7aMzIWPOSho1vWhgMODoR1Fw8BOFgPGHWDGkJmaqaiIDv-Upeb7DMLLn6XB0=w408-h272-k-no","/g/11vlx4nfb6","en",,"25.7815916","-80.3142598",,,"Monday","9:30 AM to 5 PM","Tuesday","9:30 AM to 5 PM","Wednesday","9:30 AM to 5 PM","Thursday","9:30 AM to 5 PM","Friday","9:30 AM to 5 PM","Saturday","Closed","Sunday","Closed",,"false","(305) 677-9802","+13056779802","ChIJ88ph4eC52YgR_3HcHaTl5r8",,,,"33126",,"12",,"42","39","0","1","0","2","2026-10-05T10:23:05.974Z","https://www.google.com/maps/search/criminal%20defense%20lawyer/@25.783852744947716,-80.32403337869887,17z?hl=en","criminal defense lawyer",,"Florida","7270 NW 12th St Ste 865",,"false","Focil Legal Immigration Law","4.8","https://www.google.com/maps/search/?api=1&query=Focil%20Legal%20Immigration%20Law&query_place_id=ChIJ88ph4eC52YgR_3HcHaTl5r8","false","http://www.focillegal.com/immigration"
,,,,,,,,,,,,,,,,,,,,,,,,,,,,"3377 SW 3rd Ave, Miami, FL 33145","8807190942761695882","Attorney",,,,,,,,,,"Attorney",,,"16683591324479420139","Miami","US",,,"https://lh3.googleusercontent.com/grass-cs/ACvplmPmU81b-hwayXM-qugM4oNaXQWWRR45YzIs1UViqxZmZRMBjd_LlOKtG3V7KkOksvvZYmFNphq-g36q8V81W2jRRmRAnQB8yCFKoWU9Ufofya4_ugdLFuVZmTCIdWaosSMOT_fP=w426-h240-k-no","/g/1tg5cxnj","en",,"25.7504365","-80.2149573",,"Coral Way","Monday","9 AM to 5 PM","Tuesday","9 AM to 5 PM","Wednesday","9 AM to 5 PM","Thursday","9 AM to 5 PM","Friday","9 AM to 5 PM","Saturday","Closed","Sunday","Closed",,"false","(305) 648-2255","+13056482255","ChIJ2wuRhlu22YgR63ZiieoFiOc",,,,"33145",,"18",,"224","181","2","38","2","1","2026-10-05T10:23:12.009Z","https://www.google.com/maps/search/criminal%20defense%20lawyer/@25.72055720636742,-80.16080760167786,14z?hl=en","criminal defense lawyer",,"Florida","3377 SW 3rd Ave",,"false","The Bennett Law Center","4.3","https://www.google.com/maps/search/?api=1&query=The%20Bennett%20Law%20Center&query_place_id=ChIJ2wuRhlu22YgR63ZiieoFiOc","false","http://thebennettlawcenter.com/"
,,,,,,,,,,,,,,,,,,,,,,,,,,,,"66 W Flagler St 900, PMB 10168, Miami, FL 33130","7958659960995832343","Law firm",,,,,,,,,,"Law firm",,,"193934144523010593","Miami","US",,,"https://streetviewpixels-pa.googleapis.com/v1/thumbnail?panoid=DmGZW7a-TOcBLtP3-grPAw&cb_client=search.gws-prod.gps&w=408&h=240&yaw=165.19615&pitch=0&thumbfov=100","/g/11vyfg8k1t","en",,"25.7739191","-80.1949873",,"Government Center","Monday","Open 24 hours","Tuesday","Open 24 hours","Wednesday","Open 24 hours","Thursday","Open 24 hours","Friday","Open 24 hours","Saturday","Open 24 hours","Sunday","Open 24 hours",,"false","(954) 947-7147","+19549477147","ChIJLfXx80G32YgRIQIdshP-sAI",,,,"33130",,"38",,"80","80","0","0","0","0","2026-10-05T10:23:13.610Z","https://www.google.com/maps/search/drug%20crime%20lawyer/@25.782417199999998,-80.16080760167786,14z?hl=en","drug crime lawyer",,"Florida","66 W Flagler St 900, PMB 10168",,"false","Orr Legal PLLC","5","https://www.google.com/maps/search/?api=1&query=Orr%20Legal%20PLLC&query_place_id=ChIJLfXx80G32YgRIQIdshP-sAI","true","https://www.olflorida.com/"
,,,,,,,,,,,,,,,,,,,,,,,,,,,,"350 Lincoln Rd 2nd floor, Miami Beach, FL 33139","10465759053221045577","Law firm",,,,,,,,,,"Law firm",,,"12146586985882380129","Miami Beach","US",,,"https://lh3.googleusercontent.com/gps-cs-s/AHRPTWlg4TwLZZABHdszR5JV1GoPXpaATSZajy7gQC0Ea1xnnBgXRLkAsWX5n6yp_IbfmmekMVWZSqGfuoL_J431VpeqSy5bQoMU9QLvb89ea9iygNiYDgoX0EhsErIgLoRbMWIm6yZfU2Ts58Wu=w408-h544-k-no","/g/11vx38yk1_","en",,"25.7903484","-80.1316292",,"Flamingo / Lummus","Monday","Open 24 hours","Tuesday","Open 24 hours","Wednesday","Open 24 hours","Thursday","Open 24 hours","Friday","Open 24 hours","Saturday","Open 24 hours","Sunday","Open 24 hours",,"false","(305) 900-4653","+13059004653","ChIJvVpROcC12YgRYefmHoJYkag",,,,"33139",,"39",,"94","92","0","2","0","0","2026-10-05T10:23:13.610Z","https://www.google.com/maps/search/drug%20crime%20lawyer/@25.782417199999998,-80.16080760167786,14z?hl=en","drug crime lawyer",,"Florida","350 Lincoln Rd 2nd floor",,"false","Gold Law, PA","4.9","https://www.google.com/maps/search/?api=1&query=Gold%20Law%2C%20PA&query_place_id=ChIJvVpROcC12YgRYefmHoJYkag","true","http://www.chrisgoldlaw.com/"
,,,,,,,,,,,,,,,,,,,,,,,,,,,,"1555 NE 123rd St, North Miami, FL 33161","13276568123153821204","Attorney",,,,,,,,,,"Attorney",,,"121899563353913661","North Miami","US",,,"https://lh3.googleusercontent.com/grass-cs/ACvplmO_4m9gAszHg1OoJzMnLpoHCvOfUxM5SnSUDxy0DzV5JqsqiXl2pFWHj9HJ1Wd-Y7RwOS9Z1ITClHRLwkvIstqbHryjhw7pW1aUvypvUcbapCjrfVckI093WjnjiUFMzKbkWyMxwQ=w408-h306-k-no","/g/1tgfxf78","en",,"25.8894829","-80.1670643",,,"Monday","9 AM to 5 PM","Tuesday","9 AM to 5 PM","Wednesday","9 AM to 5 PM","Thursday","9 AM to 5 PM","Friday","9 AM to 5 PM","Saturday","Closed","Sunday","Closed",,"false","(305) 893-8989","+13058938989","ChIJYd9l0RWy2YgRPTn8ywETsQE",,,,"33161",,"18",,"21","18","0","1","2","0","2026-10-05T10:23:20.785Z","https://www.google.com/maps/search/drug%20crime%20lawyer/@25.890188877250964,-80.17272341791045,17z?hl=en","drug crime lawyer",,"Florida","1555 NE 123rd St",,"false","Tony Pornprinya Law Office","4.6","https://www.google.com/maps/search/?api=1&query=Tony%20Pornprinya%20Law%20Office&query_place_id=ChIJYd9l0RWy2YgRPTn8ywETsQE","false","http://www.deluxetitle.com/"
,,,,,,,,,,,,,,,,,,,,,,,,,,,,"16211 NE 18th Ave Ste 200, North Miami Beach, FL 33162","10684402605847002408","Attorney",,,,,,,,,,"Attorney",,,"2082548546944840478","North Miami Beach","US",,,"https://lh3.googleusercontent.com/grass-cs/ACvplmOAnToOkfXDLX-AXuyWivTUcNLf-rJUQjlBAZLWJDpgI2U_vkKgwVDqKUL9YYDH9qZ672-80chpgP8V3dPbuIm7mz-js_t7Fzf-ltYnorugM3RH_0CoQSxDToH7EGGQgPYHPQV1HlaHstre=w408-h272-k-no","/g/11bwqqqm5w","en",,"25.9251076","-80.1636627",,,"Monday","Open 24 hours","Tuesday","Open 24 hours","Wednesday","Open 24 hours","Thursday","Open 24 hours","Friday","Open 24 hours","Saturday","Open 24 hours","Sunday","Open 24 hours",,"false","(305) 577-7772","+13055777772","ChIJs56n5p222YgRHjMnoN6y5hw",,,,"33162",,"13",,"161","160","1","0","0","0","2026-10-05T10:23:29.897Z","https://www.google.com/maps/search/drug%20crime%20lawyer/@25.928826934123546,-80.15554528955238,17z?hl=en","drug crime lawyer",,"Florida","16211 NE 18th Ave Ste 200",,"false","Law Office of Aaron A. Karger, P.A.","5","https://www.google.com/maps/search/?api=1&query=Law%20Office%20of%20Aaron%20A.%20Karger%2C%20P.A.&query_place_id=ChIJs56n5p222YgRHjMnoN6y5hw","true","http://www.aak-law.com/"
,,,,,,,,,,,,,,,,,,,,,,,,,,,,"7900 Oak Ln #400, Miami Lakes, FL 33016","5624044760177944347","Attorney",,,,,,,,,,"Attorney",,,"14444521516780348291","Miami Lakes","US",,,"https://lh3.googleusercontent.com/grass-cs/ACvplmNigCBTwPM30cWIWgE8xtmhWQtMmgTWiq5fCTmzqShWvndaXql_uiZpGJSRpbd6-NQcoj0akjLOMRY2qPdSlsBa8-z-ECOMBsJTjuYY4-W2cUWK3e68vDAvX2PnV1HMGGP-Ndg=w408-h271-k-no","/g/1tdn4xh5","en",,"25.9081173","-80.3296995",,,"Monday","9 AM to 5 PM","Tuesday","9 AM to 5 PM","Wednesday","9 AM to 5 PM","Thursday","9 AM to 5 PM","Friday","9 AM to 5 PM","Saturday","Closed","Sunday","Closed",,"false","(305) 262-8226","+13052628226","ChIJmZE0GvO62YgRg-MtBso_dcg",,,,"33016",,"19",,"41","39","0","1","1","0","2026-10-05T10:23:51.980Z","https://www.google.com/maps/search/drug%20crime%20lawyer/@25.90564977683502,-80.33911275856923,16z?hl=en","drug crime lawyer",,"Florida","7900 Oak Ln #400",,"false","Rodriguez Law, P.L.","4.9","https://www.google.com/maps/search/?api=1&query=Rodriguez%20Law%2C%20P.L.&query_place_id=ChIJmZE0GvO62YgRg-MtBso_dcg","false","http://www.trustrlpl.com/"
,,,,,,,,,,,,,,,,,,,,,,,,,,,,"1 SE 3rd Ave #1670, Miami, FL 33131","14250805444316715312","Legal services","Investment service","Law firm","Attorney",,,,,,,"Legal services",,,"3436995694753238403","Miami","US",,,"https://lh3.googleusercontent.com/gps-cs-s/AHRPTWlWyVg7QlsZAK9fF0H9vHjn3e8-iHv85HcLPZeVkVD4zKOF2NTsydjv8YzMqWDMWUjAHNcvB552s8vUIJ1-_gAcsw4sO4bTSJ4EHDTZbMESM-skQJ5tZqG-dMkYVQwfxPLumr6s8rn2sJay=w426-h240-k-no","/g/11c6cd0vrk","en",,"25.773897","-80.1883347",,"Downtown Miami","Monday","Open 24 hours","Tuesday","Open 24 hours","Wednesday","Open 24 hours","Thursday","Open 24 hours","Friday","Open 24 hours","Saturday","Open 24 hours","Sunday","Open 24 hours",,"false","(888) 293-3445","+18882933445","ChIJscCm5p222YgRg01Q2F-psi8",,,,"33131",,"40",,"88","86","1","1","0","0","2026-10-05T10:24:05.812Z","https://www.google.com/maps/search/drug%20crime%20lawyer/@25.7739191,-80.1949873,14.85152820813918z?hl=en","drug crime lawyer",,"Florida","1 SE 3rd Ave #1670",,"false","Erez Law, PLLC","4.9","https://www.google.com/maps/search/?api=1&query=Erez%20Law%2C%20PLLC&query_place_id=ChIJscCm5p222YgRg01Q2F-psi8","true","https://www.erezlaw.com/?utm_source=google&utm_medium=organic&utm_campaign=gmb_miami"
,,,,,,,,,,,,,,,,,,,,,,,,,,,,"1395 Brickell Ave 8th Floor, Miami, FL 33131","16427999649338113994","Law firm","Business attorney","Civil law attorney","Attorney","Trial attorney",,,,,,"Law firm",,,"1865980949100723498","Miami","US",,,"https://lh3.googleusercontent.com/gps-cs-s/ANWiy9T71wUOrygGTd4MXEWT7NQKB_AdBM7r6TEvyadns7XdlgqJxcxMmQKa_oOCAOlBHQsuOaY5pd_VuyShDo94QgleQzHxlVh8XAw2t9_W5xSg6sEQoncB6ZTp77HMMsd8ysFtzCPh=w408-h466-k-no","/g/11b7ytkvzm","en",,"25.7605761","-80.1912556",,"Downtown Miami","Monday","9 AM to 5 PM","Tuesday","9 AM to 5 PM","Wednesday","9 AM to 5 PM","Thursday","9 AM to 5 PM","Friday","9 AM to 5 PM","Saturday","Closed","Sunday","Closed",,"false","(305) 699-5466","+13056995466","ChIJo9hkXaq22YgRKn3LbMlL5Rk",,,,"33131",,"44",,"105","104","1","0","0","0","2026-10-05T10:24:06.574Z","https://www.google.com/maps/search/drug%20crime%20lawyer/@25.7739191,-80.1949873,14.85152820813918z?hl=en","drug crime lawyer",,"Florida","1395 Brickell Ave 8th Floor",,"false","The Lions' Den, Attorneys at Law","5","https://www.google.com/maps/search/?api=1&query=The%20Lions'%20Den%2C%20Attorneys%20at%20Law&query_place_id=ChIJo9hkXaq22YgRKn3LbMlL5Rk","false","https://www.tldaal.com/"
,,,,,,,,,,,,,,,,,,,,,,,,,,,,"11077 Biscayne Blvd Ste 200, Miami, FL 33161","5709467093676860485","Attorney","Law firm","Legal services",,,,,,,,"Attorney",,,"6219996381050550031","Miami","US",,,"https://lh3.googleusercontent.com/gps-cs-s/ANWiy9R2FyM03TuBB-sP-V1CsYAmh6-u2upNANHMq_U4Z5XoX7mr9oMVjIUz-lHNdDDtuhX9cA8aVdM70eeWsziRexYh55Q-9AODxViwxEqoQaEzA2NO8loBS-7cgrt8ZdZDAbyGSVmsg-8bHoJt=w408-h306-k-no","/g/1td3gtzq","en",,"25.8778137","-80.1677774",,,"Monday","10 AM to 5 PM","Tuesday","10 AM to 5 PM","Wednesday","10 AM to 5 PM","Thursday","10 AM to 5 PM","Friday","10 AM to 4 PM","Saturday","Closed","Sunday","Closed",,"false","(305) 893-5644","+13058935644","ChIJ6_uKhxSy2YgRD7e77MDdUVY",,,,"33161",,"17",,"19","17","0","2","0","0","2026-10-05T10:24:23.718Z","https://www.google.com/maps/search/drug%20crime%20lawyer/@25.872004076646146,-80.14867906393725,16z?hl=en","drug crime lawyer",,"Florida","11077 Biscayne Blvd Ste 200",,"false","The Law Office of Allen Jacobi | Entertainment Lawyer Miami","4.6","https://www.google.com/maps/search/?api=1&query=The%20Law%20Office%20of%20Allen%20Jacobi%20%7C%20Entertainment%20Lawyer%20Miami&query_place_id=ChIJ6_uKhxSy2YgRD7e77MDdUVY","false","https://www.allenjacobilaw.com/"
,,,,,,,,,,,,,,,,,,,,,,,,,,,,"7685 SW 104th St Ste 200, Miami, FL 33156","13844019874773001692","Attorney",,,,,,,,,,"Attorney",,,"13244180827117878343","Miami","US",,,"https://streetviewpixels-pa.googleapis.com/v1/thumbnail?panoid=paJHMoT7z27kerAuuj24yw&cb_client=search.gws-prod.grass&w=408&h=240&yaw=347.91846&pitch=0&thumbfov=100","/g/1vtqwxkl","en",,"25.674069","-80.3196954",,,"Monday","9 AM to 5 PM","Tuesday","9 AM to 5 PM","Wednesday","9 AM to 5 PM","Thursday","9 AM to 5 PM","Friday","9 AM to 5 PM","Saturday","Closed","Sunday","Closed",,"false","(305) 670-7700","+13056707700","ChIJH7C37arH2YgRR3xmpUrIzLc",,,,"33156",,"8",,"22","21","0","0","1","0","2026-10-05T10:24:30.093Z","https://www.google.com/maps/search/drug%20crime%20lawyer/@25.66811926039401,-80.31525612562469,17z?hl=en","drug crime lawyer",,"Florida","7685 SW 104th St Ste 200",,"false","Jeffrey Feiler PA","4.9","https://www.google.com/maps/search/?api=1&query=Jeffrey%20Feiler%20PA&query_place_id=ChIJH7C37arH2YgRR3xmpUrIzLc","false","http://www.jeffreyfeiler.com/"
,,,,,,,,,,,,,,,,,,,,,,,,,,,,"9100 S Dadeland Blvd Ste 1702, Miami, FL 33156","15582688912479682843","Attorney","Criminal justice attorney",,,,,,,,,"Attorney",,,"14728470171015075675","Miami","US",,,"https://streetviewpixels-pa.googleapis.com/v1/thumbnail?panoid=4RIIoFCyl9zPckCxE0EmwQ&cb_client=search.gws-prod.gps&w=408&h=240&yaw=47.03796&pitch=0&thumbfov=100","/g/1tmklsjc","en",,"25.6852013","-80.3141728",,,"Monday","9 AM to 5 PM","Tuesday","9 AM to 5 PM","Wednesday","9 AM to 5 PM","Thursday","9 AM to 5 PM","Friday","9 AM to 5 PM","Saturday","Closed","Sunday","Closed",,"false","(305) 284-8000","+13052848000","ChIJacnS5qXH2YgRW1dK9JUJZsw",,,,"33156",,"6",,"28","27","0","1","0","0","2026-10-05T10:24:30.819Z","https://www.google.com/maps/search/drug%20crime%20lawyer/@25.68360261881794,-80.30666966151745,17z?hl=en","drug crime lawyer",,"Florida","9100 S Dadeland Blvd Ste 1702",,"false","Law Office of Peter S. Heller, P.A.","4.9","https://www.google.com/maps/search/?api=1&query=Law%20Office%20of%20Peter%20S.%20Heller%2C%20P.A.&query_place_id=ChIJacnS5qXH2YgRW1dK9JUJZsw","false","https://rymap.org/business/law-office-of-peter-s-heller-pa-tphkh0"
,,,,,,,,,,,,,,"Monday","8 AM–6 PM","Tuesday","8 AM–6 PM","Wednesday","8 AM–6 PM","Thursday","8 AM–6 PM","Friday","8 AM–6 PM","Saturday","8 AM–6 PM","Sunday","11 AM–5 PM","1160 NW 163rd Dr, Miami Gardens, FL 33169","6581389210186492148","Real estate attorney","Civil law attorney","Legal services",,,,,,,,"Real estate attorney",,,"5709246370568850708","Miami Gardens","US",,,"https://lh3.googleusercontent.com/grass-cs/ACvplmMVay83LdWK0vDewIW0ttIvX3DukTca_bcXeMYA_Nm-XcCrYOWQU43VZ_agfkFbVj-qM3lSuE7xPwbFNWZnRm0X8bCxNGFx2aeqnkcz7GZ5ywl3N9uiB83UKQXoa3s8SSYs1xztobCEUmKd=w408-h520-k-no","/g/11z1jkl6vr","en",,"25.9226303","-80.2192554",,,"Monday","8 AM to 7 PM","Tuesday","8 AM to 7 PM","Wednesday","8 AM to 7 PM","Thursday","8 AM to 7 PM","Friday","8 AM to 7 PM","Saturday","9 AM to 2 PM","Sunday","Closed",,"false","(305) 396-1495","+13053961495","ChIJv_sRVLoB2YgRFM3xPFNRO08",,,,"33169",,"17",,"35","35","0","0","0","0","2026-10-05T10:24:42.744Z","https://www.google.com/maps/search/drug%20crime%20lawyer/@25.917473291779096,-80.22842702703007,17z?hl=en","drug crime lawyer",,"Florida","1160 NW 163rd Dr",,"false","The Code Clinic, PLLC","5","https://www.google.com/maps/search/?api=1&query=The%20Code%20Clinic%2C%20PLLC&query_place_id=ChIJv_sRVLoB2YgRFM3xPFNRO08","false","https://www.thecodeclinicpa.com/"
,,,,,,,,,,,,,,,,,,,,,,,,,,,,"2665 S Bayshore Dr Ste PH2B, Miami, FL 33133","7084903358410736870","Attorney","Law firm",,,,,,,,,"Attorney",,,"3402237157336042274","Miami","US",,,"https://lh3.googleusercontent.com/grass-cs/ACvplmPd8Tm4uBC6kAOj36xupQKJ9DeGL6gyIckad-7YGkW67EFuP3hiWqnhpQBAGaLSvx6fWiCl6cfFjwMu82iv_5UDliRt0lvjRLiE6CS118mWCQCXMxDpQX77CQyHKJS7OtPEB3wd=w427-h240-k-no","/g/1hc6sl1vd","en",,"25.7312315","-80.2367929",,"Coconut Grove","Monday","Open 24 hours","Tuesday","Open 24 hours","Wednesday","Open 24 hours","Thursday","Open 24 hours","Friday","Open 24 hours","Saturday","Closed","Sunday","Closed",,"false","(305) 402-9050","+13054029050","ChIJpabLhcu32YgRIkumNKssNy8",,,,"33133",,"33",,"42","39","1","2","0","0","2026-10-05T10:24:45.188Z","https://www.google.com/maps/search/drug%20crime%20lawyer/@25.752783733834722,-80.28278703210081,14z?hl=en","drug crime lawyer",,"Florida","2665 S Bayshore Dr Ste PH2B",,"false","Levin Law P.A.","4.8","https://www.google.com/maps/search/?api=1&query=Levin%20Law%20P.A.&query_place_id=ChIJpabLhcu32YgRIkumNKssNy8","true","https://www.levinlawpa.com/?utm_source=google&utm_medium=organic&utm_campaign=gmb-link&utm_content=miami"
,,,,,,,,,,,,,,,,,,,,,,,,,,,,"6790 Coral Wy 3rd floor, Miami, FL 33155","9500655787963922321","Criminal justice attorney","Attorney",,,,,,,,,"Criminal justice attorney",,,"12446967987636395077","Miami","US",,,"https://lh3.googleusercontent.com/gps-cs-s/AHRPTWmMEaUL6HM21y5zTWivJ73WbYVPhIf-YaEJXVD9uceRznBuOReDK1Va_8ARhyASAo5oNep-Wdh8RrqN-LXvILaslQIuRmPaGepE1CQnv7vX1d8bAnLfn1xpaZJLHy_jaTK2iQlV8g=w408-h240-k-no-pi-0-ya62.589996-ro-0-fo100","/g/1td_ch5v","en",,"25.7478293","-80.3053526",,,"Monday","9 AM to 5 PM","Tuesday","9 AM to 5 PM","Wednesday","9 AM to 5 PM","Thursday","9 AM to 5 PM","Friday","9 AM to 5 PM","Saturday","Closed","Sunday","Closed",,"false","(305) 545-5282","+13055455282","ChIJHcaIOcO22YgRRdy5GXCDvKw",,,,"33155",,"17",,"6","6","0","0","0","0","2026-10-05T10:25:34.184Z","https://www.google.com/maps/search/drug%20crime%20lawyer/@25.754584571244767,-80.2989824623286,17z?hl=en","drug crime lawyer",,"Florida","6790 Coral Wy 3rd floor",,"false","Law Offices of Francisco A Marty P.A.","5","https://www.google.com/maps/search/?api=1&query=Law%20Offices%20of%20Francisco%20A%20Marty%20P.A.&query_place_id=ChIJHcaIOcO22YgRRdy5GXCDvKw","false","http://criminaldefenseattorneys.miami/"
,,,,,,,,,,,,,,,,,,,,,,,,,,,,"19495 Biscayne Blvd Ste 607, Aventura, FL 33180","2198372921651278715","Law firm",,,,,,,,,,"Law firm",,,"917934777633885277","Aventura","US",,,"https://streetviewpixels-pa.googleapis.com/v1/thumbnail?panoid=9VuhCBx-qsOJIlhv2TiWxA&cb_client=search.gws-prod.gps&w=408&h=240&yaw=317.0976&pitch=0&thumbfov=100","/g/1pp2vgbsx","en",,"25.9561645","-80.1463132",,,"Monday","Open 24 hours","Tuesday","Open 24 hours","Wednesday","Open 24 hours","Thursday","Open 24 hours","Friday","Open 24 hours","Saturday","Closed","Sunday","Closed",,"false","(305) 912-3000","+13059123000","ChIJHSzZjp222YgRXUzYG9EovQw",,,,"33180",,"17",,"32","31","0","1","0","0","2026-10-05T10:25:44.628Z","https://www.google.com/maps/search/drug%20crime%20lawyer/@25.956932491038742,-80.14427311404015,17z?hl=en","drug crime lawyer",,"Florida","19495 Biscayne Blvd Ste 607",,"false","Sonn Law Group PA","4.9","https://www.google.com/maps/search/?api=1&query=Sonn%20Law%20Group%20PA&query_place_id=ChIJHSzZjp222YgRXUzYG9EovQw","true","https://www.sonnlaw.com/?utm_source=Google&utm_medium=Organic&utm_campaign=GMB"
